step,loss,opd_loss,grad_norm,entropy,student_entropy,teacher_entropy,opd_topk_overlap,opd_loss_tokens,opd_response_tokens,opd_route_id,opd_veto_beta
1,0.2857,0.2851564884185791,33.6917948137821,0.2874038815498352,0.6761607527732849,2.798790216445923,0.6154296398162842,64.0,64.0,2.0,1.0
2,0.0856,0.07998533546924591,3.0256167336800512,0.5463772416114807,0.7095062136650085,0.7298383116722107,0.7861979007720947,24.0,24.0,3.0,0.998
3,0.5256,0.25514328479766846,47.08484173453642,0.14486461877822876,0.583122193813324,5.264249324798584,0.41015625,24.0,24.0,4.0,0.996
4,0.0758,0.09845459461212158,13.720589634762467,0.30536264181137085,0.6125020980834961,2.7229340076446533,0.6940430402755737,64.0,64.0,1.0,0.994
5,0.1806,0.14606623351573944,49.717410698142395,0.32770758867263794,0.7609519958496094,5.108213424682617,0.47187501192092896,52.0,52.0,4.0,0.992
6,0.2702,0.20574286580085754,48.710819915287765,0.151516854763031,0.5723514556884766,5.00898551940918,0.453125,24.0,24.0,4.0,0.99
7,0.2855,0.19909459352493286,48.5711604484679,0.1619216501712799,0.5716140270233154,4.921826362609863,0.4528645873069763,24.0,24.0,4.0,0.988
8,0.2315,0.11019937694072723,43.911160650530846,0.3277410864830017,0.7091089487075806,5.012112617492676,0.49980467557907104,64.0,64.0,4.0,0.986
9,0.181,0.20136061310768127,50.46170566110475,0.23191353678703308,0.6014106273651123,4.360076427459717,0.5098958015441895,24.0,24.0,4.0,0.984
10,0.2123,0.21878895163536072,52.363361395784416,0.16036784648895264,0.5818154811859131,4.965925216674805,0.4479166567325592,24.0,24.0,4.0,0.982
11,0.068,0.06622527539730072,2.3006458115145203,0.4963492453098297,0.6366904973983765,0.6974822282791138,0.7762500047683716,25.0,25.0,1.0,0.98
12,0.4912,0.23923707008361816,41.25379635664215,0.13435105979442596,0.5351347327232361,5.130307197570801,0.42109376192092896,24.0,24.0,4.0,0.978
13,0.4474,0.814586877822876,39.14621939216072,0.06635437905788422,0.3607073128223419,2.263089179992676,0.48000001907348633,5.0,5.0,4.0,0.976
14,0.0784,0.07149721682071686,2.345743050984862,0.534563422203064,0.689508318901062,0.7081637382507324,0.7914062738418579,24.0,24.0,3.0,0.974
15,0.0766,0.0888194814324379,7.2049800311892325,0.5431972742080688,0.7046873569488525,0.7698226571083069,0.7870000600814819,25.0,25.0,3.0,0.972
16,0.0708,0.0689353346824646,2.1704706322934073,0.5557637214660645,0.701029896736145,0.7531250715255737,0.7723958492279053,24.0,24.0,1.0,0.97
17,0.2705,0.2776672840118408,29.24386236549563,0.28560370206832886,0.6448505520820618,2.7900924682617188,0.6375976800918579,64.0,64.0,2.0,0.968
18,0.0743,0.07121852785348892,6.408644887221434,0.5023343563079834,0.6601417064666748,0.926929771900177,0.7723958492279053,24.0,24.0,0.0,0.966
19,0.2376,0.16426512598991394,28.730464677688058,0.26287445425987244,0.6116551756858826,2.784226417541504,0.602343738079071,64.0,64.0,2.0,0.964
20,0.0647,0.06378617137670517,4.59504755412954,0.5711550712585449,0.693761944770813,0.7498023509979248,0.7776042222976685,24.0,24.0,1.0,0.962
21,0.1407,0.17072339355945587,25.443230040037886,0.09137757122516632,0.36879831552505493,5.195529460906982,0.44218751788139343,24.0,24.0,4.0,0.96
22,0.2361,0.09810610115528107,21.51235276514803,0.1709241420030594,0.4170222878456116,5.427694320678711,0.4263319671154022,61.0,61.0,4.0,0.958
23,0.0732,0.07587622106075287,3.2222622517735355,0.5206791758537292,0.6847174167633057,0.7326656579971313,0.7911458015441895,24.0,24.0,3.0,0.956
24,0.071,0.06740383803844452,7.185613117168044,0.6019513607025146,0.7451239824295044,0.7601906061172485,0.7893229126930237,24.0,24.0,3.0,0.954
25,0.0669,0.06041024997830391,2.810229927370736,0.5406618118286133,0.6657662391662598,0.7204597592353821,0.7953125238418579,24.0,24.0,0.0,0.952
26,0.2997,0.15227030217647552,16.580985932589396,0.12115934491157532,0.34026312828063965,5.033907890319824,0.45364582538604736,24.0,24.0,4.0,0.95
27,0.0685,0.06424765288829803,2.0080520537388913,0.5427858829498291,0.6840790510177612,0.7403843402862549,0.7809895873069763,24.0,24.0,3.0,0.948
28,0.2572,0.3416157364845276,9.278104643762308,0.38346272706985474,0.5628081560134888,1.7058296203613281,0.7469726800918579,64.0,64.0,2.0,0.946
29,0.4158,0.15759015083312988,16.488354495728025,0.1004360169172287,0.20351892709732056,5.039441108703613,0.4229166805744171,24.0,24.0,4.0,0.944
30,0.0671,0.06386297196149826,1.8954786958433938,0.5288225412368774,0.6494631171226501,0.9842713475227356,0.765625,24.0,24.0,3.0,0.942
31,0.0635,0.07161349058151245,1.8625630017238204,0.5012941360473633,0.6441999673843384,0.8004626035690308,0.7757812738418579,24.0,24.0,3.0,0.94
32,0.1815,0.05141977593302727,7.247608129631423,0.07504894584417343,0.13783720135688782,5.095648288726807,0.4027343988418579,64.0,64.0,4.0,0.938
33,0.0684,0.07625354826450348,1.7501671989994698,0.5334663391113281,0.659590482711792,0.9502301216125488,0.7726562023162842,24.0,24.0,0.0,0.9359999999999999
34,0.0717,0.07133903354406357,2.762428285161915,0.5460830926895142,0.6796703934669495,0.7258483171463013,0.7872396111488342,24.0,24.0,3.0,0.9339999999999999
35,0.0586,0.06513644754886627,1.6138895498629624,0.616453230381012,0.7419707775115967,0.7833582162857056,0.7817708253860474,24.0,24.0,1.0,0.9319999999999999
36,0.2332,0.15148937702178955,8.0693775123824,0.05876681208610535,0.12708765268325806,5.163820743560791,0.41607141494750977,21.0,21.0,4.0,0.9299999999999999
37,0.1704,0.12856949865818024,6.349673501506145,0.09027720987796783,0.15072974562644958,5.058704853057861,0.43411457538604736,24.0,24.0,4.0,0.928
38,0.2543,0.265104204416275,10.189149402838952,0.44949623942375183,0.620484471321106,1.7138903141021729,0.7349609732627869,64.0,64.0,2.0,0.926
39,0.1031,0.1140395998954773,4.048586605742877,0.0848674550652504,0.1325768083333969,4.943124771118164,0.4507812261581421,24.0,24.0,4.0,0.924
40,0.3696,0.07246754318475723,13.638223211327285,0.0593750886619091,0.08909150958061218,5.320084095001221,0.3577868938446045,61.0,61.0,4.0,0.922
41,0.0514,0.061939727514982224,1.3720653258344049,0.5512751340866089,0.6554213762283325,0.7606644034385681,0.7723958492279053,24.0,24.0,1.0,0.92
42,0.0626,0.0703553855419159,1.628841629613617,0.3503384590148926,0.4385527968406677,1.9957046508789062,0.7038461565971375,39.0,39.0,3.0,0.918
43,0.0508,0.050029456615448,1.349207999974662,0.5906424522399902,0.6842974424362183,0.7821664810180664,0.7859375476837158,24.0,24.0,1.0,0.916
44,0.0568,0.06171157956123352,1.4156404339002122,0.5238510370254517,0.6249576807022095,0.7218069434165955,0.7864583730697632,24.0,24.0,3.0,0.914
45,0.2186,0.20423467457294464,6.253892581184153,0.3467269539833069,0.48849958181381226,1.6340250968933105,0.7339844107627869,64.0,64.0,2.0,0.912
46,0.0558,0.059700917452573776,1.4491065774642422,0.5742093920707703,0.663716197013855,0.745383620262146,0.7875000238418579,24.0,24.0,1.0,0.91
47,0.0536,0.050819456577301025,1.3579147920611772,0.5445823669433594,0.6334018707275391,0.7764772176742554,0.7713541984558105,24.0,24.0,1.0,0.908
48,0.0519,0.06057961285114288,1.5090671516985845,0.5452350378036499,0.6402863264083862,0.757274329662323,0.7867187261581421,24.0,24.0,1.0,0.906
49,0.1469,0.09234898537397385,5.695421389499259,0.07981719076633453,0.14462821185588837,4.969568729400635,0.37578126788139343,24.0,24.0,4.0,0.904
50,0.0578,0.07223933935165405,1.6050582489975305,0.537537693977356,0.6214030981063843,0.9905604124069214,0.75,24.0,24.0,0.0,0.902
51,0.0559,0.05621654912829399,1.5368613478509874,0.49231088161468506,0.5956352949142456,0.7145423889160156,0.7757812738418579,24.0,24.0,3.0,0.9
52,0.0665,0.06466075032949448,2.6830874732234182,0.04174131900072098,0.09714548289775848,5.1534037590026855,0.35468748211860657,24.0,24.0,4.0,0.898
53,0.0463,0.05894938111305237,1.344982814201972,0.4756110906600952,0.5541434288024902,0.7364431619644165,0.7898437976837158,24.0,24.0,0.0,0.896
54,0.191,0.17607465386390686,3.737945028514209,0.3875606656074524,0.5756475329399109,1.6354037523269653,0.7427734136581421,64.0,64.0,2.0,0.894
55,0.0599,0.08475767076015472,2.3332158410388377,0.11099942028522491,0.18885180354118347,4.7155046463012695,0.38671875,24.0,24.0,4.0,0.892
56,0.0512,0.047684237360954285,1.5269404696313587,0.47748473286628723,0.5463592410087585,0.7169747352600098,0.7825520634651184,24.0,24.0,3.0,0.89
57,0.0958,0.0828336775302887,4.199829940134812,0.08105102926492691,0.15195436775684357,5.0050249099731445,0.34036457538604736,24.0,24.0,4.0,0.888
58,0.0443,0.047196097671985626,1.4105071074829527,0.5029309391975403,0.5654014348983765,0.9836106300354004,0.7442708015441895,24.0,24.0,1.0,0.886
59,0.0338,0.06144586578011513,1.1189364112154812,0.48607107996940613,0.5657007098197937,0.9350799918174744,0.7627604007720947,24.0,24.0,0.0,0.884
60,0.0555,0.029445040971040726,2.8029368753810524,0.039641641080379486,0.09865265339612961,5.144678592681885,0.3125,24.0,24.0,4.0,0.882
61,0.0507,0.048124585300683975,1.441782649962605,0.5044310688972473,0.582881510257721,0.724204421043396,0.7882813215255737,24.0,24.0,3.0,0.88
62,0.0439,0.04374825581908226,1.519782058117803,0.35377922654151917,0.4188171625137329,1.6662862300872803,0.6615234613418579,32.0,32.0,0.0,0.878
63,0.0491,0.020842939615249634,1.5826582089657444,0.18615204095840454,0.22192400693893433,3.0062575340270996,0.5508788824081421,64.0,64.0,3.0,0.876
64,0.0354,0.028297048062086105,1.552799928368265,0.049720652401447296,0.122158944606781,4.695623397827148,0.3346354067325592,24.0,24.0,4.0,0.874
65,0.0409,0.041411809623241425,1.2678946234741884,0.49230074882507324,0.5549986958503723,0.7419190406799316,0.78515625,24.0,24.0,0.0,0.872
66,0.0457,0.028367524966597557,1.6876337196321058,0.20869958400726318,0.25353214144706726,2.7301740646362305,0.571484386920929,64.0,64.0,0.0,0.87
67,0.0358,0.033823467791080475,1.2840924704952872,0.5230388641357422,0.5687006711959839,0.7745717763900757,0.7770833373069763,24.0,24.0,1.0,0.868
68,0.0359,0.030219566076993942,1.1966772510005497,0.24427422881126404,0.29096823930740356,2.7371230125427246,0.5748046636581421,64.0,64.0,0.0,0.866
69,0.0381,0.05456257984042168,1.2851012297800142,0.45851337909698486,0.5292695760726929,0.7169507741928101,0.7906249761581421,24.0,24.0,3.0,0.864
70,0.0139,0.014974871650338173,1.0770291558393095,0.06014320254325867,0.10661899298429489,4.791595458984375,0.33385419845581055,24.0,24.0,4.0,0.862
71,0.0212,0.01528320461511612,1.4065866005917884,0.07528790086507797,0.10418865084648132,4.866158962249756,0.3060547113418579,64.0,64.0,4.0,0.86
72,0.045,0.057146746665239334,1.5093407461934054,0.572701096534729,0.6239525079727173,0.793543815612793,0.7838541269302368,24.0,24.0,3.0,0.858
73,0.0373,0.023980937898159027,1.4096027160754745,0.20384758710861206,0.2366287112236023,2.9854378700256348,0.555468738079071,64.0,64.0,3.0,0.856
74,0.0138,0.010102896019816399,0.7976886806228317,0.10344124585390091,0.12028004229068756,4.289397239685059,0.37838542461395264,24.0,24.0,4.0,0.854
75,0.1798,0.1642085462808609,2.661367811691399,0.33622029423713684,0.46625465154647827,2.286785364151001,0.6324218511581421,64.0,64.0,2.0,0.852
76,0.0378,0.019757596775889397,1.372470123210094,0.18765151500701904,0.2149534374475479,3.005192279815674,0.531933605670929,64.0,64.0,0.0,0.85
77,0.0326,0.045679330825805664,1.1395990081696878,0.4572162926197052,0.5114060640335083,0.9195861220359802,0.7528645992279053,24.0,24.0,0.0,0.848
78,0.0411,0.04038141667842865,1.4998636955796656,0.47715693712234497,0.5267285108566284,0.713852047920227,0.7729166746139526,24.0,24.0,0.0,0.846
79,0.0439,0.04878862947225571,1.699710218711056,0.5003482699394226,0.5474647879600525,0.7803661823272705,0.7807291746139526,24.0,24.0,3.0,0.844
80,0.04,0.04644358903169632,1.3507704494181056,0.4458634853363037,0.5124459862709045,0.7869870662689209,0.7734375,24.0,24.0,3.0,0.842
81,0.04,0.05151927471160889,1.4061469780849196,0.49537718296051025,0.547185480594635,0.856937050819397,0.7682291865348816,24.0,24.0,3.0,0.84
82,0.0397,0.04115467146039009,1.7776727802969663,0.42295384407043457,0.47763991355895996,0.9476821422576904,0.7335937023162842,24.0,24.0,0.0,0.838
83,0.212,0.21696805953979492,2.8281435098854795,0.5732061266899109,0.7220195531845093,1.4846900701522827,0.7816406488418579,64.0,64.0,2.0,0.836
84,0.0088,0.007195916026830673,0.571104491120214,0.10048950463533401,0.1155918687582016,4.964348793029785,0.3151041865348816,24.0,24.0,4.0,0.834
85,0.0358,0.039921052753925323,1.3396493714256363,0.4776167869567871,0.5269489288330078,0.7551581263542175,0.7705729007720947,24.0,24.0,1.0,0.832
86,0.0143,0.012079793959856033,0.54927777022627,0.04266783222556114,0.06480623781681061,5.31575870513916,0.2696289122104645,64.0,64.0,4.0,0.83
87,0.01,0.01332029327750206,0.3582315346574833,0.0516044944524765,0.06627777963876724,5.1685614585876465,0.28789064288139343,64.0,64.0,4.0,0.8280000000000001
88,0.0092,0.007396418135613203,0.3783957350156337,0.0386899933218956,0.052390873432159424,4.701574325561523,0.3343749940395355,22.0,22.0,4.0,0.8260000000000001
89,0.011,0.015151984989643097,0.6004985248848543,0.05241548642516136,0.07280141860246658,5.411166191101074,0.2720703184604645,64.0,64.0,4.0,0.8240000000000001
90,0.0094,0.003662390634417534,0.6221002772498982,0.06674905866384506,0.07726360112428665,4.742753982543945,0.34184783697128296,23.0,23.0,4.0,0.8220000000000001
91,0.2105,0.2165987193584442,2.264442837360891,0.5541077852249146,0.7108603715896606,1.5879215002059937,0.7749999761581421,64.0,64.0,2.0,0.8200000000000001
92,0.0084,0.007811915595084429,0.48405256023832,0.05851214751601219,0.07789883017539978,4.56458854675293,0.34843751788139343,24.0,24.0,4.0,0.8180000000000001
93,0.0308,0.025228608399629593,1.4410990106597839,0.48777127265930176,0.5236886739730835,0.7423630356788635,0.778124988079071,24.0,24.0,0.0,0.8160000000000001
94,0.009,0.005456635262817144,0.4461076882115149,0.031715430319309235,0.04284703731536865,5.155335426330566,0.27607423067092896,64.0,64.0,4.0,0.8140000000000001
95,0.0359,0.03341544046998024,1.731859706384796,0.2223384529352188,0.2567818760871887,2.73858642578125,0.5744140148162842,64.0,64.0,0.0,0.812
96,0.0305,0.03403475135564804,1.117692297181906,0.4412389099597931,0.4808533787727356,0.9327021241188049,0.7502604126930237,24.0,24.0,0.0,0.81
97,0.008,0.0035016934853047132,0.41657633556387796,0.0613379031419754,0.07016542553901672,4.606056213378906,0.3460937738418579,24.0,24.0,4.0,0.808
98,0.0303,0.028986791148781776,1.6349247879497342,0.23542538285255432,0.2654899060726166,2.746337413787842,0.562207043170929,64.0,64.0,0.0,0.806
99,0.0421,0.03637075796723366,1.499060503989487,0.47808659076690674,0.5260583162307739,0.6800994873046875,0.7916666865348816,24.0,24.0,0.0,0.804
100,0.0348,0.03985544666647911,1.3397619457921068,0.5147470831871033,0.560554027557373,0.8073193430900574,0.7755208015441895,24.0,24.0,1.0,0.802
101,0.1959,0.17748898267745972,2.092190820680129,0.5658798217773438,0.7280265092849731,1.9146937131881714,0.724609375,64.0,64.0,2.0,0.8
102,0.0361,0.023111490532755852,1.3891985474794557,0.21496331691741943,0.24511735141277313,3.018657684326172,0.5499023199081421,64.0,64.0,3.0,0.798
103,0.0307,0.034855909645557404,1.2693832926734887,0.4501435160636902,0.47622019052505493,0.7508759498596191,0.7768229246139526,24.0,24.0,1.0,0.796
104,0.0057,0.010549685917794704,0.5514208862381761,0.052443984895944595,0.06878556311130524,4.964434623718262,0.2894531488418579,64.0,64.0,4.0,0.794
105,0.0346,0.04461899399757385,1.5143496121467463,0.4946853816509247,0.534900963306427,0.7420377135276794,0.7817708253860474,24.0,24.0,3.0,0.792
106,0.0069,0.010499426163733006,0.5984830395891202,0.06089802458882332,0.07824327051639557,5.395175457000732,0.27099609375,64.0,64.0,4.0,0.79
107,0.1955,0.21371786296367645,2.0198834730606463,0.5300390720367432,0.7475131750106812,1.60640549659729,0.73681640625,64.0,64.0,2.0,0.788
108,0.0083,0.011745129711925983,0.3891826756177154,0.05104692280292511,0.07158856093883514,5.208619594573975,0.27617186307907104,64.0,64.0,4.0,0.786
109,0.193,0.21481168270111084,1.9694934508463164,0.6413315534591675,0.8726750612258911,1.3639472723007202,0.81103515625,64.0,64.0,2.0,0.784
110,0.0131,0.007517164573073387,1.2116013733496391,0.07964763045310974,0.09008124470710754,4.354015350341797,0.37968748807907104,24.0,24.0,4.0,0.782
111,0.2237,0.20233243703842163,2.0820573629225625,0.6736829876899719,0.8825135231018066,1.2207202911376953,0.8199219107627869,64.0,64.0,2.0,0.78
112,0.0327,0.017169032245874405,1.2382082412005713,0.2313258945941925,0.25464940071105957,2.8141286373138428,0.552929699420929,64.0,64.0,0.0,0.778
113,0.0098,0.015893904492259026,0.8803944191343429,0.2292655110359192,0.23873139917850494,3.553508996963501,0.4723958373069763,24.0,24.0,4.0,0.776
114,0.0063,0.005253029987215996,0.46000294400948355,0.14427611231803894,0.15204447507858276,4.046911239624023,0.4036458432674408,24.0,24.0,4.0,0.774
115,0.0042,0.00623149611055851,0.412571571897774,0.04331110417842865,0.051050107926130295,4.967597484588623,0.3086956739425659,23.0,23.0,4.0,0.772
116,0.0063,0.0014988337643444538,0.4280262784987704,0.047309745103120804,0.051582545042037964,4.857481002807617,0.3166666626930237,24.0,24.0,4.0,0.77
117,0.0301,0.033630188554525375,1.3800504328301393,0.5344191193580627,0.5600163340568542,0.796051025390625,0.7786458134651184,24.0,24.0,0.0,0.768
118,0.0062,0.0022537189070135355,0.4321093676513332,0.04477272555232048,0.04860710725188255,4.449519157409668,0.3479166626930237,24.0,24.0,4.0,0.766
119,0.0336,0.03896505758166313,1.2807652458537961,0.49360695481300354,0.5130321979522705,0.7537535429000854,0.7700520753860474,24.0,24.0,0.0,0.764
120,0.039,0.036921657621860504,1.642274593390306,0.5381343364715576,0.5621466636657715,0.7555598020553589,0.7796875238418579,24.0,24.0,1.0,0.762
121,0.0345,0.03877114877104759,1.3122259536438468,0.566361665725708,0.5915502309799194,0.7958915829658508,0.7833333015441895,24.0,24.0,0.0,0.76
122,0.1884,0.2445119321346283,1.8198054621105682,0.6492358446121216,0.8909284472465515,1.3349838256835938,0.7896484136581421,64.0,64.0,2.0,0.758
123,0.0076,0.003245735075324774,0.37889449245475,0.05446286499500275,0.05916093289852142,5.075714111328125,0.3018229007720947,24.0,24.0,4.0,0.756
124,0.0057,0.002648094203323126,0.36519912848761066,0.01161823607981205,0.018001075834035873,3.822274923324585,0.4096153974533081,13.0,13.0,4.0,0.754
125,0.1942,0.16862748563289642,2.120368940426175,0.5200030207633972,0.6861231327056885,1.7637481689453125,0.712207019329071,64.0,64.0,2.0,0.752
126,0.0377,0.04680349677801132,1.5030832903831302,0.4535801112651825,0.4922242760658264,0.9223316311836243,0.7572916746139526,24.0,24.0,1.0,0.75
127,0.0407,0.04144425317645073,1.5586715444215866,0.5071191787719727,0.5509374737739563,0.7202421426773071,0.78515625,24.0,24.0,3.0,0.748
128,0.0357,0.04570278525352478,1.3550279724222478,0.5156331658363342,0.5557523369789124,0.7413146495819092,0.7903646230697632,24.0,24.0,3.0,0.746
129,0.0372,0.02246646210551262,1.1737813930912209,0.23842822015285492,0.2609636187553406,3.015561580657959,0.533398449420929,64.0,64.0,3.0,0.744
130,0.0315,0.028768982738256454,1.0369370847515786,0.24074669182300568,0.2664313316345215,2.94592547416687,0.52978515625,64.0,64.0,0.0,0.742
131,0.0065,0.009194191545248032,0.42326776756929435,0.09786286950111389,0.11211791634559631,5.169112682342529,0.2816406488418579,64.0,64.0,4.0,0.74
132,0.1536,0.14786867797374725,1.656404918751439,0.5461474657058716,0.7034504413604736,1.6264568567276,0.7234375476837158,64.0,64.0,2.0,0.738
133,0.1742,0.16811461746692657,1.822303731661726,0.5884191393852234,0.752730667591095,1.6969043016433716,0.732617199420929,64.0,64.0,2.0,0.736
134,0.0376,0.0280163437128067,1.1035571169456506,0.26595354080200195,0.2985731065273285,2.7340285778045654,0.5589843988418579,64.0,64.0,0.0,0.734
135,0.0047,0.0020260459277778864,0.3881082289022011,0.05141180753707886,0.056162867695093155,5.081228256225586,0.3018229007720947,24.0,24.0,4.0,0.732
136,0.028,0.018808916211128235,0.9199724571129255,0.2308519333600998,0.25242409110069275,2.8172640800476074,0.5416015386581421,64.0,64.0,0.0,0.73
137,0.1347,0.1750662624835968,1.5923716910290049,0.6812154054641724,0.8377848863601685,1.3225629329681396,0.7945312857627869,64.0,64.0,2.0,0.728
138,0.0382,0.03959103673696518,1.1942867778715227,0.5153759717941284,0.5567333102226257,0.743573784828186,0.7830729484558105,24.0,24.0,3.0,0.726
139,0.0325,0.03305421397089958,1.293114335482705,0.5408259034156799,0.5809305310249329,0.8029601573944092,0.76953125,24.0,24.0,0.0,0.724
140,0.0059,0.003048656741157174,0.32884361191863926,0.05794750154018402,0.06405505537986755,4.470325946807861,0.3515625,24.0,24.0,4.0,0.722
141,0.0409,0.05116916075348854,1.552831895567061,0.5347757339477539,0.5792626142501831,0.7841682434082031,0.776562511920929,24.0,24.0,3.0,0.72
142,0.0361,0.02996768429875374,1.5400465036228366,0.5437605977058411,0.5651997327804565,0.7493820190429688,0.7833333015441895,24.0,24.0,1.0,0.718
143,0.032,0.03465995192527771,1.0852010070643994,0.45274817943573,0.48292070627212524,1.0425337553024292,0.7268229126930237,24.0,24.0,0.0,0.716
144,0.0347,0.016375651583075523,1.516846708402097,0.21152085065841675,0.22888022661209106,2.756103038787842,0.531054675579071,64.0,64.0,0.0,0.714
145,0.1412,0.15503941476345062,2.1859153229956165,0.5295498967170715,0.6734089851379395,1.5027029514312744,0.7482422590255737,64.0,64.0,2.0,0.712
146,0.0342,0.04242807626724243,1.343607542027502,0.48172926902770996,0.5145671367645264,0.7665844559669495,0.7635416984558105,24.0,24.0,1.0,0.71
147,0.0049,0.010452140122652054,0.3764505234153325,0.08361585438251495,0.08907099813222885,5.1059889793396,0.2777343988418579,64.0,64.0,4.0,0.708
148,0.119,0.1019807681441307,1.6710865478213348,0.543311357498169,0.6435398459434509,1.548991084098816,0.7354491949081421,64.0,64.0,2.0,0.706
149,0.008,0.017238615080714226,0.6115271174354343,0.03885854408144951,0.04175470396876335,4.48232364654541,0.34843748807907104,24.0,24.0,4.0,0.704
150,0.1281,0.10619556158781052,1.6225557236704273,0.4986835718154907,0.6022065877914429,2.010091543197632,0.6561523675918579,64.0,64.0,2.0,0.702
151,0.0046,0.00733177037909627,0.39428923432929536,0.06811100244522095,0.07702015340328217,4.978840351104736,0.2686523497104645,64.0,64.0,4.0,0.7
152,0.0334,0.029094425961375237,2.042847854717362,0.5138976573944092,0.5271398425102234,0.7681831121444702,0.7854167222976685,24.0,24.0,0.0,0.698
153,0.005,0.004718378651887178,0.47078686611444126,0.05078504979610443,0.05576339364051819,4.720823287963867,0.34510868787765503,23.0,23.0,4.0,0.696
154,0.0058,0.0023861790541559458,0.5123551680721016,0.038516003638505936,0.04143161326646805,4.954524040222168,0.31640625,24.0,24.0,4.0,0.694
155,0.0378,0.03574664145708084,1.17606962940566,0.46432238817214966,0.49432092905044556,0.7210279107093811,0.7799479365348816,24.0,24.0,3.0,0.692
156,0.0033,0.004597954917699099,0.2830955111011061,0.06945039331912994,0.0790572315454483,4.658121585845947,0.34062498807907104,32.0,32.0,4.0,0.69
157,0.0323,0.041229866445064545,0.9817408530283319,0.5551712512969971,0.5849593877792358,0.9449552297592163,0.7611979246139526,24.0,24.0,1.0,0.688
158,0.0359,0.04681294783949852,1.3372206858163451,0.48978543281555176,0.5257120728492737,0.6892764568328857,0.7856770753860474,24.0,24.0,0.0,0.6859999999999999
159,0.1045,0.12084421515464783,1.6901277979731937,0.5103477239608765,0.629326581954956,1.8362317085266113,0.6737304925918579,64.0,64.0,2.0,0.6839999999999999
160,0.0042,0.009570274502038956,0.596285311457788,0.13268554210662842,0.14347411692142487,4.23630428314209,0.3986979126930237,24.0,24.0,4.0,0.6819999999999999
161,0.0379,0.03926006332039833,2.0001549821946543,0.5238779783248901,0.5535628795623779,0.7630621194839478,0.777999997138977,25.0,25.0,3.0,0.6799999999999999
162,0.0076,0.0032664500176906586,1.1177112241137157,0.03053552657365799,0.038683630526065826,3.2279391288757324,0.44930556416511536,9.0,9.0,4.0,0.6779999999999999
163,0.0312,0.03528700768947601,1.0357182210084752,0.5250860452651978,0.5629966855049133,0.7185795307159424,0.7911458015441895,24.0,24.0,0.0,0.6759999999999999
164,0.0348,0.0267720315605402,1.5302706250482419,0.5213339924812317,0.5408639907836914,0.7798746228218079,0.7835937738418579,24.0,24.0,1.0,0.6739999999999999
165,0.0377,0.05168437957763672,1.714608903505023,0.547888994216919,0.5941795110702515,0.7138863801956177,0.7906249761581421,24.0,24.0,0.0,0.6719999999999999
166,0.0074,0.0016380362212657928,0.7537032405633534,0.018667666241526604,0.01600673981010914,3.879788637161255,0.41634613275527954,13.0,13.0,4.0,0.6699999999999999
167,0.0072,0.005642246454954147,1.2062260733278485,0.0753173902630806,0.08634766936302185,5.107900619506836,0.3001953065395355,64.0,64.0,4.0,0.6679999999999999
168,0.1165,0.08910434693098068,1.5973711194029907,0.6863855123519897,0.7710537910461426,1.3938329219818115,0.7688477039337158,64.0,64.0,2.0,0.6659999999999999
169,0.1232,0.14060240983963013,1.4230246086002132,0.5162746906280518,0.6572850346565247,1.6676808595657349,0.7142578363418579,64.0,64.0,2.0,0.6639999999999999
170,0.0319,0.024603743106126785,0.8099368942090203,0.24350062012672424,0.2665882706642151,3.031661033630371,0.5652344226837158,64.0,64.0,3.0,0.6619999999999999
171,0.0097,0.008901651948690414,3.7179946591001425,0.09446680545806885,0.09672467410564423,3.223550796508789,0.42624998092651367,10.0,10.0,4.0,0.6599999999999999
172,0.0392,0.05079027637839317,1.1666123432311601,0.5593218803405762,0.5904233455657959,0.7776762247085571,0.7830729484558105,24.0,24.0,1.0,0.6579999999999999
173,0.0598,0.09193503111600876,37.08599889429927,0.45994481444358826,0.7263394594192505,0.850688099861145,0.765500009059906,25.0,25.0,0.0,0.656
174,0.1162,0.12244787812232971,15.400701979238027,0.6931865215301514,0.8117591738700867,1.5084078311920166,0.7572265863418579,64.0,64.0,2.0,0.654
175,0.0266,0.025488078594207764,33.74526679614409,0.1762874722480774,0.1928366720676422,4.329514980316162,0.4318181872367859,33.0,33.0,4.0,0.652
176,0.1033,0.07936384528875351,1.669029898864862,0.5120266675949097,0.5961095094680786,1.8800114393234253,0.6778320074081421,64.0,64.0,2.0,0.65
177,0.0319,0.020179040729999542,0.932963102200725,0.24814674258232117,0.26745307445526123,2.7112956047058105,0.58935546875,64.0,64.0,1.0,0.648
178,0.0387,0.036113470792770386,1.3930492897820843,0.5267466306686401,0.5711912512779236,0.7655221223831177,0.78125,24.0,24.0,3.0,0.646
179,0.0053,0.0032254918478429317,0.515969286811662,0.07031776010990143,0.071754090487957,4.184992790222168,0.4619791507720947,24.0,24.0,4.0,0.644
180,0.0048,0.0032876108307391405,0.4401913430106938,0.04993068799376488,0.05022421479225159,4.325856685638428,0.417934775352478,23.0,23.0,4.0,0.642
181,0.0369,0.041174083948135376,1.0341077701455534,0.5691678524017334,0.5968177914619446,0.7728152275085449,0.7898437976837158,24.0,24.0,1.0,0.64
182,0.0076,0.014873646199703217,0.7699793155574949,0.06273246556520462,0.07947016507387161,5.147468566894531,0.3145507872104645,64.0,64.0,4.0,0.638
183,0.0364,0.043574415147304535,1.3266937519603523,0.4781249165534973,0.5036114454269409,0.8855793476104736,0.765625,24.0,24.0,0.0,0.636
184,0.0411,0.04344642162322998,1.1776171750765752,0.513181209564209,0.5520665645599365,0.6982241272926331,0.7856770753860474,24.0,24.0,3.0,0.634
185,0.0068,0.005851122550666332,0.5556695032256497,0.08824942260980606,0.08537478744983673,4.633092880249023,0.38489583134651184,24.0,24.0,4.0,0.632
186,0.0094,0.007053228095173836,0.6724083854173316,0.10259094834327698,0.10309560596942902,4.343992233276367,0.4192708432674408,24.0,24.0,4.0,0.63
187,0.0381,0.04263254255056381,1.3762437583807536,0.5679349899291992,0.6091824173927307,0.7396063804626465,0.8041666746139526,24.0,24.0,1.0,0.628
188,0.0106,0.010106849484145641,0.7798329492455676,0.1395467221736908,0.14424434304237366,4.432492256164551,0.42989128828048706,23.0,23.0,4.0,0.626
189,0.0337,0.03868992254137993,1.1644539642480927,0.49742817878723145,0.5300138592720032,1.1154882907867432,0.733593761920929,24.0,24.0,0.0,0.624
190,0.0087,0.0066565521992743015,0.8094892859361418,0.10513050854206085,0.10315969586372375,4.91474723815918,0.4205729067325592,24.0,24.0,4.0,0.622
191,0.0332,0.0423857755959034,0.9492325589332449,0.33062952756881714,0.3916482627391815,2.026333808898926,0.6496875286102295,40.0,40.0,0.0,0.62
192,0.0344,0.04032033681869507,1.65447155959185,0.6041700839996338,0.6451624035835266,0.7988480925559998,0.7854167222976685,24.0,24.0,1.0,0.618
193,0.0111,0.013543306849896908,0.9978112105490247,0.1404935121536255,0.1358574628829956,4.541067123413086,0.49166667461395264,24.0,24.0,4.0,0.616
194,0.0417,0.036633290350437164,1.1944083595969364,0.585213303565979,0.6169161796569824,0.7633497714996338,0.7921874523162842,24.0,24.0,1.0,0.614
195,0.0383,0.03767871856689453,1.1117284454151333,0.5527539849281311,0.5937478542327881,0.7482104897499084,0.7966145873069763,24.0,24.0,0.0,0.612
196,0.0377,0.03719305247068405,1.1662037592883199,0.5745835900306702,0.6119040250778198,0.7853394746780396,0.7906249761581421,24.0,24.0,0.0,0.61
197,0.0389,0.01580592431128025,0.989715835434394,0.28632861375808716,0.314705491065979,2.0143396854400635,0.6579427719116211,48.0,48.0,1.0,0.608
198,0.0351,0.02880701795220375,1.1946302794700545,0.23949883878231049,0.2814400792121887,2.822235107421875,0.634472668170929,64.0,64.0,0.0,0.606
199,0.0447,0.0445113480091095,1.8057076857351293,0.5852826833724976,0.6188708543777466,0.7586632370948792,0.8075520992279053,24.0,24.0,0.0,0.604
200,0.0352,0.04278470203280449,0.9914120461381928,0.5603437423706055,0.6030532121658325,0.7341455817222595,0.7997395992279053,24.0,24.0,1.0,0.602
201,0.0355,0.041749197989702225,1.1386530795034964,0.533450722694397,0.5812269449234009,0.694106936454773,0.8010416030883789,24.0,24.0,0.0,0.6
202,0.0314,0.03635825589299202,0.9394118520775886,0.5164502859115601,0.5474210977554321,0.7473976612091064,0.7862499952316284,25.0,25.0,1.0,0.598
203,0.028,0.02257084846496582,0.7291431595208062,0.2604398727416992,0.287434458732605,2.9398016929626465,0.634960949420929,64.0,64.0,0.0,0.596
204,0.0416,0.03426581621170044,1.3906088937943548,0.5514509081840515,0.5818881392478943,0.7469450235366821,0.7958333492279053,24.0,24.0,1.0,0.594
205,0.094,0.09584586322307587,1.4819747102792449,0.4959101676940918,0.586289644241333,2.07855224609375,0.74072265625,64.0,64.0,2.0,0.5920000000000001
206,0.0371,0.04907524958252907,1.177575594830295,0.5463473796844482,0.595676600933075,0.7304689884185791,0.7984374761581421,24.0,24.0,0.0,0.5900000000000001
207,0.0418,0.04153619334101677,1.3093677462664646,0.5315183401107788,0.567535936832428,0.9689671397209167,0.7684895992279053,24.0,24.0,1.0,0.5880000000000001
208,0.0397,0.048203244805336,1.031946137979874,0.5872727632522583,0.642815113067627,0.7435855865478516,0.797656238079071,24.0,24.0,0.0,0.5860000000000001
209,0.0396,0.02209862694144249,1.4738196549869254,0.2501413822174072,0.27954593300819397,2.8347740173339844,0.6484375,64.0,64.0,0.0,0.5840000000000001
210,0.0421,0.04327620193362236,0.9773205395593333,0.6117957830429077,0.6569972038269043,0.9607173800468445,0.780468761920929,24.0,24.0,1.0,0.5820000000000001
211,0.038,0.042928293347358704,0.95956702600025,0.5818860530853271,0.6113265156745911,0.7564454078674316,0.7830729484558105,24.0,24.0,1.0,0.5800000000000001
212,0.0405,0.041058070957660675,1.287407171939269,0.6101351976394653,0.6515543460845947,0.7682031393051147,0.8013020753860474,24.0,24.0,1.0,0.5780000000000001
213,0.0391,0.04014579951763153,0.995778421657715,0.5539137125015259,0.5795650482177734,0.7545933127403259,0.7898437976837158,24.0,24.0,3.0,0.5760000000000001
214,0.0151,0.010918626561760902,2.686135168021373,0.14947596192359924,0.1184028908610344,5.005580902099609,0.5064453482627869,64.0,64.0,4.0,0.5740000000000001
215,0.0176,0.027791181579232216,3.1881091856250823,0.11232949793338776,0.0879656970500946,4.976226806640625,0.6075521111488342,24.0,24.0,4.0,0.5720000000000001
216,0.0216,0.030913811177015305,4.973898975159595,0.19009527564048767,0.12018340826034546,4.661704063415527,0.6293749809265137,20.0,20.0,4.0,0.5700000000000001
217,0.0235,0.023473147302865982,3.7775214454308514,0.2771555483341217,0.23134009540081024,4.37984561920166,0.6200520992279053,24.0,24.0,4.0,0.5680000000000001
218,0.0841,0.08082999289035797,2.1304172594632944,0.6078733205795288,0.7222184538841248,1.796947717666626,0.7851563096046448,64.0,64.0,2.0,0.5660000000000001
219,0.0871,0.07888561487197876,4.133884125694003,0.5513127446174622,0.696241021156311,2.000051736831665,0.765820324420929,64.0,64.0,2.0,0.5640000000000001
220,0.0411,0.039550576359033585,5.123986524186066,0.4838405251502991,0.6845369338989258,4.55000114440918,0.6460937857627869,24.0,24.0,4.0,0.562
221,0.037,0.03548703342676163,4.3430320453790525,0.5331201553344727,0.6566653251647949,4.454516887664795,0.6416666507720947,24.0,24.0,4.0,0.56
222,0.036,0.034321658313274384,5.114514848217599,0.47325295209884644,0.4986047148704529,4.4396443367004395,0.605664074420929,32.0,32.0,4.0,0.558
223,0.0329,0.007370207458734512,4.4079361297776325,0.032441698014736176,0.05193904787302017,0.08242224156856537,0.5249999761581421,3.0,3.0,4.0,0.556
224,0.048,0.04541303217411041,3.1001598859926958,0.5825297236442566,0.6220166087150574,0.7351537942886353,0.8106771111488342,24.0,24.0,0.0,0.554
225,0.0536,0.047001004219055176,4.505133362435738,0.6128146052360535,0.6552855968475342,0.746013879776001,0.7950520515441895,24.0,24.0,0.0,0.552
226,0.0552,0.05260171741247177,22.961535049915277,0.6568978428840637,0.6902784109115601,4.562537670135498,0.6130207777023315,24.0,24.0,4.0,0.55
227,0.1094,0.12931835651397705,9.24382474933374,0.47525227069854736,0.6615229249000549,1.7289502620697021,0.7582031488418579,64.0,64.0,2.0,0.548
228,0.0358,0.03905801475048065,2.282060870346715,0.51058030128479,0.5553232431411743,0.9236496090888977,0.7667500376701355,25.0,25.0,0.0,0.546
229,0.0806,0.056689511984586716,1.4100309692069954,0.4883177578449249,0.5689290761947632,1.9011154174804688,0.73046875,64.0,64.0,2.0,0.544
230,0.0309,0.03469545766711235,8.814865405785977,0.28369832038879395,0.16446855664253235,4.735012054443359,0.6044270992279053,24.0,24.0,4.0,0.542
231,0.0313,0.04180220514535904,8.72948944904056,0.2574509084224701,0.1293925940990448,4.288459777832031,0.6288043260574341,23.0,23.0,4.0,0.54
232,0.0321,0.01954352669417858,7.827692366519947,0.19184058904647827,0.12785252928733826,5.203307151794434,0.525390625,64.0,64.0,4.0,0.538
233,0.0973,0.09315291047096252,1.4462492517210714,0.6039309501647949,0.704157829284668,1.6723746061325073,0.775195300579071,64.0,64.0,2.0,0.536
234,0.0377,0.019442202523350716,1.1478230477081592,0.291864275932312,0.30660971999168396,2.674732208251953,0.634570300579071,64.0,64.0,1.0,0.534
235,0.0371,0.04461399093270302,1.1085582250844568,0.6139569282531738,0.6543741226196289,0.8030849695205688,0.7830729484558105,24.0,24.0,1.0,0.532
236,0.0769,0.09840069711208344,1.891329920356281,0.5121393203735352,0.6180667281150818,1.6972606182098389,0.7782226800918579,64.0,64.0,2.0,0.53
237,0.0458,0.03881377354264259,1.3514145270677835,0.5728986263275146,0.6275988817214966,0.7383692264556885,0.7914062738418579,24.0,24.0,3.0,0.528
238,0.0868,0.09474819898605347,2.193732768363203,0.5263681411743164,0.6311368346214294,1.5745856761932373,0.77685546875,64.0,64.0,2.0,0.526
239,0.0376,0.04311224818229675,7.942711692186184,0.4409260153770447,0.33572953939437866,5.444881439208984,0.5619140863418579,64.0,64.0,4.0,0.524
240,0.0394,0.03953314572572708,0.9357135614631114,0.5892727375030518,0.6257818937301636,0.7532109618186951,0.7919270992279053,24.0,24.0,1.0,0.522
241,0.0372,0.037393830716609955,1.9985971464932928,0.5742180943489075,0.6513344645500183,0.9745852947235107,0.776562511920929,24.0,24.0,0.0,0.52
242,0.0419,0.036156315356492996,5.714685474779091,0.6565439105033875,0.694961428642273,4.149754047393799,0.6851562261581421,24.0,24.0,4.0,0.518
243,0.0405,0.04161912202835083,2.0643752894806764,0.5811272859573364,0.6188606023788452,0.743928849697113,0.7966145873069763,24.0,24.0,0.0,0.516
244,0.0444,0.06366479396820068,1.3033223031170642,0.544141411781311,0.5887035131454468,0.7120840549468994,0.7877604365348816,24.0,24.0,3.0,0.514
245,0.0429,0.043025046586990356,1.53066418007232,0.5505819320678711,0.5972446203231812,0.7040971517562866,0.7911458611488342,24.0,24.0,3.0,0.512
246,0.0383,0.037667691707611084,1.3012104959709168,0.6285049915313721,0.6914796829223633,0.9800312519073486,0.7763020992279053,24.0,24.0,1.0,0.51
247,0.0896,0.08442285656929016,8.42633528529075,0.6173921823501587,0.7841545343399048,1.8869011402130127,0.7660155892372131,64.0,64.0,2.0,0.508
248,0.0387,0.044273778796195984,2.41868134784663,0.7835341095924377,0.8827450275421143,4.578316688537598,0.6490234136581421,32.0,32.0,4.0,0.506
249,0.0438,0.03252926841378212,1.951980548602233,0.582094669342041,0.6289556622505188,1.0071638822555542,0.764843761920929,24.0,24.0,0.0,0.504
250,0.0503,0.08978857845067978,6.759408108815761,0.7467321157455444,0.7010505199432373,5.286379337310791,0.594433605670929,64.0,64.0,4.0,0.502
251,0.0476,0.03971564397215843,1.0824034666085083,0.5809011459350586,0.6164058446884155,0.7287468314170837,0.796093761920929,24.0,24.0,3.0,0.5
252,0.0377,0.0378461554646492,1.25572750801549,0.6143358945846558,0.6445146799087524,0.7936536073684692,0.796875,24.0,24.0,1.0,0.498
253,0.0337,0.029036972671747208,1.1731031052935366,0.3409510552883148,0.38833022117614746,2.7297730445861816,0.7021205425262451,56.0,56.0,0.0,0.496
254,0.0477,0.050381384789943695,1.4974835469466103,0.601874828338623,0.6384832262992859,0.7133665680885315,0.8070312738418579,24.0,24.0,0.0,0.494
255,0.0337,0.03752666711807251,1.8298673813083488,0.5171416401863098,0.6083980798721313,1.169560194015503,0.7544270753860474,24.0,24.0,0.0,0.492
256,0.0835,0.08239740133285522,1.9871612501310287,0.44169503450393677,0.5329346656799316,2.0588908195495605,0.760937511920929,64.0,64.0,2.0,0.49
257,0.0407,0.03982355818152428,1.1250181742521081,0.6181740760803223,0.641650915145874,0.7652220726013184,0.8013020753860474,24.0,24.0,1.0,0.488
258,0.0384,0.041370242834091187,1.13781025771841,0.5760135650634766,0.6093330979347229,0.748680830001831,0.8109375238418579,24.0,24.0,1.0,0.486
259,0.0639,0.06714507937431335,15.874926302975435,0.7404879331588745,0.5079618692398071,4.467543601989746,0.6861978769302368,24.0,24.0,4.0,0.484
260,0.0427,0.04727527126669884,1.4180795203962078,0.5825132131576538,0.6241983771324158,0.7225428819656372,0.7944999933242798,25.0,25.0,3.0,0.482
261,0.0667,0.1271248459815979,15.504916024209981,0.8465722799301147,0.5743882656097412,5.3287200927734375,0.6546874642372131,64.0,64.0,4.0,0.48
262,0.0392,0.03775036334991455,1.1476933575202128,0.5067083835601807,0.5459362268447876,0.7826396226882935,0.7927885055541992,26.0,26.0,0.0,0.478
263,0.0441,0.04587065428495407,1.3138430339158245,0.6058928370475769,0.6464287042617798,0.7192474603652954,0.811718761920929,24.0,24.0,0.0,0.476
264,0.0841,0.0878429263830185,5.141222208111846,0.6000298261642456,0.7397178411483765,1.8877109289169312,0.7708008289337158,64.0,64.0,2.0,0.474
265,0.0594,0.05605057626962662,11.660650935985919,0.9082829356193542,0.8435001969337463,4.753922462463379,0.6731771230697632,24.0,24.0,4.0,0.472
266,0.0539,0.0452638640999794,10.056492569715838,0.8689017295837402,0.8129653930664062,4.193045616149902,0.7057291269302368,24.0,24.0,4.0,0.47
267,0.0427,0.043224625289440155,1.0340584905238366,0.5695382952690125,0.6075105667114258,0.7478424310684204,0.7997499704360962,25.0,25.0,3.0,0.46799999999999997
268,0.0558,0.08228094130754471,6.412028823336759,1.1255159378051758,1.087130069732666,5.149870872497559,0.6854492425918579,64.0,64.0,4.0,0.46599999999999997
269,0.0404,0.040701352059841156,1.1091189508263863,0.604476809501648,0.641701340675354,0.7641862630844116,0.7947916984558105,24.0,24.0,1.0,0.46399999999999997
270,0.0442,0.03565662354230881,1.081142232331144,0.5069276094436646,0.5341890454292297,1.3769710063934326,0.787304699420929,32.0,32.0,3.0,0.46199999999999997
271,0.0483,0.06810690462589264,4.8644139668284865,0.505868673324585,0.7559370994567871,2.987384796142578,0.7187500596046448,56.0,56.0,0.0,0.45999999999999996
272,0.0379,0.02486400119960308,1.4785824663438607,0.4205920100212097,0.46636128425598145,2.459113597869873,0.7401041984558105,48.0,48.0,3.0,0.45799999999999996
273,0.0691,0.0636851117014885,22.32726722885299,1.1224802732467651,1.314054012298584,4.343523979187012,0.7359375357627869,24.0,24.0,4.0,0.45599999999999996
274,0.0552,0.0558081679046154,14.008915158259951,1.2077703475952148,1.3009860515594482,4.79917049407959,0.7231770753860474,24.0,24.0,4.0,0.45399999999999996
275,0.041,0.024898674339056015,1.2018682060136294,0.4736880362033844,0.5196244716644287,2.949578046798706,0.7256835699081421,64.0,64.0,3.0,0.45199999999999996
276,0.0438,0.042263008654117584,1.5005343484481333,0.5809109807014465,0.6323192715644836,0.7200078964233398,0.8153645992279053,24.0,24.0,1.0,0.44999999999999996
277,0.0391,0.027683716267347336,1.078735779144004,0.3884038031101227,0.39348214864730835,2.24908447265625,0.7787760496139526,48.0,48.0,0.0,0.44799999999999995
278,0.0421,0.03117264062166214,0.8683592767872276,0.5077707767486572,0.5350747108459473,1.3100354671478271,0.8013671636581421,32.0,32.0,1.0,0.44599999999999995
279,0.039,0.04575987905263901,1.2364989609310086,0.5872657299041748,0.6252667903900146,0.7682796120643616,0.7950520515441895,24.0,24.0,0.0,0.44399999999999995
280,0.0374,0.04282601922750473,0.9755265826125231,0.584465742111206,0.6321957111358643,0.71277916431427,0.7963541746139526,24.0,24.0,3.0,0.44199999999999995
281,0.0757,0.06428295373916626,3.4855639060989647,0.568261444568634,0.6464452147483826,1.7383437156677246,0.7769531607627869,64.0,64.0,2.0,0.43999999999999995
282,0.0461,0.050639599561691284,0.9375092983982023,0.609613835811615,0.6540945172309875,0.7490957975387573,0.7940104007720947,24.0,24.0,3.0,0.43799999999999994
283,0.0406,0.046018294990062714,1.1305076571308963,0.6495295166969299,0.6890225410461426,0.8274639844894409,0.8020833730697632,24.0,24.0,1.0,0.43600000000000005
284,0.0413,0.04476487636566162,1.267775752348399,0.6157846450805664,0.6669071912765503,0.7506599426269531,0.7955728769302368,24.0,24.0,3.0,0.43400000000000005
285,0.098,0.085997074842453,28.049498858872784,0.8222107291221619,0.4161417484283447,4.608048915863037,0.7372395992279053,24.0,24.0,4.0,0.43200000000000005
286,0.0945,0.11721226572990417,26.183998018338468,0.8973315358161926,0.44112837314605713,5.106137275695801,0.6865234375,32.0,32.0,4.0,0.43000000000000005
287,0.0494,0.050631217658519745,1.1073447675978252,0.6186280250549316,0.6712231040000916,0.7562056183815002,0.7999999523162842,24.0,24.0,1.0,0.42800000000000005
288,0.0748,0.07885101437568665,18.999069748993293,1.2615666389465332,1.058695673942566,5.564511299133301,0.707812488079071,64.0,64.0,4.0,0.42600000000000005
289,0.045,0.053604938089847565,1.2610396274128388,0.6306045055389404,0.7232623100280762,0.9418469667434692,0.7901042103767395,24.0,24.0,3.0,0.42400000000000004
290,0.0724,0.09081275016069412,12.427575090694823,1.2317874431610107,1.0899665355682373,4.4917707443237305,0.7119791507720947,24.0,24.0,4.0,0.42200000000000004
291,0.1184,0.11698593199253082,12.585231088755798,0.5766197443008423,0.8612322807312012,1.8386832475662231,0.7793945074081421,64.0,64.0,2.0,0.42000000000000004
292,0.1091,0.11649647355079651,11.88178378055639,0.6985573768615723,0.9121271967887878,1.50473952293396,0.8067382574081421,64.0,64.0,2.0,0.41800000000000004
293,0.0671,0.05946504697203636,9.978787327793677,1.3168072700500488,1.448391318321228,4.387843132019043,0.7260417342185974,24.0,24.0,4.0,0.41600000000000004
294,0.0408,0.03833169862627983,1.6738641637963216,0.7237989902496338,0.7561432123184204,0.8185549974441528,0.7984374761581421,24.0,24.0,1.0,0.41400000000000003
295,0.1015,0.09310992062091827,7.919774637732062,0.6355079412460327,0.8288145065307617,1.6224652528762817,0.7922852039337158,64.0,64.0,2.0,0.41200000000000003
296,0.0848,0.07663945108652115,3.2299407429125857,0.6676202416419983,0.7798839211463928,1.7330206632614136,0.799023449420929,64.0,64.0,2.0,0.41000000000000003
297,0.0432,0.03381141647696495,1.0095935154566134,0.445742130279541,0.5296617746353149,3.125473737716675,0.727343738079071,64.0,64.0,3.0,0.40800000000000003
298,0.0434,0.04721297323703766,0.9959614859632937,0.6683964729309082,0.6897146105766296,0.8335083723068237,0.8059896230697632,24.0,24.0,3.0,0.406
299,0.0455,0.059161242097616196,1.3387377974775068,0.6318491101264954,0.7092210054397583,0.9091625809669495,0.7932291626930237,24.0,24.0,0.0,0.404
300,0.0401,0.04720950126647949,1.0344542855886372,0.6121304035186768,0.6712887287139893,0.9695091843605042,0.7796875238418579,24.0,24.0,1.0,0.402
301,0.0478,0.05780499801039696,2.3997168947265144,0.6046419739723206,0.6736675500869751,1.0398921966552734,0.7695313096046448,24.0,24.0,0.0,0.4
302,0.0915,0.09670150279998779,22.918771653590635,1.0494016408920288,0.6357698440551758,4.492010116577148,0.6822916865348816,24.0,24.0,4.0,0.398
303,0.0418,0.04914897307753563,1.2834288741827666,0.6064488887786865,0.6587778925895691,0.735716700553894,0.8015625476837158,24.0,24.0,0.0,0.396
304,0.0871,0.08954374492168427,21.457562862943544,1.0939171314239502,0.7152301073074341,4.70796012878418,0.7007812261581421,24.0,24.0,4.0,0.394
305,0.1177,0.069019615650177,22.90154276236868,1.10207200050354,0.8272231817245483,4.212051868438721,0.7093750238418579,24.0,24.0,4.0,0.392
306,0.0489,0.0452689453959465,1.8155059679072403,0.6439061164855957,0.6823666095733643,0.7825772762298584,0.8101562261581421,24.0,24.0,1.0,0.39
307,0.0432,0.04568678140640259,1.6596018595992974,0.6460868120193481,0.733599066734314,0.9793098568916321,0.7830729484558105,24.0,24.0,1.0,0.388
308,0.0438,0.03681518882513046,1.1552328459340275,0.6256387829780579,0.6637957096099854,0.7579516768455505,0.8013020753860474,24.0,24.0,1.0,0.386
309,0.0721,0.1373094618320465,8.121755375919514,1.5648746490478516,1.3866122961044312,5.327999114990234,0.703320324420929,64.0,64.0,4.0,0.384
310,0.0453,0.05664142966270447,1.1838242003056192,0.578810453414917,0.6265512108802795,0.7096238732337952,0.8083332777023315,24.0,24.0,3.0,0.382
311,0.0457,0.044142067432403564,4.70417679731856,0.5863462686538696,0.7438027858734131,2.6765623092651367,0.7427734732627869,64.0,64.0,0.0,0.38
312,0.1023,0.11253698170185089,8.221884639702532,0.7213331460952759,0.9023635983467102,1.3821592330932617,0.8075195550918579,64.0,64.0,2.0,0.378
313,0.0971,0.11841700971126556,15.20501882577423,1.8136568069458008,1.8317852020263672,5.45220947265625,0.7525390386581421,64.0,64.0,4.0,0.376
314,0.0412,0.04084015637636185,1.2805721912006998,0.5941215753555298,0.649452805519104,0.7370299100875854,0.7976562976837158,24.0,24.0,3.0,0.374
315,0.069,0.08919627964496613,5.608441878321348,1.586122989654541,1.6973373889923096,4.721542835235596,0.7458333373069763,48.0,48.0,4.0,0.372
316,0.0615,0.08709217607975006,5.818561714839833,1.81864333152771,1.8178951740264893,5.38755989074707,0.7686523795127869,64.0,64.0,4.0,0.37
317,0.0542,0.05132126063108444,4.99623233108261,1.5320510864257812,1.5972778797149658,4.239863872528076,0.7705729007720947,24.0,24.0,4.0,0.368
318,0.0452,0.04641956463456154,2.5488770024773006,0.6153240203857422,0.6498268842697144,0.719738781452179,0.8033854365348816,24.0,24.0,3.0,0.366
319,0.0419,0.04521501809358597,0.8981902124782731,0.6010821461677551,0.6481884717941284,0.7246798872947693,0.8072916865348816,24.0,24.0,3.0,0.364
320,0.0493,0.05055864527821541,0.9203063493861414,0.6939627528190613,0.7445031404495239,0.801199734210968,0.8135416507720947,24.0,24.0,3.0,0.362
321,0.0934,0.09628570824861526,4.623794381014994,0.7161670923233032,0.8073214292526245,1.4508129358291626,0.7958008050918579,64.0,64.0,2.0,0.36
322,0.0781,0.06840489059686661,16.173619207565395,1.6263041496276855,1.3627538681030273,4.951240539550781,0.7486979365348816,24.0,24.0,4.0,0.358
323,0.0414,0.04019961133599281,1.8631440764057174,0.6220202445983887,0.6274489164352417,2.9028098583221436,0.74755859375,64.0,64.0,0.0,0.356
324,0.0972,0.09459714591503143,4.671198757053669,0.742951512336731,0.9427008032798767,2.324561595916748,0.7353515625,64.0,64.0,2.0,0.354
325,0.0683,0.07779058814048767,15.6404546157169,1.5466125011444092,1.245365858078003,4.559890270233154,0.7354166507720947,24.0,24.0,4.0,0.352
326,0.0979,0.10019781440496445,3.645535437833513,0.7196754217147827,0.8926980495452881,1.9455270767211914,0.76318359375,64.0,64.0,2.0,0.35
327,0.05,0.05967056751251221,1.2763560893460002,0.6706961393356323,0.761365532875061,0.9338090419769287,0.79296875,24.0,24.0,0.0,0.348
328,0.0446,0.03953278064727783,1.102179434554303,0.6067705154418945,0.6568747758865356,0.6949385404586792,0.796875,24.0,24.0,3.0,0.346
329,0.0466,0.04655856266617775,2.1828894487898545,0.628399133682251,0.6570748090744019,0.7712193131446838,0.7971354126930237,24.0,24.0,0.0,0.344
330,0.0856,0.08249851316213608,25.155211542933927,1.6774290800094604,1.3251025676727295,4.788222312927246,0.7552083730697632,24.0,24.0,4.0,0.34199999999999997
331,0.0491,0.055741146206855774,3.3366679687303225,0.6095676422119141,0.6605538129806519,0.7838106155395508,0.8067708015441895,24.0,24.0,3.0,0.33999999999999997
332,0.0671,0.06545407325029373,16.67460971494046,1.5394399166107178,1.3366838693618774,4.3005242347717285,0.765625,32.0,32.0,4.0,0.33799999999999997
333,0.0645,0.07285505533218384,12.532920611996028,1.899330973625183,1.8375191688537598,5.271080493927002,0.7180989980697632,48.0,48.0,4.0,0.33599999999999997
334,0.0996,0.08750486373901367,5.5962940951158044,0.8072558045387268,0.963727593421936,1.6740307807922363,0.79931640625,64.0,64.0,2.0,0.33399999999999996
335,0.0978,0.08816325664520264,7.4411568798625805,0.8063190579414368,1.0371652841567993,1.9315166473388672,0.78662109375,64.0,64.0,2.0,0.33199999999999996
336,0.1005,0.07476995140314102,8.679574512941052,0.7033568620681763,0.8820767402648926,2.104203701019287,0.7596679925918579,64.0,64.0,2.0,0.32999999999999996
337,0.0466,0.0538187250494957,1.1749682630615284,0.6389721632003784,0.6810631155967712,0.738777756690979,0.8070312738418579,24.0,24.0,3.0,0.32799999999999996
338,0.0493,0.04411043971776962,4.450233971583292,2.005613327026367,1.9895637035369873,4.777329444885254,0.7921875715255737,24.0,24.0,4.0,0.32599999999999996
339,0.0846,0.061880581080913544,3.4885255809492555,0.7344623804092407,0.8607369065284729,2.189441680908203,0.7783203125,64.0,64.0,2.0,0.32399999999999995
340,0.0458,0.04717671498656273,1.176871184117728,0.6696386337280273,0.7030655741691589,0.7511364817619324,0.8028645515441895,24.0,24.0,1.0,0.32199999999999995
341,0.0526,0.0583602674305439,12.099306153239748,1.8841845989227295,1.7393009662628174,4.498485565185547,0.7914062738418579,24.0,24.0,4.0,0.31999999999999995
342,0.0495,0.045316167175769806,0.9255891736723184,0.5871782302856445,0.6267642974853516,0.7478842735290527,0.8025000095367432,25.0,25.0,3.0,0.31799999999999995
343,0.0485,0.050681717693805695,6.588173978480875,1.8062012195587158,1.7516272068023682,4.339346885681152,0.7945312857627869,24.0,24.0,4.0,0.31599999999999995
344,0.046,0.0447096973657608,0.9975612512913581,0.621637225151062,0.6684139966964722,0.7173675894737244,0.8096354007720947,24.0,24.0,3.0,0.31399999999999995
345,0.0526,0.05177193135023117,6.181179145295988,1.9678645133972168,1.9678858518600464,4.917034149169922,0.7965625524520874,40.0,40.0,4.0,0.31200000000000006
346,0.0992,0.08837948739528656,2.347619100258595,0.7589045166969299,0.868078887462616,1.9344592094421387,0.779003918170929,64.0,64.0,2.0,0.31000000000000005
347,0.0587,0.04625862091779709,5.577211012487045,2.2478280067443848,2.4045913219451904,5.234781265258789,0.7996094226837158,32.0,32.0,4.0,0.30800000000000005
348,0.0512,0.050500914454460144,2.279392588884231,0.6995561718940735,0.7996588349342346,0.9487259984016418,0.803906261920929,24.0,24.0,0.0,0.30600000000000005
349,0.049,0.04457263648509979,1.2685370166795253,0.6789577603340149,0.7044644355773926,0.7897383570671082,0.8065103888511658,24.0,24.0,1.0,0.30400000000000005
350,0.0859,0.09584324806928635,4.812550776233063,0.767333984375,0.863131046295166,1.8138220310211182,0.7720703482627869,64.0,64.0,2.0,0.30200000000000005
351,0.0461,0.048206575214862823,0.9357982726938064,0.733234167098999,0.8030729293823242,1.0004498958587646,0.7950520515441895,24.0,24.0,1.0,0.30000000000000004
352,0.0463,0.05445656180381775,0.8036661782855308,0.7142124176025391,0.7483540773391724,0.7812325954437256,0.8010416030883789,24.0,24.0,3.0,0.29800000000000004
353,0.0452,0.041967492550611496,0.9916589882383446,0.5972169637680054,0.6291720867156982,0.6912586688995361,0.7984374761581421,24.0,24.0,3.0,0.29600000000000004
354,0.1001,0.10967578738927841,24.747574426355975,1.8243484497070312,1.476723074913025,4.247867584228516,0.7356771230697632,24.0,24.0,4.0,0.29400000000000004
355,0.1011,0.09647171199321747,26.425498477292187,2.0189461708068848,1.5819623470306396,4.686627388000488,0.7393229603767395,24.0,24.0,4.0,0.29200000000000004
356,0.0887,0.07301117479801178,22.398011316487555,2.0144901275634766,1.6915698051452637,4.548358917236328,0.754687488079071,24.0,24.0,4.0,0.29000000000000004
357,0.064,0.06021687760949135,16.422463445007235,1.9038965702056885,1.7700965404510498,4.17436408996582,0.7520833611488342,24.0,24.0,4.0,0.28800000000000003
358,0.0907,0.0761718600988388,4.836165242769347,0.866646409034729,1.055285930633545,2.069932460784912,0.7647460699081421,64.0,64.0,2.0,0.28600000000000003
359,0.0442,0.044477880001068115,1.205605786894683,0.6582438945770264,0.7127158641815186,0.7598158717155457,0.7992187738418579,24.0,24.0,1.0,0.28400000000000003
360,0.0494,0.05764347314834595,1.0407082922333188,0.6528565883636475,0.6991889476776123,0.7412711977958679,0.7994791865348816,24.0,24.0,3.0,0.28200000000000003
361,0.0519,0.05967112258076668,3.0987369906216617,0.7594438791275024,0.8822835087776184,1.022946834564209,0.7976562976837158,24.0,24.0,1.0,0.28
362,0.0827,0.10066623985767365,17.76660422381669,2.329221248626709,2.696270704269409,4.777804374694824,0.7439453601837158,64.0,64.0,4.0,0.278
363,0.0677,0.08474026620388031,16.055957963054908,2.615922451019287,2.9764561653137207,5.445075035095215,0.771484375,64.0,64.0,4.0,0.276
364,0.0423,0.04661340266466141,0.8717303295407123,0.7384917736053467,0.7781795263290405,0.8086097240447998,0.8143229484558105,24.0,24.0,1.0,0.274
365,0.0494,0.05965553969144821,1.6831353377617926,0.8876378536224365,1.07069730758667,2.681830883026123,0.724414050579071,64.0,64.0,1.0,0.272
366,0.0524,0.05145246908068657,8.306700599982605,2.2601466178894043,2.1594111919403076,4.574251174926758,0.7777174115180969,23.0,23.0,4.0,0.27
367,0.0574,0.08366094529628754,10.21465923325889,2.4541866779327393,2.4451522827148438,5.219541549682617,0.7962890863418579,64.0,64.0,4.0,0.268
368,0.0456,0.04993289336562157,7.428377969502724,2.4146652221679688,2.3149192333221436,4.910966873168945,0.8096354603767395,24.0,24.0,4.0,0.266
369,0.0443,0.05799395963549614,1.171943832086499,0.7348708510398865,0.8535816669464111,0.95450758934021,0.8078124523162842,24.0,24.0,1.0,0.264
370,0.044,0.04982531815767288,5.647975253417839,2.3400609493255615,2.3839454650878906,4.608859062194824,0.7867187857627869,24.0,24.0,4.0,0.262
371,0.0573,0.047945015132427216,5.793557811834637,2.4671144485473633,2.542917251586914,4.923693656921387,0.7992187738418579,24.0,24.0,4.0,0.26
372,0.0486,0.04889582097530365,1.7736157931119196,0.9615806937217712,1.1334550380706787,2.6959526538848877,0.746777355670929,64.0,64.0,1.0,0.258
373,0.0463,0.04336776211857796,1.0933516051038386,0.6834431886672974,0.7308619618415833,0.7449002861976624,0.8161458373069763,24.0,24.0,1.0,0.256
374,0.0473,0.04990698769688606,3.805362771239208,2.6030097007751465,2.611482620239258,5.110350608825684,0.8005208373069763,24.0,24.0,4.0,0.254
375,0.0472,0.07022219896316528,3.901722558565042,2.420024871826172,2.482290744781494,4.978271484375,0.8184570074081421,64.0,64.0,4.0,0.252
376,0.107,0.10616596043109894,3.847005279342704,0.8902350664138794,0.9782940745353699,1.7307865619659424,0.8124023675918579,64.0,64.0,2.0,0.25
377,0.1,0.11860916763544083,3.9295552358166304,1.0016995668411255,1.2254160642623901,1.9171040058135986,0.800488293170929,64.0,64.0,2.0,0.248
378,0.0416,0.04372379556298256,0.7650753343261252,0.7023678421974182,0.7422521114349365,0.8154502511024475,0.8067708611488342,24.0,24.0,1.0,0.246
379,0.0488,0.04017280042171478,10.924020139242534,1.6992114782333374,1.6623073816299438,3.036402463912964,0.7541667222976685,9.0,9.0,4.0,0.244
380,0.0467,0.04849209263920784,9.71468370519976,2.5010461807250977,2.3765931129455566,4.615325927734375,0.7916666865348816,24.0,24.0,4.0,0.242
381,0.0737,0.08385211229324341,2.8608623777585898,0.9369885325431824,0.9778352379798889,2.099501371383667,0.7987304925918579,64.0,64.0,2.0,0.24
382,0.0832,0.08227946609258652,2.428144909712377,0.9039695262908936,0.9610145092010498,1.9188787937164307,0.8036133050918579,64.0,64.0,2.0,0.238
383,0.0433,0.04085268825292587,0.8642834868856596,0.7791823744773865,0.8044490814208984,1.3784167766571045,0.7937500476837158,32.0,32.0,1.0,0.236
384,0.0442,0.03595561906695366,3.69841155685541,2.5160703659057617,2.57855486869812,4.584270000457764,0.80078125,24.0,24.0,4.0,0.23399999999999999
385,0.0978,0.0673043429851532,5.857040109793714,0.9614478349685669,1.1098260879516602,1.7826149463653564,0.8165038824081421,64.0,64.0,2.0,0.23199999999999998
386,0.05,0.039319608360528946,5.031459292256399,2.644655704498291,2.7051541805267334,4.750761032104492,0.7955729365348816,24.0,24.0,4.0,0.22999999999999998
387,0.1014,0.10683663189411163,7.798129821841585,1.0715411901474,1.377631664276123,2.015768527984619,0.8104491829872131,64.0,64.0,2.0,0.22799999999999998
388,0.0455,0.03716496378183365,5.057714018856077,1.984316349029541,1.9891443252563477,3.5029032230377197,0.7674999833106995,10.0,10.0,4.0,0.22599999999999998
389,0.0505,0.051935262978076935,1.488044007284001,0.7653140425682068,0.8753061294555664,0.9635129570960999,0.7986979484558105,24.0,24.0,3.0,0.22399999999999998
390,0.06,0.052492693066596985,2.552156162201443,0.6401168704032898,0.6932046413421631,0.7169741988182068,0.811718761920929,24.0,24.0,0.0,0.22199999999999998
391,0.0518,0.04399947077035904,7.028653711640105,2.5718376636505127,2.5512709617614746,4.4233293533325195,0.7875000238418579,24.0,24.0,4.0,0.21999999999999997
392,0.0468,0.05119124427437782,5.034959421238745,2.6005196571350098,2.6054601669311523,4.435103416442871,0.7940104603767395,24.0,24.0,4.0,0.21799999999999997
393,0.0442,0.06203772872686386,1.396763793396642,1.1336760520935059,1.3748095035552979,2.688962459564209,0.7589844465255737,64.0,64.0,1.0,0.21599999999999997
394,0.0511,0.05017833039164543,1.6170079437461187,0.6442183256149292,0.7075700759887695,0.7063260078430176,0.8054687976837158,24.0,24.0,3.0,0.21399999999999997
395,0.0636,0.05666022747755051,4.713490386271361,0.652420163154602,0.6976373791694641,0.7208676338195801,0.8158854246139526,24.0,24.0,0.0,0.21199999999999997
396,0.0516,0.05183485150337219,0.9399126168129198,0.6779660582542419,0.733075737953186,0.7599395513534546,0.8018229007720947,24.0,24.0,3.0,0.20999999999999996
397,0.0483,0.04251813143491745,1.4642820700983983,0.7356493473052979,0.7626965641975403,0.8199197053909302,0.7994791865348816,24.0,24.0,1.0,0.20799999999999996
398,0.0569,0.05930406600236893,3.250938426008602,0.7086074352264404,0.8241887092590332,0.9128252267837524,0.8039062023162842,24.0,24.0,0.0,0.20599999999999996
399,0.0706,0.05783236026763916,11.850252313360368,1.9812450408935547,1.9829517602920532,3.195831298828125,0.7250000238418579,8.0,8.0,4.0,0.20399999999999996
400,0.054,0.05527965724468231,1.3552797278766984,0.6090258359909058,0.6609379053115845,0.6616092324256897,0.8144999742507935,25.0,25.0,0.0,0.20199999999999996
401,0.0523,0.060908954590559006,1.222894963179032,0.6568651795387268,0.6922972202301025,0.7398418188095093,0.805468738079071,24.0,24.0,1.0,0.19999999999999996
402,0.0499,0.04873988777399063,1.4961996127457604,0.7353925704956055,0.7769542336463928,0.7878942489624023,0.8114583492279053,24.0,24.0,1.0,0.19799999999999995
403,0.0452,0.05139821022748947,1.5521408552172802,0.7316118478775024,0.7971420884132385,0.9843435883522034,0.7940104007720947,24.0,24.0,3.0,0.19599999999999995
404,0.0495,0.04943947494029999,1.1240209682435642,0.691162109375,0.7470879554748535,0.7642486095428467,0.8174479007720947,24.0,24.0,1.0,0.19399999999999995
405,0.0732,0.08539891242980957,21.169437562094863,2.998617649078369,2.691627025604248,5.182037353515625,0.8367187976837158,64.0,64.0,4.0,0.19199999999999995
406,0.1515,0.13549233973026276,6.1419308558455,1.0325045585632324,1.009899616241455,1.8333356380462646,0.8095703125,64.0,64.0,2.0,0.18999999999999995
407,0.0569,0.05261776223778725,1.6160341426865887,0.7258337140083313,0.8153914213180542,0.9527639746665955,0.7990000247955322,25.0,25.0,0.0,0.18799999999999994
408,0.0465,0.04504072666168213,0.9723692830816083,0.7326489686965942,0.7497284412384033,0.7855429649353027,0.8197916746139526,24.0,24.0,1.0,0.18600000000000005
409,0.0468,0.03988814353942871,1.1458786320125423,0.723589301109314,0.778092622756958,0.8566727638244629,0.8059896230697632,24.0,24.0,3.0,0.18400000000000005
410,0.1053,0.10364821553230286,2.957671468839278,1.1901793479919434,1.4333137273788452,2.083127975463867,0.804492175579071,64.0,64.0,2.0,0.18200000000000005
411,0.0485,0.05790790915489197,1.2224978600038656,1.2771332263946533,1.3032294511795044,2.6807570457458496,0.7890625,64.0,64.0,1.0,0.18000000000000005
412,0.0749,0.05642884224653244,24.263046430760202,2.34112548828125,1.9903459548950195,3.6324048042297363,0.8070312738418579,24.0,24.0,4.0,0.17800000000000005
413,0.0431,0.0374942347407341,1.0369666479405781,0.7251694202423096,0.7821820974349976,0.7789507508277893,0.8072917461395264,24.0,24.0,1.0,0.17600000000000005
414,0.0556,0.034023016691207886,17.81239238084361,1.8996378183364868,1.6957975625991821,2.888221263885498,0.7666666507720947,9.0,9.0,4.0,0.17400000000000004
415,0.0539,0.05228365957736969,14.49462481176238,2.883937120437622,2.618603229522705,4.4717206954956055,0.8104166984558105,24.0,24.0,4.0,0.17200000000000004
416,0.0479,0.07390769571065903,1.8880166954030098,1.4617599248886108,1.7637267112731934,2.765364170074463,0.785351574420929,64.0,64.0,1.0,0.17000000000000004
417,0.0464,0.041565872728824615,1.192817491879261,0.68205726146698,0.732776939868927,0.7448911070823669,0.8159999847412109,25.0,25.0,1.0,0.16800000000000004
418,0.0829,0.1135302186012268,7.821492143608733,0.8983200788497925,1.2344471216201782,1.2385908365249634,0.7841145992279053,24.0,24.0,0.0,0.16600000000000004
419,0.0533,0.06247498095035553,2.6533514772464533,1.6607204675674438,2.0455775260925293,3.090322494506836,0.8135742545127869,64.0,64.0,3.0,0.16400000000000003
420,0.0513,0.059460632503032684,2.73711198349696,1.028304934501648,1.240143895149231,1.590285301208496,0.7943359613418579,32.0,32.0,1.0,0.16200000000000003
421,0.063,0.05297456309199333,3.5505831193170647,1.1768559217453003,1.4206554889678955,2.177888870239258,0.8100260496139526,48.0,48.0,0.0,0.16000000000000003
422,0.0467,0.04435131698846817,0.9265886890117739,0.7266970872879028,0.780534029006958,0.7780797481536865,0.8122395873069763,24.0,24.0,1.0,0.15800000000000003
423,0.0527,0.045002784579992294,6.989930633365047,3.2214386463165283,3.1013190746307373,4.75144624710083,0.7979166507720947,24.0,24.0,4.0,0.15600000000000003
424,0.0558,0.04098490625619888,1.739574770156889,1.415336012840271,1.447584629058838,2.6908962726593018,0.824414074420929,64.0,64.0,0.0,0.15400000000000003
425,0.0567,0.055717844516038895,10.667638599565128,2.8392083644866943,2.6808252334594727,4.107253551483154,0.8013020753860474,24.0,24.0,4.0,0.15200000000000002
426,0.051,0.04450230672955513,0.9977568947145032,0.6816139221191406,0.7295650243759155,0.7288668751716614,0.8072916269302368,24.0,24.0,3.0,0.15000000000000002
427,0.0543,0.0615469291806221,1.6348360220141618,0.641962468624115,0.690636396408081,0.7080316543579102,0.8091145753860474,24.0,24.0,3.0,0.14800000000000002
428,0.0618,0.05236046388745308,2.1191295316121286,0.658921480178833,0.7058911919593811,0.7119956612586975,0.8083333373069763,24.0,24.0,0.0,0.14600000000000002
429,0.0491,0.04592354968190193,1.4670279825658283,0.7209938168525696,0.7822407484054565,0.762709379196167,0.8130208253860474,24.0,24.0,1.0,0.14400000000000002
430,0.052,0.05122252553701401,1.8995375869745206,0.706329345703125,0.7501420974731445,0.752447247505188,0.8091145753860474,24.0,24.0,3.0,0.14200000000000002
431,0.0661,0.04564002901315689,13.958977960509214,2.2552685737609863,2.1923866271972656,3.126431941986084,0.7468750476837158,10.0,10.0,4.0,0.14
432,0.0517,0.05061584711074829,9.277361449044042,3.27256441116333,3.1190764904022217,4.55556583404541,0.8031250238418579,24.0,24.0,4.0,0.138
433,0.0424,0.034221306443214417,3.9155685017741337,3.2490906715393066,3.1836228370666504,4.521462440490723,0.7993749976158142,20.0,20.0,4.0,0.136
434,0.0441,0.03494154289364815,1.34978554262292,0.7500190138816833,0.7875456809997559,0.8070476055145264,0.813281238079071,24.0,24.0,1.0,0.134
435,0.0639,0.06382766366004944,3.6662707852811263,1.6041240692138672,1.8882441520690918,2.7076773643493652,0.7874999642372131,64.0,64.0,0.0,0.132
436,0.1136,0.11059758067131042,13.07994336751822,1.281084656715393,1.61906099319458,1.8752185106277466,0.7859375476837158,64.0,64.0,2.0,0.13
437,0.0494,0.04299551248550415,1.0448078075076204,0.6870537400245667,0.7266888618469238,0.7472690343856812,0.8179687857627869,24.0,24.0,3.0,0.128
438,0.0514,0.04343496263027191,1.046462505254533,0.6727492809295654,0.7197502851486206,0.7257357835769653,0.8187500238418579,25.0,25.0,3.0,0.126
439,0.067,0.04254825413227081,2.590410794143694,0.7191624045372009,0.7442753314971924,0.7611103057861328,0.81640625,24.0,24.0,0.0,0.124
440,0.1032,0.10858537256717682,5.970365699817299,1.277488112449646,1.3620808124542236,1.7940707206726074,0.793164074420929,64.0,64.0,2.0,0.122
441,0.1421,0.12078283727169037,28.830307957756087,2.9329049587249756,2.802625894546509,3.831552028656006,0.7294270992279053,24.0,24.0,4.0,0.12
442,0.1016,0.10212995857000351,15.919730578852079,3.375192642211914,3.279693841934204,4.508930206298828,0.775585949420929,32.0,32.0,4.0,0.118
443,0.0573,0.05594220384955406,1.683083364496857,0.7732365727424622,0.8244904279708862,0.8119949698448181,0.8177083134651184,24.0,24.0,1.0,0.11599999999999999
444,0.0661,0.05605572462081909,2.271440241756265,1.0673857927322388,1.1223251819610596,1.4784700870513916,0.808398425579071,32.0,32.0,0.0,0.11399999999999999
445,0.082,0.080169677734375,17.304669992031176,3.3778271675109863,3.086132049560547,4.438419342041016,0.7966145873069763,24.0,24.0,4.0,0.11199999999999999
446,0.0878,0.10418382287025452,18.15304652560955,4.017011642456055,3.7133007049560547,5.334834575653076,0.80029296875,64.0,64.0,4.0,0.10999999999999999
447,0.0576,0.08038516342639923,2.06202006189414,1.802156925201416,1.9333148002624512,2.733062267303467,0.763378918170929,64.0,64.0,1.0,0.10799999999999998
448,0.1029,0.12725727260112762,5.72286953107797,1.2914245128631592,1.4571374654769897,1.754401683807373,0.8026367425918579,64.0,64.0,2.0,0.10599999999999998
449,0.0541,0.047029465436935425,2.1633838432437384,0.7693077921867371,0.820742666721344,0.8011864423751831,0.8153645992279053,24.0,24.0,1.0,0.10399999999999998
450,0.0602,0.047404393553733826,3.8135871238116734,1.4452970027923584,1.5662204027175903,2.1799263954162598,0.8207031488418579,48.0,48.0,0.0,0.10199999999999998
451,0.0525,0.058246634900569916,1.4397168135923477,0.8213906288146973,0.9364288449287415,0.9400046467781067,0.807812511920929,24.0,24.0,3.0,0.09999999999999998
452,0.1034,0.10624098777770996,4.028036780229602,1.4647663831710815,1.5439765453338623,1.9221574068069458,0.8104492425918579,64.0,64.0,2.0,0.09799999999999998
453,0.0555,0.06847885251045227,2.7185177909640594,0.6882494688034058,0.7196365594863892,0.7138702273368835,0.8104166388511658,24.0,24.0,0.0,0.09599999999999997
454,0.0551,0.05198097974061966,2.3514302261701836,0.7347034215927124,0.7515316605567932,0.769271969795227,0.8205729126930237,24.0,24.0,0.0,0.09399999999999997
455,0.0574,0.054458510130643845,2.0025019554542283,0.635322630405426,0.7009719610214233,0.6663252115249634,0.8091146349906921,24.0,24.0,0.0,0.09199999999999997
456,0.0492,0.047919388860464096,1.2323535676228892,0.7608271837234497,0.8164154291152954,0.7885648608207703,0.8218749761581421,24.0,24.0,1.0,0.08999999999999997
457,0.1012,0.09907184541225433,2.416265954398137,1.812307357788086,1.9584200382232666,2.4406957626342773,0.7922852039337158,64.0,64.0,2.0,0.08799999999999997
458,0.0517,0.04640848934650421,1.0599190576245079,2.037482976913452,2.142705202102661,2.8249125480651855,0.8388671875,64.0,64.0,0.0,0.08599999999999997
459,0.0519,0.05522080510854721,1.720419253451389,0.7431232333183289,0.8066761493682861,0.770135760307312,0.8158854246139526,24.0,24.0,1.0,0.08399999999999996
460,0.1394,0.1094505786895752,29.7913339738137,2.6412205696105957,2.240664005279541,3.1977269649505615,0.7362500429153442,10.0,10.0,4.0,0.08199999999999996
461,0.1336,0.11890123784542084,24.49471334569995,3.445010185241699,2.84889817237854,4.167070388793945,0.77734375,24.0,24.0,4.0,0.07999999999999996
462,0.1183,0.10249470174312592,21.754739326240237,3.541447877883911,3.091641426086426,4.241693496704102,0.7718750238418579,24.0,24.0,4.0,0.07799999999999996
463,0.0515,0.06028711050748825,1.0471268093734263,0.7457147836685181,0.8078175783157349,0.8006970882415771,0.8036458492279053,24.0,24.0,3.0,0.07599999999999996
464,0.1148,0.1220465898513794,11.956520216064552,1.7383674383163452,2.2097268104553223,2.1477699279785156,0.803417980670929,64.0,64.0,2.0,0.07399999999999995
465,0.0747,0.078396275639534,7.524684011411765,3.850966453552246,3.7036426067352295,4.507268905639648,0.7803977727890015,22.0,22.0,4.0,0.07199999999999995
466,0.067,0.0919746458530426,3.9826357437315734,2.393524646759033,3.0247607231140137,3.0142531394958496,0.8207031488418579,64.0,64.0,0.0,0.06999999999999995
467,0.0474,0.04732367768883705,1.02111880648022,0.7488853931427002,0.8053592443466187,0.7692787647247314,0.8177083134651184,24.0,24.0,1.0,0.06799999999999995
468,0.0636,0.06213246285915375,4.4305155779510095,3.5429461002349854,3.5920748710632324,4.067262649536133,0.7947916984558105,24.0,24.0,4.0,0.06599999999999995
469,0.0663,0.06372766196727753,3.469477498072224,4.495057106018066,4.601391792297363,5.190594673156738,0.8164772987365723,22.0,22.0,4.0,0.06399999999999995
470,0.0499,0.05466446280479431,1.284363216672325,0.86896151304245,1.0323419570922852,0.9449145793914795,0.8052083253860474,24.0,24.0,3.0,0.062000000000000055
471,0.0575,0.04528148099780083,5.686641259562217,0.7111087441444397,0.7571115493774414,0.7353379130363464,0.8114583492279053,24.0,24.0,3.0,0.06000000000000005
472,0.0579,0.05345092713832855,3.052616077388348,3.481968879699707,3.54453182220459,3.9262142181396484,0.7958333492279053,24.0,24.0,4.0,0.05800000000000005
473,0.0478,0.037393972277641296,1.466138629249371,0.7052268981933594,0.7409296035766602,0.7212790250778198,0.8174479603767395,24.0,24.0,3.0,0.05600000000000005
474,0.1019,0.09629705548286438,5.747762496893561,1.6061441898345947,1.8205056190490723,1.8447917699813843,0.82373046875,64.0,64.0,2.0,0.05400000000000005
475,0.0617,0.06748244911432266,6.9070934204209795,4.784024715423584,4.447549819946289,5.4112629890441895,0.8187499642372131,40.0,40.0,4.0,0.052000000000000046
476,0.0613,0.06693543493747711,2.3564732346033983,0.9253890514373779,1.016659140586853,0.9840984344482422,0.8023437261581421,24.0,24.0,0.0,0.050000000000000044
477,0.0545,0.05433844029903412,1.6433111558792792,0.6834337711334229,0.7186552286148071,0.7025552988052368,0.8065103888511658,24.0,24.0,3.0,0.04800000000000004
478,0.102,0.12353792041540146,2.6598217045477552,1.901936650276184,2.024724006652832,2.185591459274292,0.8124023675918579,64.0,64.0,2.0,0.04600000000000004
479,0.0593,0.06459163129329681,1.8290054584979702,1.3558437824249268,1.3359434604644775,1.541588544845581,0.7982422113418579,32.0,32.0,0.0,0.04400000000000004
480,0.0822,0.10368478298187256,15.260279888012189,4.887032508850098,4.361612796783447,5.407324314117432,0.8348633050918579,64.0,64.0,4.0,0.04200000000000004
481,0.0572,0.07103651016950607,8.400816016513309,4.330135345458984,3.988799571990967,4.7456817626953125,0.7876953482627869,32.0,32.0,4.0,0.040000000000000036
482,0.0497,0.06025544926524162,1.6120530060131553,1.7381432056427002,2.0055487155914307,2.0025391578674316,0.7936198115348816,48.0,48.0,1.0,0.038000000000000034
483,0.0488,0.0696205198764801,4.167112664369066,4.224447250366211,4.053302764892578,4.575257778167725,0.77734375,40.0,40.0,4.0,0.03600000000000003
484,0.0523,0.02753608115017414,2.990866062364781,2.6483683586120605,2.6923828125,2.8327465057373047,0.7328125238418579,8.0,8.0,4.0,0.03400000000000003
485,0.1122,0.1026337742805481,5.989466777676701,1.8129944801330566,2.0278568267822266,1.9634984731674194,0.82763671875,64.0,64.0,2.0,0.03200000000000003
486,0.1057,0.11501991748809814,7.447829237918357,1.89919912815094,2.1646718978881836,2.080827474594116,0.802539050579071,64.0,64.0,2.0,0.030000000000000027
487,0.0486,0.05395680293440819,0.8666167121058922,0.7965565919876099,0.8442672491073608,0.8099402785301208,0.8044270873069763,24.0,24.0,3.0,0.028000000000000025
488,0.0674,0.10866473615169525,3.040471533141523,2.4390878677368164,2.765902042388916,2.6830811500549316,0.765625,64.0,64.0,1.0,0.026000000000000023
489,0.0611,0.07604572921991348,2.0957061664669414,1.158170223236084,1.3023871183395386,1.208465337753296,0.7934895753860474,24.0,24.0,0.0,0.02400000000000002
490,0.0788,0.08394569158554077,11.863633575335228,4.699019432067871,4.3725762367248535,4.955994606018066,0.8191406726837158,64.0,64.0,4.0,0.02200000000000002
491,0.0484,0.059046726673841476,0.9117297989450341,0.7323426604270935,0.7906714677810669,0.7374728918075562,0.8148437738418579,24.0,24.0,1.0,0.020000000000000018
492,0.0495,0.04408563673496246,0.8291021303854098,0.6923085451126099,0.7553456425666809,0.6992695331573486,0.8151041865348816,24.0,24.0,3.0,0.018000000000000016
493,0.0578,0.05336757376790047,3.5897542289109468,1.7445292472839355,1.573063850402832,1.8490983247756958,0.8298437595367432,40.0,40.0,0.0,0.016000000000000014
494,0.0759,0.08754287660121918,11.036404952618408,4.99685001373291,4.697973728179932,5.164368629455566,0.8086914420127869,64.0,64.0,4.0,0.014000000000000012
495,0.0638,0.07350805401802063,6.685647746670537,5.198229789733887,5.101276874542236,5.339099407196045,0.821582019329071,64.0,64.0,4.0,0.01200000000000001
496,0.0558,0.05823715403676033,4.283971769191321,4.267782211303711,4.305954456329346,4.358631134033203,0.7898437976837158,24.0,24.0,4.0,0.010000000000000009
497,0.0536,0.05405217781662941,1.403260513111935,0.7022794485092163,0.7461045980453491,0.7044994831085205,0.8098958730697632,24.0,24.0,3.0,0.008000000000000007
498,0.0665,0.06872335076332092,4.717304732500452,2.7451424598693848,3.1723127365112305,2.8009324073791504,0.8230469226837158,64.0,64.0,0.0,0.006000000000000005
499,0.0486,0.04539906233549118,1.3294620087550966,0.7744872570037842,0.8401678800582886,0.7767043709754944,0.8105000257492065,25.0,25.0,3.0,0.0040000000000000036
500,0.0693,0.08999145030975342,9.845166813860324,4.693999290466309,5.157393932342529,4.7138166427612305,0.8099609613418579,64.0,64.0,4.0,0.0020000000000000018
501,0.0654,0.08510565757751465,8.216276828719224,5.219425201416016,5.707304954528809,5.219425201416016,0.8062499761581421,56.0,56.0,4.0,0.0
502,0.0548,0.06373926997184753,1.057951230417713,0.7509191036224365,0.8110772371292114,0.7509191036224365,0.8052083253860474,24.0,24.0,3.0,0.0
503,0.0552,0.05496164411306381,1.3518406590528378,0.7393673062324524,0.7873634696006775,0.7393673062324524,0.8149999976158142,25.0,25.0,3.0,0.0
504,0.0648,0.09803475439548492,3.1434304270676923,2.702667236328125,2.9059391021728516,2.702667236328125,0.76025390625,64.0,64.0,1.0,0.0
505,0.0561,0.043001364916563034,1.2052949145009815,0.7216559648513794,0.763390302658081,0.7216559648513794,0.812749981880188,25.0,25.0,3.0,0.0
506,0.1103,0.08957640826702118,3.7750319360732747,1.8030236959457397,1.6783244609832764,1.8030236959457397,0.811328113079071,64.0,64.0,2.0,0.0
507,0.0482,0.03637703135609627,2.1808942000905764,0.7379139065742493,0.7818231582641602,0.7379139065742493,0.8119791746139526,24.0,24.0,3.0,0.0
508,0.1039,0.10280318558216095,2.515870918166138,1.7451601028442383,1.7650084495544434,1.7451601028442383,0.8124023675918579,64.0,64.0,2.0,0.0
509,0.0452,0.04272463545203209,0.7349377585994444,0.7690496444702148,0.8115386962890625,0.7690496444702148,0.817187488079071,24.0,24.0,3.0,0.0
510,0.0745,0.05740188807249069,13.014590239347875,3.3262081146240234,3.0848026275634766,3.3262081146240234,0.7506250143051147,10.0,10.0,4.0,0.0
511,0.065,0.05579724907875061,3.2746034554297476,2.8064351081848145,2.972343683242798,2.8064351081848145,0.8208984136581421,64.0,64.0,0.0,0.0
512,0.062,0.08336974680423737,2.246207525761653,2.7357265949249268,3.022418260574341,2.7357265949249268,0.798144519329071,64.0,64.0,1.0,0.0
513,0.0453,0.04755198955535889,1.0141037341261476,0.777985155582428,0.8226262331008911,0.777985155582428,0.8013020753860474,24.0,24.0,1.0,0.0
514,0.0503,0.04489859938621521,1.2532530773343862,0.7823787331581116,0.8177767992019653,0.7823787331581116,0.8114582896232605,24.0,24.0,1.0,0.0
515,0.0662,0.07025618851184845,11.138260647263964,4.794126033782959,4.330906867980957,4.794126033782959,0.7749999761581421,24.0,24.0,4.0,0.0
516,0.1127,0.12639069557189941,6.218076495575543,1.5194913148880005,1.7759346961975098,1.5194913148880005,0.8228515386581421,64.0,64.0,2.0,0.0
517,0.0638,0.047448139637708664,2.305739409844303,0.7435758709907532,0.7833127975463867,0.7435758709907532,0.8147500157356262,25.0,25.0,0.0,0.0
518,0.0597,0.06019614264369011,2.1523103727883997,2.914201259613037,3.038506031036377,2.914201259613037,0.8392578363418579,64.0,64.0,0.0,0.0
519,0.0736,0.05300886183977127,13.50651636113918,3.7031142711639404,3.4522178173065186,3.7031142711639404,0.8080729246139526,24.0,24.0,4.0,0.0
520,0.0586,0.06413323432207108,1.1712138557964342,1.2237789630889893,1.3531728982925415,1.2237789630889893,0.809249997138977,25.0,25.0,0.0,0.0
521,0.0502,0.05014397203922272,1.7822058917452992,0.7529886364936829,0.800896167755127,0.7529886364936829,0.8106770515441895,24.0,24.0,3.0,0.0
522,0.0577,0.03544965013861656,10.292150039196226,3.190757989883423,3.01566743850708,3.190757989883423,0.7645833492279053,9.0,9.0,4.0,0.0
523,0.0546,0.021895190700888634,8.096056300533899,2.457038402557373,2.3796041011810303,2.457038402557373,0.7412500381469727,10.0,10.0,4.0,0.0
524,0.0527,0.06017586216330528,1.595880578802409,0.7070361375808716,0.7852518558502197,0.7070361375808716,0.811718761920929,24.0,24.0,0.0,0.0
525,0.049,0.05202217400074005,1.6600496368441526,0.8898537158966064,0.9828557968139648,0.8898537158966064,0.8125,25.0,25.0,0.0,0.0
526,0.044,0.03996468335390091,1.0338056024284705,0.6921964883804321,0.7463986873626709,0.6921964883804321,0.8049479722976685,24.0,24.0,3.0,0.0
527,0.0691,0.0965113490819931,5.481366015348396,2.327526569366455,3.022470712661743,2.327526569366455,0.8068080544471741,56.0,56.0,1.0,0.0
528,0.0468,0.06464160978794098,3.708886153578515,4.989205360412598,5.284060478210449,4.989205360412598,0.828125,56.0,56.0,4.0,0.0
529,0.0488,0.04948990046977997,2.3734793022212686,5.265067100524902,5.501333236694336,5.265067100524902,0.839062511920929,48.0,48.0,4.0,0.0
530,0.045,0.04924459755420685,1.6345225607226659,5.316916465759277,5.324542999267578,5.316916465759277,0.83984375,32.0,32.0,4.0,0.0
531,0.0409,0.057653896510601044,2.29931985474764,5.124813079833984,5.159796714782715,5.124813079833984,0.8543527126312256,56.0,56.0,4.0,0.0
532,0.0547,0.03985590487718582,1.955245098424782,0.7166467905044556,0.7183756828308105,0.7166467905044556,0.8007500171661377,25.0,25.0,3.0,0.0
533,0.1011,0.09856797754764557,5.803044824087534,1.8285553455352783,2.028029441833496,1.8285553455352783,0.8125,64.0,64.0,2.0,0.0
534,0.045,0.0414993092417717,5.755639063822241,4.500466346740723,4.305603981018066,4.500466346740723,0.8158854246139526,24.0,24.0,4.0,0.0
535,0.0961,0.1011727899312973,4.046971313807998,1.7171859741210938,1.791834831237793,1.7171859741210938,0.8235352039337158,64.0,64.0,2.0,0.0
536,0.0522,0.07089239358901978,1.283630160524946,2.7004776000976562,2.711134910583496,2.7004776000976562,0.7985351085662842,64.0,64.0,1.0,0.0
537,0.1041,0.10613958537578583,1.8438253095805284,1.987506628036499,2.1541192531585693,1.987506628036499,0.8203125,64.0,64.0,2.0,0.0
538,0.0509,0.03162712603807449,8.771669314212135,2.918355941772461,2.7747511863708496,2.918355941772461,0.749218761920929,8.0,8.0,4.0,0.0
539,0.0523,0.06613564491271973,1.6731973551028099,0.7529520988464355,0.7942470908164978,0.7529520988464355,0.8065104484558105,24.0,24.0,1.0,0.0
540,0.0519,0.05124162137508392,1.5062435698951426,0.8057225346565247,0.8278627395629883,0.8057225346565247,0.8028645515441895,24.0,24.0,1.0,0.0
541,0.0491,0.049493297934532166,0.8667776655869859,0.7595946788787842,0.7932131886482239,0.7595946788787842,0.813249945640564,25.0,25.0,3.0,0.0
542,0.0601,0.06334111094474792,3.6247702069826464,2.5165724754333496,2.4493281841278076,2.5165724754333496,0.8150669932365417,56.0,56.0,0.0,0.0
543,0.0476,0.062262412160634995,5.6038595110599685,4.520259857177734,4.371990203857422,4.520259857177734,0.8135937452316284,40.0,40.0,4.0,0.0
544,0.0445,0.0805889293551445,3.852279560681844,5.106091499328613,5.016225337982178,5.106091499328613,0.844921886920929,64.0,64.0,4.0,0.0
545,0.0554,0.08894596993923187,2.6863461739692664,2.8664920330047607,3.1883304119110107,2.8664920330047607,0.790234386920929,64.0,64.0,1.0,0.0
546,0.0579,0.0445118322968483,2.185746706000691,0.7144079208374023,0.7731782793998718,0.7144079208374023,0.8140624761581421,24.0,24.0,0.0,0.0
547,0.0621,0.059056684374809265,3.219757124392385,0.7975445985794067,0.8519198894500732,0.7975445985794067,0.8170000314712524,25.0,25.0,1.0,0.0
548,0.0442,0.029497593641281128,5.52975684276056,2.9923818111419678,3.005324363708496,2.9923818111419678,0.7612500190734863,10.0,10.0,4.0,0.0
549,0.044,0.057219989597797394,3.3832234646958934,4.987228870391846,4.838652610778809,4.987228870391846,0.8370116949081421,64.0,64.0,4.0,0.0
550,0.041,0.034642938524484634,2.9040539858034498,4.482243537902832,4.497020721435547,4.482243537902832,0.8149456977844238,23.0,23.0,4.0,0.0
551,0.1233,0.11604484915733337,6.881245522228202,1.7415952682495117,1.9267784357070923,1.7415952682495117,0.8206055164337158,64.0,64.0,2.0,0.0
552,0.0509,0.05063349008560181,1.9831532294644827,0.7520851492881775,0.8049371242523193,0.7520851492881775,0.8179687261581421,24.0,24.0,1.0,0.0
553,0.0585,0.05487077683210373,2.290456160975866,0.6593902111053467,0.7354865074157715,0.6593902111053467,0.8179999589920044,25.0,25.0,0.0,0.0
554,0.0511,0.04519180208444595,1.5075982631833582,0.7572646141052246,0.7967376708984375,0.7572646141052246,0.8143229484558105,24.0,24.0,0.0,0.0
555,0.0456,0.038122598081827164,0.9610239312569466,0.7514640092849731,0.8162292838096619,0.7514640092849731,0.8078124523162842,24.0,24.0,3.0,0.0
556,0.0488,0.05507919192314148,1.6024350385902237,0.7373844385147095,0.790752649307251,0.7373844385147095,0.8096354007720947,24.0,24.0,1.0,0.0
557,0.0657,0.06684560328722,13.974357949117826,4.8850836753845215,4.583741188049316,4.8850836753845215,0.7937500476837158,24.0,24.0,4.0,0.0
558,0.0476,0.03591164946556091,1.321677728714001,0.7560886740684509,0.7939090132713318,0.7560886740684509,0.8083333373069763,24.0,24.0,3.0,0.0
559,0.0485,0.04356859251856804,1.570159947782148,1.9614417552947998,2.0835471153259277,1.9614417552947998,0.8356770873069763,48.0,48.0,1.0,0.0
560,0.0684,0.04744894802570343,12.978673384097029,3.5105905532836914,3.3282766342163086,3.5105905532836914,0.7392045259475708,11.0,11.0,4.0,0.0
561,0.0452,0.04203027859330177,1.126539291935799,0.8002647161483765,0.8451764583587646,0.8002647161483765,0.8127604722976685,24.0,24.0,1.0,0.0
562,0.0483,0.05115106701850891,1.1718397730007564,0.7609610557556152,0.8063759803771973,0.7609610557556152,0.8184895515441895,24.0,24.0,3.0,0.0
563,0.1011,0.09600789099931717,3.444782038464158,2.4043734073638916,2.6531100273132324,2.4043734073638916,0.8098633289337158,64.0,64.0,2.0,0.0
564,0.0536,0.05074065178632736,1.5267811725080813,2.532893657684326,2.5846424102783203,2.532893657684326,0.8363839387893677,56.0,56.0,0.0,0.0
565,0.0982,0.08869387954473495,3.7884370652489032,1.519683837890625,1.664778709411621,1.519683837890625,0.8448242545127869,64.0,64.0,2.0,0.0
566,0.048,0.06303785741329193,8.959447300448637,4.660835266113281,4.5064544677734375,4.660835266113281,0.8139063119888306,40.0,40.0,4.0,0.0
567,0.0456,0.060597438365221024,1.1322277783556698,3.0134925842285156,2.8743152618408203,3.0134925842285156,0.8134765625,64.0,64.0,3.0,0.0
568,0.0884,0.06836090981960297,1.7964175559547144,1.9879975318908691,1.9897866249084473,1.9879975318908691,0.8160156607627869,64.0,64.0,2.0,0.0
569,0.0325,0.029628150165081024,6.01205664272985,3.37382173538208,3.2899158000946045,3.37382173538208,0.7926136255264282,11.0,11.0,4.0,0.0
570,0.0962,0.07564403116703033,1.9930798423160543,1.765932321548462,1.8915934562683105,1.765932321548462,0.8293945789337158,64.0,64.0,2.0,0.0
571,0.0357,0.03044728748500347,4.072424421799649,4.580685615539551,4.503951549530029,4.580685615539551,0.823437511920929,24.0,24.0,4.0,0.0
572,0.0411,0.041045792400836945,3.076729526680394,5.029577732086182,5.088536262512207,5.029577732086182,0.8259375095367432,40.0,40.0,4.0,0.0
573,0.0537,0.044851358979940414,3.7464148402918402,0.7265552282333374,0.7607132792472839,0.7265552282333374,0.8122396469116211,24.0,24.0,0.0,0.0
574,0.094,0.10176311433315277,5.6463853159695025,2.0722079277038574,2.435554027557373,2.0722079277038574,0.8274414539337158,64.0,64.0,2.0,0.0
575,0.049,0.05524915084242821,2.355230753401447,0.733932614326477,0.7847477197647095,0.733932614326477,0.819531261920929,24.0,24.0,0.0,0.0
576,0.0647,0.07003651559352875,3.9694499737669133,0.9488993287086487,1.0891528129577637,0.9488993287086487,0.803906261920929,24.0,24.0,0.0,0.0
577,0.0487,0.04392367973923683,1.4997989560092466,0.6452791094779968,0.7069162130355835,0.6452791094779968,0.8046875,24.0,24.0,3.0,0.0
578,0.0386,0.0352301225066185,4.5901529582002505,3.763909339904785,3.72674560546875,3.763909339904785,0.7841145992279053,24.0,24.0,4.0,0.0
579,0.0471,0.036202505230903625,5.176788501408933,4.764305114746094,4.741299152374268,4.764305114746094,0.8053976893424988,22.0,22.0,4.0,0.0
580,0.0492,0.051700033247470856,1.0372511850956552,0.7736006379127502,0.801188588142395,0.7736006379127502,0.7997395992279053,24.0,24.0,3.0,0.0
581,0.1022,0.09205599129199982,4.260295918261066,1.9801983833312988,2.010922431945801,1.9801983833312988,0.816113293170929,64.0,64.0,2.0,0.0
582,0.0451,0.03975030034780502,7.189677553517363,4.254631996154785,4.180823802947998,4.254631996154785,0.8169270753860474,24.0,24.0,4.0,0.0
583,0.0863,0.09394550323486328,1.8789309168301294,1.883685827255249,1.8955740928649902,1.883685827255249,0.8240234851837158,64.0,64.0,2.0,0.0
584,0.0537,0.042296525090932846,1.552386680271207,0.763598620891571,0.8043076992034912,0.763598620891571,0.8075520992279053,24.0,24.0,1.0,0.0
585,0.045,0.03939102962613106,0.8826891767493993,0.7439931631088257,0.7797139883041382,0.7439931631088257,0.8144999742507935,25.0,25.0,1.0,0.0
586,0.0576,0.047899551689624786,2.5482847461308484,0.9634086489677429,1.1092926263809204,0.9634086489677429,0.7999999523162842,25.0,25.0,0.0,0.0
587,0.0379,0.023328136652708054,7.200434147936959,2.9133810997009277,2.857588291168213,2.9133810997009277,0.7431818246841431,11.0,11.0,4.0,0.0
588,0.0367,0.05731142684817314,5.356583677169912,4.893083572387695,4.801399230957031,4.893083572387695,0.8450195789337158,64.0,64.0,4.0,0.0
589,0.0479,0.04283897206187248,1.034425427711982,0.7760363817214966,0.8210234045982361,0.7760363817214966,0.8002604246139526,24.0,24.0,3.0,0.0
590,0.0838,0.09945908188819885,6.037889991498898,2.0875630378723145,2.4333086013793945,2.0875630378723145,0.805859386920929,64.0,64.0,2.0,0.0
591,0.0398,0.05138889700174332,5.635101955731036,5.189327716827393,5.223495006561279,5.189327716827393,0.8194335699081421,64.0,64.0,4.0,0.0
592,0.0552,0.057687245309352875,1.6900977283402185,0.9321900010108948,1.0046818256378174,0.9321900010108948,0.8138021230697632,24.0,24.0,0.0,0.0
593,0.0517,0.05556172505021095,1.8138955554198066,2.7767672538757324,2.9596099853515625,2.7767672538757324,0.826953113079071,64.0,64.0,0.0,0.0
594,0.0333,0.04605152830481529,4.476869954144388,4.859389305114746,4.7382097244262695,4.859389305114746,0.8363281488418579,48.0,48.0,4.0,0.0
595,0.0274,0.024382222443819046,2.9428036316649875,4.751152992248535,4.719183921813965,4.751152992248535,0.8473958373069763,24.0,24.0,4.0,0.0
596,0.046,0.04797687381505966,0.883441639849742,2.0590929985046387,1.9324212074279785,2.0590929985046387,0.8132812976837158,40.0,40.0,3.0,0.0
597,0.0812,0.08921173214912415,3.7509893013692994,2.2664527893066406,2.4447145462036133,2.2664527893066406,0.81298828125,64.0,64.0,2.0,0.0
598,0.0469,0.06443634629249573,7.581216220424621,5.0764875411987305,4.905564308166504,5.0764875411987305,0.8173828125,64.0,64.0,4.0,0.0
599,0.0475,0.04018421471118927,1.893701788314157,0.7557721138000488,0.818415641784668,0.7557721138000488,0.8122395873069763,24.0,24.0,0.0,0.0
600,0.0454,0.03957325220108032,0.963343554736432,0.7032188177108765,0.744674026966095,0.7032188177108765,0.8156250715255737,24.0,24.0,3.0,0.0
601,0.0478,0.04307786375284195,2.376606005700218,1.270678997039795,1.3589439392089844,1.270678997039795,0.830273449420929,32.0,32.0,0.0,0.0
602,0.0375,0.04690887778997421,5.5353706409223165,5.111822128295898,4.937431812286377,5.111822128295898,0.8260937929153442,40.0,40.0,4.0,0.0
603,0.0284,0.027580711990594864,3.0958379864539864,4.3757429122924805,4.405987739562988,4.3757429122924805,0.8377604484558105,24.0,24.0,4.0,0.0
604,0.0452,0.051528505980968475,1.2714538396522748,0.7241612076759338,0.77237868309021,0.7241612076759338,0.8135416507720947,24.0,24.0,1.0,0.0
605,0.0379,0.03173396736383438,4.396244831983815,4.755997657775879,4.873223304748535,4.755997657775879,0.8139204978942871,22.0,22.0,4.0,0.0
606,0.1047,0.1087116152048111,5.273560907766648,2.141641855239868,2.459137201309204,2.141641855239868,0.8096680045127869,64.0,64.0,2.0,0.0
607,0.0614,0.03914784640073776,3.5056584780752114,0.77289879322052,0.8017736673355103,0.77289879322052,0.8091145753860474,24.0,24.0,1.0,0.0
608,0.0541,0.04908500984311104,1.8010639840772127,0.7277327179908752,0.7580482959747314,0.7277327179908752,0.823437511920929,24.0,24.0,0.0,0.0
609,0.0506,0.05771099030971527,1.501094021161,0.8762489557266235,0.9507921934127808,0.8762489557266235,0.7994791865348816,24.0,24.0,0.0,0.0
610,0.0416,0.04693930596113205,0.9587017011132897,0.7798497676849365,0.7985864877700806,0.7798497676849365,0.8122395277023315,24.0,24.0,1.0,0.0
611,0.0479,0.04724544286727905,2.5043004479660764,2.1960713863372803,1.9711406230926514,2.1960713863372803,0.830078125,48.0,48.0,0.0,0.0
612,0.0539,0.06497862190008163,4.043360483119992,3.004542827606201,2.648358106613159,3.004542827606201,0.8099609613418579,64.0,64.0,3.0,0.0
613,0.0664,0.05079919844865799,15.075462315988938,4.985258102416992,4.513766288757324,4.985258102416992,0.8138020634651184,24.0,24.0,4.0,0.0
614,0.0792,0.08337144553661346,2.575183087118843,1.98447847366333,2.1286849975585938,1.98447847366333,0.8161133527755737,64.0,64.0,2.0,0.0
615,0.0828,0.08779621124267578,2.371058420755857,2.5330820083618164,2.6849141120910645,2.5330820083618164,0.8009765148162842,64.0,64.0,2.0,0.0
616,0.0433,0.04197494685649872,1.2685645095702716,0.7864483594894409,0.8362287282943726,0.7864483594894409,0.8044270873069763,24.0,24.0,3.0,0.0
617,0.049,0.0428130179643631,2.2194722928021937,0.7190438508987427,0.7790312767028809,0.7190438508987427,0.8122395277023315,24.0,24.0,1.0,0.0
618,0.0386,0.03234400600194931,8.586721394412997,4.620199680328369,4.491166114807129,4.620199680328369,0.819531261920929,24.0,24.0,4.0,0.0
619,0.0525,0.0464739054441452,1.6288752085577232,0.7873528599739075,0.8465936183929443,0.7873528599739075,0.8057291507720947,24.0,24.0,3.0,0.0
620,0.0328,0.03556104749441147,4.969210196568378,3.8552160263061523,3.8348379135131836,3.8552160263061523,0.8208333849906921,24.0,24.0,4.0,0.0
621,0.0578,0.08506251871585846,3.0508829228578924,0.7093836665153503,0.807740330696106,0.7093836665153503,0.8052083253860474,24.0,24.0,0.0,0.0
622,0.0469,0.05436372011899948,5.253239254484485,5.209552764892578,5.32594108581543,5.209552764892578,0.823925793170929,64.0,64.0,4.0,0.0
623,0.0435,0.0395238921046257,1.4634724681340963,0.6857219934463501,0.7606538534164429,0.6857219934463501,0.8087500333786011,25.0,25.0,3.0,0.0
624,0.0551,0.08622054010629654,4.660436552998489,2.785304069519043,3.605239152908325,2.785304069519043,0.82568359375,64.0,64.0,0.0,0.0
625,0.0546,0.057184379547834396,4.442459957169885,1.814558982849121,2.294481039047241,1.814558982849121,0.807187557220459,40.0,40.0,0.0,0.0
626,0.0855,0.07015633583068848,7.187046983977371,2.158588409423828,2.480541229248047,2.158588409423828,0.8050781488418579,64.0,64.0,2.0,0.0
627,0.0439,0.04339978098869324,6.87082238571774,4.509225845336914,4.2768683433532715,4.509225845336914,0.7903646230697632,24.0,24.0,4.0,0.0
628,0.0488,0.043094005435705185,1.41911482463649,0.707711935043335,0.7475464344024658,0.707711935043335,0.8023437261581421,24.0,24.0,3.0,0.0
629,0.0448,0.05358046293258667,8.18938798491815,5.251296520233154,5.024908065795898,5.251296520233154,0.8426758050918579,64.0,64.0,4.0,0.0
630,0.0495,0.06023797392845154,1.538265102001992,2.9720423221588135,2.957935333251953,2.9720423221588135,0.7999999523162842,64.0,64.0,3.0,0.0
631,0.0466,0.047530680894851685,2.0553672412888013,0.76694256067276,0.8159612417221069,0.76694256067276,0.8169270753860474,24.0,24.0,1.0,0.0
632,0.0517,0.04349146783351898,2.2671804736144208,0.7025913000106812,0.7353837490081787,0.7025913000106812,0.8090000152587891,25.0,25.0,3.0,0.0
633,0.0412,0.03263024240732193,0.8005145391291217,0.7471246123313904,0.7713536024093628,0.7471246123313904,0.8057291507720947,24.0,24.0,3.0,0.0
634,0.0473,0.03997050225734711,1.3164180887823078,0.7797739505767822,0.7932407259941101,0.7797739505767822,0.8151041269302368,24.0,24.0,1.0,0.0
635,0.0472,0.06675755977630615,8.154750257234756,5.137567520141602,5.091571807861328,5.137567520141602,0.809933066368103,56.0,56.0,4.0,0.0
636,0.0451,0.03643546625971794,6.348661364530448,4.584001541137695,4.542628765106201,4.584001541137695,0.8010416626930237,24.0,24.0,4.0,0.0
637,0.0312,0.029522668570280075,3.127223624223617,4.703502178192139,4.735743522644043,4.703502178192139,0.8166666626930237,24.0,24.0,4.0,0.0
638,0.0487,0.0495820976793766,1.79941644284986,1.6527152061462402,1.9784338474273682,1.6527152061462402,0.8240624666213989,40.0,40.0,1.0,0.0
639,0.0561,0.04256664961576462,3.202509774862401,1.254755973815918,1.3271132707595825,1.254755973815918,0.8162109851837158,32.0,32.0,0.0,0.0
640,0.1008,0.09841261059045792,5.496957039896664,1.2680318355560303,1.4240285158157349,1.2680318355560303,0.84130859375,64.0,64.0,2.0,0.0
641,0.0486,0.03306423872709274,1.2108523234539634,0.7232142686843872,0.7682322263717651,0.7232142686843872,0.8072916865348816,24.0,24.0,3.0,0.0
642,0.1005,0.07820574939250946,5.084553963856049,1.881601095199585,1.9738271236419678,1.881601095199585,0.8303711414337158,64.0,64.0,2.0,0.0
643,0.048,0.04535221308469772,1.1363046088292408,0.7220398187637329,0.7685975432395935,0.7220398187637329,0.80078125,24.0,24.0,3.0,0.0
644,0.0436,0.03734865039587021,1.0473456857035386,1.3186588287353516,1.311488389968872,1.3186588287353516,0.8259766101837158,32.0,32.0,1.0,0.0
645,0.0471,0.04380546137690544,1.866667569889948,0.7081395387649536,0.760027289390564,0.7081395387649536,0.8119791746139526,24.0,24.0,3.0,0.0
646,0.0832,0.06390729546546936,2.1929772586638343,1.5210180282592773,1.5073899030685425,1.5210180282592773,0.8542969226837158,64.0,64.0,2.0,0.0
647,0.0467,0.04325557127594948,1.5665681505872855,0.7753896713256836,0.8320232629776001,0.7753896713256836,0.8093750476837158,24.0,24.0,3.0,0.0
648,0.1019,0.09210366010665894,16.40629979085486,4.836084842681885,4.287384510040283,4.836084842681885,0.7575521469116211,24.0,24.0,4.0,0.0
649,0.0842,0.08176343142986298,14.197881434485197,4.796202659606934,4.441179275512695,4.796202659606934,0.7768229246139526,24.0,24.0,4.0,0.0
650,0.0423,0.040803126990795135,1.306320027213335,0.7593567967414856,0.7980884313583374,0.7593567967414856,0.8050000667572021,25.0,25.0,1.0,0.0
651,0.0467,0.06200648844242096,6.779962774312384,4.302657127380371,4.238743782043457,4.302657127380371,0.7945312261581421,24.0,24.0,4.0,0.0
652,0.0428,0.08044563978910446,4.9155163996074736,4.963658332824707,5.011507987976074,4.963658332824707,0.8210937976837158,64.0,64.0,4.0,0.0
653,0.0467,0.036126330494880676,1.513471570168565,0.7397183179855347,0.790027379989624,0.7397183179855347,0.8080729246139526,24.0,24.0,3.0,0.0
654,0.0359,0.042314108461141586,5.349756584392927,4.642993927001953,4.893281936645508,4.642993927001953,0.8031250238418579,24.0,24.0,4.0,0.0
655,0.0523,0.03717188909649849,3.7482299183991774,0.7612617015838623,0.8116601705551147,0.7612617015838623,0.8106771111488342,24.0,24.0,3.0,0.0
656,0.0445,0.047054897993803024,2.035425017696719,2.0180487632751465,2.1656341552734375,2.0180487632751465,0.8100000619888306,40.0,40.0,3.0,0.0
657,0.0448,0.05000412464141846,1.5432822374984252,0.7284761667251587,0.7873964309692383,0.7284761667251587,0.8057291507720947,24.0,24.0,3.0,0.0
658,0.0504,0.044037677347660065,7.529340461098843,4.365425109863281,4.408415794372559,4.365425109863281,0.7809895873069763,24.0,24.0,4.0,0.0
659,0.0608,0.06855379045009613,3.9737251154310624,0.9102916717529297,1.044795274734497,0.9102916717529297,0.8070312738418579,24.0,24.0,0.0,0.0
660,0.0443,0.03455883264541626,5.117952379259371,4.511466026306152,4.472445011138916,4.511466026306152,0.7958333492279053,24.0,24.0,4.0,0.0
661,0.0966,0.0850166603922844,7.5419978384203565,2.1901931762695312,2.419991970062256,2.1901931762695312,0.8077148199081421,64.0,64.0,2.0,0.0
662,0.0564,0.046085067093372345,2.367846167611047,2.7895359992980957,2.9379093647003174,2.7895359992980957,0.8166016340255737,64.0,64.0,0.0,0.0
663,0.0506,0.04624722898006439,1.4225534090852554,1.2782573699951172,1.2372922897338867,1.2782573699951172,0.8154296875,32.0,32.0,0.0,0.0
664,0.0586,0.05442453548312187,11.937928879114375,4.590372562408447,4.181818962097168,4.590372562408447,0.7958333492279053,24.0,24.0,4.0,0.0
665,0.0472,0.045538172125816345,1.1640621175498016,0.8594531416893005,0.9447503089904785,0.8594531416893005,0.8027499914169312,25.0,25.0,0.0,0.0
666,0.0654,0.06813639402389526,14.44843850601826,4.187971115112305,3.752786874771118,4.187971115112305,0.7622395753860474,24.0,24.0,4.0,0.0
667,0.043,0.04849220812320709,0.9547067184711555,0.712030291557312,0.7408944964408875,0.712030291557312,0.8077499866485596,25.0,25.0,3.0,0.0
668,0.0861,0.07653994858264923,2.6681129707773374,1.5537950992584229,1.6354293823242188,1.5537950992584229,0.82275390625,64.0,64.0,2.0,0.0
669,0.0497,0.05673201009631157,3.016847741811466,1.0154833793640137,1.0745468139648438,1.0154833793640137,0.7917500138282776,25.0,25.0,3.0,0.0
670,0.0451,0.05500368773937225,2.7075475691915627,2.0041189193725586,1.949869990348816,2.0041189193725586,0.8170312643051147,40.0,40.0,0.0,0.0
671,0.0604,0.06797602772712708,10.169176118814637,4.7229437828063965,4.547936916351318,4.7229437828063965,0.7635416984558105,24.0,24.0,4.0,0.0
672,0.0429,0.034334585070610046,1.5023441641471398,0.8305774331092834,0.8817143440246582,0.8305774331092834,0.8005208373069763,24.0,24.0,0.0,0.0
673,0.0468,0.040914542973041534,6.901232940131257,4.888389587402344,4.9047040939331055,4.888389587402344,0.8158854246139526,24.0,24.0,4.0,0.0
674,0.0812,0.07355761528015137,5.382949921796221,2.132798194885254,2.401665687561035,2.132798194885254,0.818554699420929,64.0,64.0,2.0,0.0
675,0.0319,0.02785860374569893,3.182621131196597,4.751528739929199,4.836009979248047,4.751528739929199,0.8299479484558105,24.0,24.0,4.0,0.0
676,0.0263,0.02619551680982113,2.1280848578045495,4.2619829177856445,4.343782424926758,4.2619829177856445,0.8174479007720947,24.0,24.0,4.0,0.0
677,0.0447,0.043247323483228683,1.6187825860568388,0.8039445877075195,0.8555085062980652,0.8039445877075195,0.8096354603767395,24.0,24.0,1.0,0.0
678,0.0402,0.08108501136302948,4.196313728987508,4.994208812713623,5.0094475746154785,4.994208812713623,0.820996105670929,64.0,64.0,4.0,0.0
679,0.0422,0.02920548804104328,4.596510997572169,4.103081703186035,4.163151264190674,4.103081703186035,0.8106771111488342,24.0,24.0,4.0,0.0
680,0.067,0.07140033692121506,7.672198823450689,1.957899570465088,2.3434674739837646,1.957899570465088,0.8185937404632568,40.0,40.0,0.0,0.0
681,0.0409,0.03936341404914856,1.4879230133659864,0.7315680980682373,0.7699848413467407,0.7315680980682373,0.8031250238418579,24.0,24.0,3.0,0.0
682,0.0835,0.08399637043476105,3.7725246483182366,1.8849689960479736,2.031278610229492,1.8849689960479736,0.82080078125,64.0,64.0,2.0,0.0
683,0.0519,0.04705328494310379,2.791903406857506,0.7769049406051636,0.8260400891304016,0.7769049406051636,0.8177083134651184,24.0,24.0,1.0,0.0
684,0.0379,0.03371278941631317,6.248116444474072,4.596871852874756,4.424108505249023,4.596871852874756,0.7992187738418579,24.0,24.0,4.0,0.0
685,0.0477,0.045884013175964355,2.2337262767834787,0.9608926177024841,1.0605719089508057,0.9608926177024841,0.8013020753860474,24.0,24.0,0.0,0.0
686,0.0436,0.0675765797495842,7.206057131381521,4.669203281402588,4.396912574768066,4.669203281402588,0.8181920051574707,56.0,56.0,4.0,0.0
687,0.0443,0.04358586668968201,1.0076562470480115,0.7230031490325928,0.7453689575195312,0.7230031490325928,0.8130000233650208,25.0,25.0,0.0,0.0
688,0.0375,0.03227139264345169,5.492277261997607,4.940956115722656,4.796566963195801,4.940956115722656,0.8174479007720947,24.0,24.0,4.0,0.0
689,0.0458,0.04028644412755966,1.4948304329516242,0.7943433523178101,0.8451967835426331,0.7943433523178101,0.8182291388511658,24.0,24.0,1.0,0.0
690,0.0416,0.041332684457302094,1.2481899792249753,0.7481992244720459,0.804669976234436,0.7481992244720459,0.8109375238418579,24.0,24.0,1.0,0.0
691,0.0329,0.04084234684705734,3.208385018572896,5.301374435424805,5.301474094390869,5.301374435424805,0.8507813215255737,64.0,64.0,4.0,0.0
692,0.03,0.02333960123360157,2.8003284501462637,4.266222953796387,4.29166316986084,4.266222953796387,0.8104166984558105,24.0,24.0,4.0,0.0
693,0.0431,0.05912438780069351,0.9506281760740404,0.7618725299835205,0.7936989068984985,0.7618725299835205,0.8132812976837158,24.0,24.0,3.0,0.0
694,0.0422,0.04336746782064438,1.265302770314437,0.7840602397918701,0.8319615125656128,0.7840602397918701,0.8083333373069763,24.0,24.0,1.0,0.0
695,0.0887,0.09590782225131989,2.695798224084452,1.6987316608428955,1.8183895349502563,1.6987316608428955,0.8306640386581421,64.0,64.0,2.0,0.0
696,0.029,0.04358706995844841,3.4073942024349786,4.941086769104004,5.088167667388916,4.941086769104004,0.8350260257720947,48.0,48.0,4.0,0.0
697,0.0412,0.03352723270654678,0.9981279219820055,0.7838543653488159,0.8180567026138306,0.7838543653488159,0.8057291507720947,24.0,24.0,3.0,0.0
698,0.0862,0.05744633451104164,2.8882825430897388,1.6990456581115723,1.7421175241470337,1.6990456581115723,0.8412109613418579,64.0,64.0,2.0,0.0
699,0.0753,0.0713271051645279,1.283548207747171,2.331450939178467,2.400515079498291,2.331450939178467,0.82568359375,64.0,64.0,2.0,0.0
700,0.0408,0.08502820134162903,1.0054361143937662,2.8302512168884277,3.0278167724609375,2.8302512168884277,0.8084961175918579,64.0,64.0,1.0,0.0
701,0.0511,0.052598945796489716,2.041442397547296,2.6868715286254883,2.709275245666504,2.6868715286254883,0.8392857313156128,56.0,56.0,0.0,0.0
702,0.0468,0.062034972012043,1.7154687370566386,3.0637450218200684,3.123823642730713,3.0637450218200684,0.8343750238418579,64.0,64.0,0.0,0.0
703,0.0457,0.03322984278202057,9.847793517108906,4.66633939743042,4.4335527420043945,4.66633939743042,0.7986979484558105,24.0,24.0,4.0,0.0
704,0.0751,0.07887552678585052,2.2004661279309796,2.0016231536865234,2.0682897567749023,2.0016231536865234,0.821484386920929,64.0,64.0,2.0,0.0
705,0.0394,0.025310782715678215,7.788405702202928,2.443145275115967,2.3552465438842773,2.443145275115967,0.7462500333786011,10.0,10.0,4.0,0.0
706,0.0471,0.037280283868312836,1.6787958465527733,0.8238682746887207,0.8886380195617676,0.8238682746887207,0.8078124523162842,24.0,24.0,1.0,0.0
707,0.0872,0.0879109650850296,3.910813695009589,1.7901476621627808,1.9909014701843262,1.7901476621627808,0.8293945789337158,64.0,64.0,2.0,0.0
708,0.0411,0.03867470473051071,1.7514660587352715,0.7663578391075134,0.8104507923126221,0.7663578391075134,0.8143229484558105,24.0,24.0,1.0,0.0
709,0.0494,0.03809734061360359,1.9968912820588425,0.8240501284599304,0.8536466360092163,0.8240501284599304,0.8158653974533081,26.0,26.0,1.0,0.0
710,0.0423,0.04776173084974289,1.1781034933997376,0.7299374341964722,0.7721449136734009,0.7299374341964722,0.8065104484558105,24.0,24.0,3.0,0.0
711,0.04,0.054038047790527344,7.027672861220953,4.885854721069336,4.72215461730957,4.885854721069336,0.8636161088943481,56.0,56.0,4.0,0.0
712,0.0685,0.09271162748336792,2.17627117350059,1.7046644687652588,1.8501498699188232,1.7046644687652588,0.828808605670929,64.0,64.0,2.0,0.0
713,0.0426,0.033413421362638474,1.2343556808227378,0.7444562911987305,0.768618106842041,0.7444562911987305,0.8169270753860474,24.0,24.0,1.0,0.0
714,0.0472,0.06969684362411499,1.8716536850882328,0.9699206948280334,1.0497583150863647,0.9699206948280334,0.8015625476837158,24.0,24.0,0.0,0.0
715,0.0259,0.027536828070878983,2.920741879821761,5.206140518188477,5.144305229187012,5.206140518188477,0.8505208492279053,24.0,24.0,4.0,0.0
716,0.0466,0.050529446452856064,0.8928701527854209,1.0174415111541748,1.1065900325775146,1.0174415111541748,0.8046875,24.0,24.0,3.0,0.0
717,0.0832,0.08079180121421814,3.8197919659970117,2.4851016998291016,2.667433500289917,2.4851016998291016,0.829394519329071,64.0,64.0,2.0,0.0
718,0.0396,0.03288932144641876,1.312779186408788,0.6902734041213989,0.7169488668441772,0.6902734041213989,0.8078125715255737,24.0,24.0,3.0,0.0
719,0.047,0.030684329569339752,1.5556678785359805,0.7363183498382568,0.7812737226486206,0.7363183498382568,0.8119791746139526,24.0,24.0,1.0,0.0
720,0.0523,0.03280995041131973,2.1114766396725844,0.7437488436698914,0.7765747904777527,0.7437488436698914,0.8187500238418579,24.0,24.0,0.0,0.0
721,0.0421,0.0554521381855011,1.266632160903556,0.9648471474647522,1.0892904996871948,0.9648471474647522,0.7934895753860474,24.0,24.0,3.0,0.0
722,0.0707,0.0718129500746727,1.526868674166605,1.8352402448654175,1.84468412399292,1.8352402448654175,0.845410168170929,64.0,64.0,2.0,0.0
723,0.0457,0.04044774919748306,1.5827605805705378,1.331852674484253,1.3052854537963867,1.331852674484253,0.822070300579071,32.0,32.0,0.0,0.0
724,0.0528,0.04755454510450363,1.5894674137644411,0.6688152551651001,0.7088407278060913,0.6688152551651001,0.81640625,24.0,24.0,0.0,0.0
725,0.0428,0.0409475713968277,1.946841355553444,2.8148350715637207,2.7850985527038574,2.8148350715637207,0.857421875,64.0,64.0,0.0,0.0
726,0.0651,0.0638708770275116,15.324899204371174,4.435599327087402,4.008299827575684,4.435599327087402,0.7817307710647583,26.0,26.0,4.0,0.0
727,0.042,0.0597519725561142,1.2223622866927468,3.085249423980713,2.966160535812378,3.085249423980713,0.811230480670929,64.0,64.0,3.0,0.0
728,0.0387,0.04413488134741783,0.9880990655203679,0.8201204538345337,0.8572425842285156,0.8201204538345337,0.8091145753860474,24.0,24.0,1.0,0.0
729,0.0453,0.04503874480724335,2.3441010372717956,2.6556386947631836,2.775040626525879,2.6556386947631836,0.851269543170929,64.0,64.0,0.0,0.0
730,0.0436,0.034738488495349884,1.112143202389753,0.754798948764801,0.7978343367576599,0.754798948764801,0.8152499794960022,25.0,25.0,1.0,0.0
731,0.0393,0.0395832285284996,1.3091629748276754,0.7945341467857361,0.8519778251647949,0.7945341467857361,0.8067708611488342,24.0,24.0,3.0,0.0
732,0.0783,0.058961257338523865,4.231241446570915,1.7602180242538452,1.854978322982788,1.7602180242538452,0.8282226920127869,64.0,64.0,2.0,0.0
733,0.0474,0.04236188530921936,10.927827060959277,4.360323429107666,4.110506534576416,4.360323429107666,0.8013020753860474,24.0,24.0,4.0,0.0
734,0.039,0.040782250463962555,0.9251683134945702,0.7424087524414062,0.7899795174598694,0.7424087524414062,0.8140624761581421,24.0,24.0,1.0,0.0
735,0.0404,0.04395241290330887,1.032444582274363,0.7425172924995422,0.7753328084945679,0.7425172924995422,0.8098958730697632,24.0,24.0,3.0,0.0
736,0.0452,0.04756806790828705,1.9157610136823757,0.9634798765182495,1.0833160877227783,0.9634798765182495,0.800000011920929,25.0,25.0,0.0,0.0
737,0.0428,0.03218434378504753,1.8898836512931227,0.7112146019935608,0.7531355619430542,0.7112146019935608,0.8130000233650208,25.0,25.0,0.0,0.0
738,0.0347,0.04007743299007416,0.8203898459138356,0.7419793009757996,0.788860559463501,0.7419793009757996,0.8046875,24.0,24.0,3.0,0.0
739,0.0309,0.03422916680574417,6.8380763318819,4.617862701416016,4.511649131774902,4.617862701416016,0.83203125,24.0,24.0,4.0,0.0
740,0.0277,0.03159867972135544,5.1797300740853665,4.835480213165283,4.726067066192627,4.835480213165283,0.8312499523162842,24.0,24.0,4.0,0.0
741,0.0343,0.050937868654727936,5.277655741956874,5.262020111083984,5.122802734375,5.262020111083984,0.858593761920929,64.0,64.0,4.0,0.0
742,0.0343,0.034089259803295135,1.7269703295928232,4.565720558166504,4.577057838439941,4.565720558166504,0.8352431058883667,36.0,36.0,4.0,0.0
743,0.049,0.04527878388762474,2.3374262244800126,0.7408237457275391,0.7831978797912598,0.7408237457275391,0.8106771111488342,24.0,24.0,1.0,0.0
744,0.0446,0.04545331001281738,2.2307905655836486,0.7237188816070557,0.7707047462463379,0.7237188816070557,0.8041666746139526,24.0,24.0,3.0,0.0
745,0.0928,0.11739020049571991,9.534118774940293,2.134028196334839,2.578270435333252,2.134028196334839,0.813183605670929,64.0,64.0,2.0,0.0
746,0.0513,0.06488004326820374,2.7718314701899254,0.7023088932037354,0.7668412923812866,0.7023088932037354,0.8032500147819519,25.0,25.0,0.0,0.0
747,0.0944,0.06132429838180542,9.136445254327437,1.761540412902832,2.02398943901062,1.761540412902832,0.8436523675918579,64.0,64.0,2.0,0.0
748,0.0432,0.03952375799417496,8.064348829502173,4.223997592926025,4.1614227294921875,4.223997592926025,0.801562488079071,24.0,24.0,4.0,0.0
749,0.0527,0.03911024332046509,4.178005209429768,0.7352787256240845,0.7767630815505981,0.7352787256240845,0.8106771111488342,24.0,24.0,0.0,0.0
750,0.0433,0.0360008180141449,1.515667350167565,0.7313732504844666,0.7793684005737305,0.7313732504844666,0.8111979365348816,24.0,24.0,3.0,0.0
751,0.088,0.08438558876514435,2.1493282146236323,2.1101479530334473,2.18574857711792,2.1101479530334473,0.8280273675918579,64.0,64.0,2.0,0.0
752,0.04,0.042894601821899414,1.0168243799931587,0.6847625970840454,0.7189174890518188,0.6847625970840454,0.8072916865348816,24.0,24.0,3.0,0.0
753,0.0785,0.07219533622264862,3.3588551212822906,1.654516577720642,1.5657719373703003,1.654516577720642,0.8385742902755737,64.0,64.0,2.0,0.0
754,0.0396,0.0389232262969017,0.9381831896368409,0.7180940508842468,0.7680577039718628,0.7180940508842468,0.8059896230697632,24.0,24.0,0.0,0.0
755,0.0391,0.04354929178953171,0.8863448563161553,0.7959287762641907,0.84648597240448,0.7959287762641907,0.8111979365348816,24.0,24.0,3.0,0.0
756,0.0383,0.03529974818229675,0.9011531097065784,0.8069719672203064,0.8281407356262207,0.8069719672203064,0.8148437738418579,24.0,24.0,1.0,0.0
757,0.0674,0.053490880876779556,2.2244921883067295,1.84202241897583,1.7911632061004639,1.84202241897583,0.8379883170127869,64.0,64.0,2.0,0.0
758,0.0752,0.06276308745145798,16.41057189268048,4.548433780670166,4.1292619705200195,4.548433780670166,0.7841145992279053,24.0,24.0,4.0,0.0
759,0.0413,0.04299159720540047,1.1459076118767102,1.0020039081573486,1.0755959749221802,1.0020039081573486,0.7953125238418579,24.0,24.0,0.0,0.0
760,0.0366,0.033483244478702545,1.2079441407003249,0.6644741296768188,0.7173323035240173,0.6644741296768188,0.811750054359436,25.0,25.0,3.0,0.0
761,0.0382,0.03581342101097107,0.9960013090702716,0.7941081523895264,0.810721755027771,0.7941081523895264,0.8062499761581421,24.0,24.0,1.0,0.0
762,0.0447,0.039780497550964355,1.8255597923523559,0.919894814491272,1.0050106048583984,0.919894814491272,0.7908854484558105,24.0,24.0,0.0,0.0
763,0.0401,0.023331057280302048,1.3751579171392874,0.6983345746994019,0.7242972254753113,0.6983345746994019,0.8044271469116211,24.0,24.0,3.0,0.0
764,0.0483,0.0747622400522232,10.869890747498964,5.33819580078125,4.948702335357666,5.33819580078125,0.808789074420929,32.0,32.0,4.0,0.0
765,0.0441,0.05391010642051697,2.8412680439969944,2.767387866973877,3.1084866523742676,2.767387866973877,0.83935546875,64.0,64.0,0.0,0.0
766,0.0412,0.0424933061003685,1.7312966007831285,1.0011913776397705,1.0907827615737915,1.0011913776397705,0.8088541626930237,24.0,24.0,3.0,0.0
767,0.0376,0.04218924045562744,0.795889621133893,0.7631534934043884,0.8117611408233643,0.7631534934043884,0.8098958134651184,24.0,24.0,3.0,0.0
768,0.0346,0.01933019608259201,7.152592574628799,2.1691622734069824,2.1953907012939453,2.1691622734069824,0.7229166626930237,6.0,6.0,4.0,0.0
769,0.0296,0.01604434847831726,4.395915729289637,2.9044790267944336,2.937622547149658,2.9044790267944336,0.7687499523162842,9.0,9.0,4.0,0.0
770,0.0959,0.12404464185237885,8.798847487816671,2.1559643745422363,2.6184439659118652,2.1559643745422363,0.8056641221046448,64.0,64.0,2.0,0.0
771,0.1009,0.126463383436203,10.06183543391045,2.281090021133423,2.8197083473205566,2.281090021133423,0.8119140863418579,64.0,64.0,2.0,0.0
772,0.0547,0.10978962481021881,3.2491488103887005,2.712782382965088,3.2448911666870117,2.712782382965088,0.7943359613418579,64.0,64.0,1.0,0.0
773,0.0377,0.031212570145726204,1.1577546878336438,0.7172425985336304,0.7631937265396118,0.7172425985336304,0.8161458969116211,24.0,24.0,3.0,0.0
774,0.0324,0.02839643508195877,5.823810555856605,4.027294158935547,3.903512716293335,4.027294158935547,0.801358699798584,23.0,23.0,4.0,0.0
775,0.0305,0.020165789872407913,4.597832619101314,3.303452491760254,3.244614601135254,3.303452491760254,0.7693750858306885,10.0,10.0,4.0,0.0
776,0.0248,0.023763518780469894,2.5394411972000173,4.411700248718262,4.375582218170166,4.411700248718262,0.8351562023162842,24.0,24.0,4.0,0.0
777,0.0421,0.03547794744372368,2.4856508732070974,0.6736050844192505,0.7302361130714417,0.6736050844192505,0.8054687976837158,24.0,24.0,0.0,0.0
778,0.0443,0.03554541617631912,2.482391732363751,0.7301700115203857,0.7513457536697388,0.7301700115203857,0.8153645992279053,24.0,24.0,0.0,0.0
779,0.0445,0.04286537319421768,2.8231569179549147,0.963878333568573,1.072030782699585,0.963878333568573,0.8158854246139526,24.0,24.0,0.0,0.0
780,0.0407,0.04398224502801895,1.6181284504547027,1.3775333166122437,1.4282209873199463,1.3775333166122437,0.821484386920929,32.0,32.0,1.0,0.0
781,0.0659,0.06000042334198952,10.662785183363955,3.878014326095581,3.8421802520751953,3.878014326095581,0.7397321462631226,14.0,14.0,4.0,0.0
782,0.0654,0.07110937684774399,10.745523784256596,5.008288383483887,4.838318824768066,5.008288383483887,0.7484375238418579,32.0,32.0,4.0,0.0
783,0.0829,0.09368688613176346,3.456257984819984,1.4037468433380127,1.5509954690933228,1.4037468433380127,0.83935546875,64.0,64.0,2.0,0.0
784,0.0454,0.03767073526978493,8.118691356623794,4.41513729095459,4.373970985412598,4.41513729095459,0.7992187738418579,24.0,24.0,4.0,0.0
785,0.0413,0.043098680675029755,1.2379865464468036,0.7823691368103027,0.8110108375549316,0.7823691368103027,0.8070312738418579,24.0,24.0,1.0,0.0
786,0.0396,0.06187929958105087,2.1730201213989444,0.897124171257019,1.0698890686035156,0.897124171257019,0.8075520992279053,24.0,24.0,1.0,0.0
787,0.0371,0.026839133352041245,5.218843212313702,4.7734293937683105,4.806546211242676,4.7734293937683105,0.8208333253860474,24.0,24.0,4.0,0.0
788,0.0371,0.04849575459957123,0.9376108577723535,0.967582643032074,1.067864179611206,0.967582643032074,0.7947916984558105,24.0,24.0,3.0,0.0
789,0.031,0.021971624344587326,3.9955196708607743,3.1370491981506348,3.1681222915649414,3.1370491981506348,0.761805534362793,9.0,9.0,4.0,0.0
790,0.0681,0.061447352170944214,1.8984894400102785,2.1697237491607666,2.1704602241516113,2.1697237491607666,0.8093750476837158,64.0,64.0,2.0,0.0
791,0.032,0.048202142119407654,4.326087252608199,5.186501502990723,5.090402603149414,5.186501502990723,0.8623046875,64.0,64.0,4.0,0.0
792,0.0379,0.03770724684000015,1.0154153479356123,0.7693066000938416,0.8095238208770752,0.7693066000938416,0.8122395873069763,24.0,24.0,3.0,0.0
793,0.0451,0.054475001990795135,0.9521167795156227,0.7310308218002319,0.7689306735992432,0.7310308218002319,0.8122395873069763,24.0,24.0,3.0,0.0
794,0.0275,0.025041595101356506,3.3516911146386468,4.6420183181762695,4.681916236877441,4.6420183181762695,0.8210937976837158,24.0,24.0,4.0,0.0
795,0.0272,0.023513857275247574,2.6693513821330215,4.834239482879639,4.884718894958496,4.834239482879639,0.8277174234390259,23.0,23.0,4.0,0.0
796,0.0416,0.05753718316555023,1.5956163536296488,0.9055320024490356,1.0727310180664062,0.9055320024490356,0.8169270753860474,24.0,24.0,0.0,0.0
797,0.041,0.04893007129430771,1.49980022647338,2.9357051849365234,3.029599189758301,2.9357051849365234,0.8387695550918579,64.0,64.0,0.0,0.0
798,0.034,0.04259798675775528,4.580936918021825,4.584526062011719,4.49581241607666,4.584526062011719,0.8274305462837219,36.0,36.0,4.0,0.0
799,0.0371,0.036492884159088135,1.0970525069252128,0.7170905470848083,0.7789369821548462,0.7170905470848083,0.8005207777023315,24.0,24.0,3.0,0.0
800,0.0306,0.04000736400485039,4.104498075344024,5.101930618286133,5.031832695007324,5.101930618286133,0.849609375,64.0,64.0,4.0,0.0
801,0.0829,0.08874698728322983,4.477664778918711,2.166210651397705,2.377553939819336,2.166210651397705,0.8156250715255737,64.0,64.0,2.0,0.0
802,0.0367,0.037376485764980316,1.0323565143771525,0.7004063129425049,0.7554926872253418,0.7004063129425049,0.8065104484558105,24.0,24.0,3.0,0.0
803,0.0402,0.03628820180892944,0.8424015917075574,0.7382832765579224,0.7772871851921082,0.7382832765579224,0.8148437738418579,24.0,24.0,3.0,0.0
804,0.0726,0.0741380825638771,2.9576987987879173,2.373548746109009,2.5465292930603027,2.373548746109009,0.81689453125,64.0,64.0,2.0,0.0
805,0.0438,0.04704444855451584,1.4804670588078357,0.9881579875946045,1.1067463159561157,0.9881579875946045,0.8138020634651184,24.0,24.0,1.0,0.0
806,0.0408,0.04476409777998924,1.3494360302772532,1.21500825881958,1.334150791168213,1.21500825881958,0.7901041507720947,24.0,24.0,0.0,0.0
807,0.0725,0.053552061319351196,2.254416917585758,2.1146833896636963,2.084561824798584,2.1146833896636963,0.84423828125,64.0,64.0,2.0,0.0
808,0.039,0.04335755109786987,1.1149411882560993,0.9241898655891418,1.0377299785614014,0.9241898655891418,0.8072916865348816,24.0,24.0,3.0,0.0
809,0.037,0.032334499061107635,1.124157908860905,0.7497951984405518,0.762860894203186,0.7497951984405518,0.8091145753860474,24.0,24.0,3.0,0.0
810,0.0373,0.032993216067552567,1.0932697150427466,0.7334362268447876,0.7479279041290283,0.7334362268447876,0.8130208253860474,24.0,24.0,3.0,0.0
811,0.0442,0.05705336108803749,2.01864714302131,0.9115690588951111,1.0694003105163574,0.9115690588951111,0.8093750476837158,24.0,24.0,0.0,0.0
812,0.0403,0.036432795226573944,1.6662904227163966,0.9501630067825317,0.9769436717033386,0.9501630067825317,0.7984374761581421,24.0,24.0,3.0,0.0
813,0.0418,0.03715621680021286,1.1871307708531247,0.8121439218521118,0.8526690006256104,0.8121439218521118,0.8127604722976685,24.0,24.0,1.0,0.0
814,0.0654,0.08654839545488358,16.095530030438987,5.048483848571777,4.605281829833984,5.048483848571777,0.8305803537368774,56.0,56.0,4.0,0.0
815,0.0424,0.06246894970536232,1.1755962749247557,2.4144933223724365,2.5782642364501953,2.4144933223724365,0.8162946701049805,56.0,56.0,1.0,0.0
816,0.0483,0.05003127455711365,12.27683472010821,4.855215072631836,4.474199295043945,4.855215072631836,0.8247395753860474,24.0,24.0,4.0,0.0
817,0.0687,0.05688723176717758,3.0288601981980343,1.9051507711410522,2.069126605987549,1.9051507711410522,0.841015636920929,64.0,64.0,2.0,0.0
818,0.0357,0.04042300581932068,1.0528444290979313,0.783612072467804,0.8213105201721191,0.783612072467804,0.8148437738418579,24.0,24.0,1.0,0.0
819,0.0542,0.05175144225358963,4.1138103060113025,1.151639699935913,1.3642373085021973,1.151639699935913,0.8082499504089355,25.0,25.0,0.0,0.0
820,0.0445,0.05305313691496849,2.6090454515980896,2.3429603576660156,2.5769524574279785,2.3429603576660156,0.8393750190734863,50.0,50.0,0.0,0.0
821,0.0373,0.03834059461951256,1.058766986252302,0.7853055000305176,0.8296829462051392,0.7853055000305176,0.8158854246139526,24.0,24.0,1.0,0.0
822,0.0405,0.04912063851952553,1.2977635843128068,0.933077871799469,1.080018162727356,0.933077871799469,0.813281238079071,24.0,24.0,0.0,0.0
823,0.0412,0.04123963415622711,0.8343765953498973,0.7526340484619141,0.8029168844223022,0.7526340484619141,0.8096354007720947,24.0,24.0,3.0,0.0
824,0.0372,0.03119923360645771,9.132478066175938,4.92046594619751,4.69131326675415,4.92046594619751,0.8352272510528564,22.0,22.0,4.0,0.0
825,0.0394,0.03168071061372757,1.9805916130110477,0.7586312294006348,0.7988053560256958,0.7586312294006348,0.8156250715255737,24.0,24.0,0.0,0.0
826,0.0382,0.0330035574734211,8.584172127378222,4.713031768798828,4.509947299957275,4.713031768798828,0.8372396230697632,24.0,24.0,4.0,0.0
827,0.0249,0.02153743803501129,5.117479227981051,3.5461113452911377,3.5331637859344482,3.5461113452911377,0.7906250357627869,10.0,10.0,4.0,0.0
828,0.0293,0.021276354789733887,4.1484182760071775,4.442917823791504,4.436980247497559,4.442917823791504,0.8403645753860474,24.0,24.0,4.0,0.0
829,0.05,0.06687134504318237,2.9502497880619596,3.044194221496582,3.3514742851257324,3.044194221496582,0.83984375,64.0,64.0,0.0,0.0
830,0.0306,0.043419286608695984,2.197072664443554,5.280977249145508,5.2119598388671875,5.280977249145508,0.8529297113418579,64.0,64.0,4.0,0.0
831,0.0865,0.11162124574184418,7.958103476460604,2.4625797271728516,2.9436731338500977,2.4625797271728516,0.8167968988418579,64.0,64.0,2.0,0.0
832,0.0788,0.0727057158946991,5.368041421033451,1.978813886642456,2.220533847808838,1.978813886642456,0.8318359851837158,64.0,64.0,2.0,0.0
833,0.0863,0.10338734090328217,5.84039007003263,1.944575548171997,2.27360200881958,1.944575548171997,0.828125,64.0,64.0,2.0,0.0
834,0.0499,0.05274444445967674,4.546463993290111,2.9055628776550293,3.1333611011505127,2.9055628776550293,0.8342773914337158,64.0,64.0,0.0,0.0
835,0.0303,0.04315975680947304,4.024974637414268,5.050972938537598,4.892221927642822,5.050972938537598,0.8404017686843872,56.0,56.0,4.0,0.0
836,0.0503,0.07176724076271057,2.0027789937865417,2.7019152641296387,2.761793851852417,2.7019152641296387,0.7955077886581421,64.0,64.0,1.0,0.0
837,0.03,0.02551065757870674,4.836482272443565,4.368844032287598,4.221278190612793,4.368844032287598,0.8299479484558105,24.0,24.0,4.0,0.0
838,0.0398,0.0420464351773262,1.0891649138098254,0.6647213697433472,0.7070093154907227,0.6647213697433472,0.8114583492279053,24.0,24.0,3.0,0.0
839,0.0416,0.061264894902706146,1.2959619793022477,2.743224859237671,2.65452241897583,2.743224859237671,0.8134765625,64.0,64.0,1.0,0.0
840,0.08,0.08447635173797607,3.9139370665378763,2.146533489227295,2.1613824367523193,2.146533489227295,0.82666015625,64.0,64.0,2.0,0.0
841,0.0756,0.07398539781570435,3.440706246520412,1.940619945526123,1.804577112197876,1.940619945526123,0.8231445550918579,64.0,64.0,2.0,0.0
842,0.0457,0.05369560793042183,1.625320808398881,0.9194522500038147,1.0140371322631836,0.9194522500038147,0.8065104484558105,24.0,24.0,0.0,0.0
843,0.0358,0.03955027461051941,0.9388851276025586,0.7907103896141052,0.8007895946502686,0.7907103896141052,0.8028645515441895,24.0,24.0,1.0,0.0
844,0.0384,0.033201009035110474,1.294907156248068,0.7553719282150269,0.7977028489112854,0.7553719282150269,0.8020833730697632,24.0,24.0,3.0,0.0
845,0.0393,0.028637275099754333,6.46116322614055,3.562295913696289,3.6738433837890625,3.562295913696289,0.7749999761581421,12.0,12.0,4.0,0.0
846,0.0408,0.04682125523686409,0.9904370953961981,0.7542247772216797,0.7796889543533325,0.7542247772216797,0.8208333253860474,24.0,24.0,3.0,0.0
847,0.0761,0.057681940495967865,4.918590200881685,1.8551644086837769,2.0510334968566895,1.8551644086837769,0.8477538824081421,64.0,64.0,2.0,0.0
848,0.0339,0.028681788593530655,4.984837599459273,4.856915473937988,4.849552154541016,4.856915473937988,0.8281250596046448,24.0,24.0,4.0,0.0
849,0.0398,0.05406028404831886,1.0994693618783475,1.0855029821395874,1.2410569190979004,1.0855029821395874,0.8156249523162842,26.0,26.0,3.0,0.0
850,0.0385,0.033264148980379105,1.1327110947345154,0.7344493269920349,0.7822597026824951,0.7344493269920349,0.8180000185966492,25.0,25.0,0.0,0.0
851,0.0225,0.016245532780885696,2.2227103302324625,3.3028745651245117,3.350600481033325,3.3028745651245117,0.7937500476837158,11.0,11.0,4.0,0.0
852,0.0736,0.09315072000026703,4.509517982714717,1.9111034870147705,2.1931939125061035,1.9111034870147705,0.826953113079071,64.0,64.0,2.0,0.0
853,0.0463,0.051031194627285004,2.8969212608892403,1.4743664264678955,1.700467824935913,1.4743664264678955,0.8011718988418579,32.0,32.0,0.0,0.0
854,0.0383,0.03743966296315193,1.3548694540079254,0.734997034072876,0.781289279460907,0.734997034072876,0.815000057220459,25.0,25.0,1.0,0.0
855,0.0377,0.028448395431041718,1.0766123079887087,0.7859159111976624,0.8238780498504639,0.7859159111976624,0.8070312738418579,24.0,24.0,1.0,0.0
856,0.0393,0.05622071772813797,1.0007696298957334,0.9532862901687622,1.071272850036621,0.9532862901687622,0.8111978769302368,24.0,24.0,3.0,0.0
857,0.0342,0.0343649722635746,0.7558815615037124,0.7375410199165344,0.752694845199585,0.7375410199165344,0.8114583492279053,24.0,24.0,3.0,0.0
858,0.0353,0.03432667627930641,0.8389962436939336,0.7198296189308167,0.7327893376350403,0.7198296189308167,0.8062499761581421,25.0,25.0,3.0,0.0
859,0.0716,0.08139453828334808,2.3315816141489303,1.957151174545288,1.9630193710327148,1.957151174545288,0.8362305164337158,64.0,64.0,2.0,0.0
860,0.0393,0.03575528785586357,0.9807419030951612,0.8125643730163574,0.8190195560455322,0.8125643730163574,0.8057291507720947,24.0,24.0,1.0,0.0
861,0.0355,0.039020467549562454,0.8746908642097654,0.7731255292892456,0.7928870320320129,0.7731255292892456,0.8158854842185974,24.0,24.0,1.0,0.0
862,0.0401,0.03321577236056328,1.228192067114135,0.7577823996543884,0.7860518097877502,0.7577823996543884,0.815625011920929,24.0,24.0,1.0,0.0
863,0.06,0.046725109219551086,12.537937386233702,4.132678031921387,3.6709775924682617,4.132678031921387,0.8007813096046448,24.0,24.0,4.0,0.0
864,0.0466,0.0554349459707737,10.448620998831995,4.533880710601807,4.087453365325928,4.533880710601807,0.8166667222976685,24.0,24.0,4.0,0.0
865,0.0376,0.03396373614668846,7.061449184897078,4.832953453063965,4.580818176269531,4.832953453063965,0.8394531011581421,32.0,32.0,4.0,0.0
866,0.0402,0.03582974523305893,1.0468143687901854,0.7423232197761536,0.8035398125648499,0.7423232197761536,0.809249997138977,25.0,25.0,3.0,0.0
867,0.0213,0.025714751332998276,1.7000529640254636,3.749297857284546,3.860142230987549,3.749297857284546,0.8097826242446899,23.0,23.0,4.0,0.0
868,0.0869,0.0597575418651104,8.659287400290866,2.0774054527282715,2.415689706802368,2.0774054527282715,0.8238281011581421,64.0,64.0,2.0,0.0
869,0.0431,0.05270502716302872,2.3001903690834684,1.0157299041748047,1.1709827184677124,1.0157299041748047,0.8013021349906921,24.0,24.0,1.0,0.0
870,0.0427,0.03165074437856674,1.863618970346452,0.7475410103797913,0.8083412647247314,0.7475410103797913,0.8125,24.0,24.0,1.0,0.0
871,0.0389,0.03138328343629837,5.0158308831298495,5.059819221496582,5.389523983001709,5.059819221496582,0.8284091353416443,22.0,22.0,4.0,0.0
872,0.0501,0.06767754256725311,5.4376268940909585,2.9815797805786133,3.44519305229187,2.9815797805786133,0.827832043170929,64.0,64.0,0.0,0.0
873,0.0359,0.02887122705578804,3.3341620399433607,2.762463092803955,2.9441089630126953,2.762463092803955,0.7312500476837158,7.0,7.0,4.0,0.0
874,0.0401,0.047740787267684937,1.8878934472469608,3.017697811126709,3.055002212524414,3.017697811126709,0.8136718273162842,64.0,64.0,3.0,0.0
875,0.0438,0.02995489165186882,1.6382067525928725,0.6801043748855591,0.7312222719192505,0.6801043748855591,0.8090000152587891,25.0,25.0,0.0,0.0
876,0.0307,0.027103904634714127,1.018939421758907,0.7534312009811401,0.7770306468009949,0.7534312009811401,0.8177083134651184,24.0,24.0,1.0,0.0
877,0.0833,0.07991614937782288,3.7782610731925566,1.7940977811813354,1.908220648765564,1.7940977811813354,0.8541015982627869,64.0,64.0,2.0,0.0
878,0.0452,0.0205867700278759,8.245694463692796,4.355151176452637,4.168933868408203,4.355151176452637,0.81187504529953,20.0,20.0,4.0,0.0
879,0.0708,0.06817492842674255,1.6509199316714764,2.0251357555389404,1.9820815324783325,2.0251357555389404,0.832714855670929,64.0,64.0,2.0,0.0
880,0.0625,0.04977347329258919,1.5626910900826991,1.8763842582702637,1.8626999855041504,1.8763842582702637,0.8621094226837158,64.0,64.0,2.0,0.0
881,0.0372,0.06442204862833023,1.1718466317591276,1.0552958250045776,1.230126976966858,1.0552958250045776,0.7953125238418579,24.0,24.0,1.0,0.0
882,0.0319,0.03900240734219551,7.490482528594251,4.1243062019348145,3.882150650024414,4.1243062019348145,0.8192708492279053,24.0,24.0,4.0,0.0
883,0.0352,0.023599296808242798,1.041278775810018,0.7460552453994751,0.7737999558448792,0.7460552453994751,0.813281238079071,24.0,24.0,1.0,0.0
884,0.0464,0.037887949496507645,1.7356769263328067,1.3484878540039062,1.2867932319641113,1.3484878540039062,0.8216797113418579,32.0,32.0,0.0,0.0
885,0.0415,0.04302981495857239,1.0534928404038453,0.7538059949874878,0.7786053419113159,0.7538059949874878,0.8140625357627869,24.0,24.0,0.0,0.0
886,0.0376,0.037907905876636505,1.0331222063715675,0.75001060962677,0.7765488028526306,0.75001060962677,0.8190103769302368,24.0,24.0,1.0,0.0
887,0.0236,0.032088570296764374,4.342058444641865,5.183882713317871,5.144567489624023,5.183882713317871,0.8298437595367432,40.0,40.0,4.0,0.0
888,0.0332,0.04053753614425659,4.931010797310665,4.869385242462158,4.775416374206543,4.869385242462158,0.8248437643051147,40.0,40.0,4.0,0.0
889,0.0403,0.0398532897233963,2.167523730379771,0.966783344745636,1.0317368507385254,0.966783344745636,0.8041666746139526,24.0,24.0,1.0,0.0
890,0.022,0.023692281916737556,1.871632940185142,5.344087600708008,5.413263320922852,5.344087600708008,0.8558593988418579,32.0,32.0,4.0,0.0
891,0.0377,0.03546514734625816,0.9674446196887535,0.7629693746566772,0.799045205116272,0.7629693746566772,0.803906261920929,24.0,24.0,3.0,0.0
892,0.0299,0.020951200276613235,0.6748381554224268,0.7093203067779541,0.7374966740608215,0.7093203067779541,0.8062499761581421,24.0,24.0,3.0,0.0
893,0.0263,0.020149176940321922,2.4149308137529997,4.338540077209473,4.38047456741333,4.338540077209473,0.82421875,24.0,24.0,4.0,0.0
894,0.0235,0.037079229950904846,2.747441081712107,5.2105536460876465,5.2610883712768555,5.2105536460876465,0.859375,64.0,64.0,4.0,0.0
895,0.0498,0.04334289953112602,3.5690605251298293,0.9145730137825012,1.0494650602340698,0.9145730137825012,0.8057291507720947,24.0,24.0,0.0,0.0
896,0.0461,0.06806112825870514,2.6278225204230132,0.9587953090667725,1.0762889385223389,0.9587953090667725,0.8109375238418579,24.0,24.0,0.0,0.0
897,0.0259,0.020602095872163773,2.71726100590566,4.864180564880371,4.791866302490234,4.864180564880371,0.8489583730697632,24.0,24.0,4.0,0.0
898,0.0712,0.04458320513367653,5.912866487001548,2.0084385871887207,2.1855366230010986,2.0084385871887207,0.858593761920929,64.0,64.0,2.0,0.0
899,0.0745,0.08687131106853485,3.8797272692849405,2.491551637649536,2.763589382171631,2.491551637649536,0.8194335699081421,64.0,64.0,2.0,0.0
900,0.0399,0.0303061380982399,0.912546833586893,0.6932182312011719,0.7296255826950073,0.6932182312011719,0.8111978769302368,24.0,24.0,0.0,0.0
901,0.0431,0.03342802822589874,1.4538557380710209,0.7805333137512207,0.8286363482475281,0.7805333137512207,0.8169271349906921,24.0,24.0,1.0,0.0
902,0.0426,0.04042667895555496,11.183905467704797,5.081490993499756,4.62813663482666,5.081490993499756,0.8408854007720947,24.0,24.0,4.0,0.0
903,0.0411,0.0405028760433197,10.921101637112741,4.107221603393555,3.7172389030456543,4.107221603393555,0.8192708492279053,24.0,24.0,4.0,0.0
904,0.0605,0.07478448748588562,1.7969336556020232,2.1422152519226074,2.2082772254943848,2.1422152519226074,0.829882800579071,64.0,64.0,2.0,0.0
905,0.0395,0.02870631217956543,9.529867653795703,4.791024208068848,4.451135635375977,4.791024208068848,0.8484375476837158,24.0,24.0,4.0,0.0
906,0.033,0.032869987189769745,0.7727291701284814,0.7359111309051514,0.7745535373687744,0.7359111309051514,0.8132812976837158,24.0,24.0,1.0,0.0
907,0.0303,0.021592652425169945,6.016110247090052,5.04806661605835,4.909668922424316,5.04806661605835,0.8596354722976685,24.0,24.0,4.0,0.0
908,0.0488,0.029457375407218933,1.7085944198282133,1.2813626527786255,1.2826590538024902,1.2813626527786255,0.8212890625,32.0,32.0,0.0,0.0
909,0.0449,0.048417456448078156,1.0781151861180427,2.7742133140563965,2.7144932746887207,2.7742133140563965,0.8265625238418579,56.0,56.0,3.0,0.0
910,0.033,0.025765281170606613,0.6967534719706762,0.665115237236023,0.7125929594039917,0.665115237236023,0.80078125,24.0,24.0,3.0,0.0
911,0.0295,0.03733263537287712,4.146525943808052,4.141932487487793,4.35536003112793,4.141932487487793,0.8236979246139526,24.0,24.0,4.0,0.0
912,0.0336,0.030202724039554596,0.8901786295284634,0.7473554611206055,0.7884543538093567,0.7473554611206055,0.8125,24.0,24.0,3.0,0.0
913,0.0359,0.033237360417842865,1.2390282955165497,0.771133542060852,0.8028327226638794,0.771133542060852,0.8125,25.0,25.0,1.0,0.0
914,0.0399,0.0331234447658062,3.110010420352262,0.7787774205207825,0.8151705265045166,0.7787774205207825,0.8148437738418579,24.0,24.0,1.0,0.0
915,0.0336,0.03016180917620659,0.9005968020841736,0.7037456631660461,0.7402918338775635,0.7037456631660461,0.8147499561309814,25.0,25.0,1.0,0.0
916,0.0319,0.0342913381755352,1.9286153900165073,4.3562798500061035,4.3440680503845215,4.3562798500061035,0.8310546875,32.0,32.0,4.0,0.0
917,0.0405,0.029503818601369858,1.2213228383418266,0.7237225770950317,0.7480759620666504,0.7237225770950317,0.8109375238418579,24.0,24.0,3.0,0.0
918,0.0498,0.05481899902224541,3.816802422407335,2.725118637084961,3.034738063812256,2.725118637084961,0.8482421636581421,64.0,64.0,0.0,0.0
919,0.0347,0.03264418989419937,0.8555964261781478,0.7186049818992615,0.7517626881599426,0.7186049818992615,0.8101562857627869,24.0,24.0,3.0,0.0
920,0.0715,0.08898254483938217,4.759769862050773,1.9093705415725708,2.153214454650879,1.9093705415725708,0.8182617425918579,64.0,64.0,2.0,0.0
921,0.0244,0.022649716585874557,2.7989303678109447,4.729241371154785,4.601228713989258,4.729241371154785,0.8403645753860474,24.0,24.0,4.0,0.0
922,0.0399,0.026816319674253464,1.4790794255697641,0.7984194755554199,0.8324678540229797,0.7984194755554199,0.8138021230697632,24.0,24.0,1.0,0.0
923,0.0213,0.016048923134803772,3.772330831109947,3.4234089851379395,3.381232261657715,3.4234089851379395,0.8073863983154297,11.0,11.0,4.0,0.0
924,0.0431,0.0454363152384758,1.4486493472351696,0.9819431304931641,1.0874505043029785,0.9819431304931641,0.8083333373069763,24.0,24.0,0.0,0.0
925,0.0333,0.014945918694138527,5.996626102502831,3.527524709701538,3.496306896209717,3.527524709701538,0.8026041984558105,12.0,12.0,4.0,0.0
926,0.035,0.03844083845615387,0.9327974860278007,0.7075999975204468,0.7556588649749756,0.7075999975204468,0.8148437738418579,24.0,24.0,3.0,0.0
927,0.0228,0.017611993476748466,2.7153324678102964,4.199795722961426,4.214704513549805,4.199795722961426,0.822395920753479,24.0,24.0,4.0,0.0
928,0.0262,0.03556982800364494,2.4484524912133896,3.9371352195739746,3.984802484512329,3.9371352195739746,0.8046875,12.0,12.0,4.0,0.0
929,0.0194,0.008543556556105614,1.2856000520457385,2.252469062805176,2.285889148712158,2.252469062805176,0.7718750238418579,10.0,10.0,4.0,0.0
930,0.0404,0.02952021360397339,1.9359709064797561,0.7808210849761963,0.8254554271697998,0.7808210849761963,0.8153645992279053,24.0,24.0,1.0,0.0
931,0.0218,0.01913199946284294,2.3716180733972316,5.046247959136963,5.0894975662231445,5.046247959136963,0.8513021469116211,24.0,24.0,4.0,0.0
932,0.0396,0.05723398178815842,1.451280855789066,0.8784830570220947,1.05216646194458,0.8784830570220947,0.809374988079071,24.0,24.0,0.0,0.0
933,0.0416,0.04808812588453293,2.78964573162811,1.926754117012024,2.189805030822754,1.926754117012024,0.8251562714576721,40.0,40.0,1.0,0.0
934,0.0234,0.017887257039546967,2.3471710338366694,4.838118076324463,4.817505836486816,4.838118076324463,0.8472826480865479,23.0,23.0,4.0,0.0
935,0.0363,0.024298328906297684,2.095427076307151,0.8312735557556152,0.8653765916824341,0.8312735557556152,0.8062499761581421,24.0,24.0,1.0,0.0
936,0.094,0.10389252752065659,6.543483207895955,1.9878543615341187,2.25327205657959,1.9878543615341187,0.817578136920929,64.0,64.0,2.0,0.0
937,0.0326,0.03237030282616615,0.8221607817660237,0.7507295608520508,0.7816627025604248,0.7507295608520508,0.8101562857627869,24.0,24.0,3.0,0.0
938,0.0436,0.033816318958997726,1.9388419736877043,0.709593653678894,0.7503170371055603,0.709593653678894,0.815500020980835,25.0,25.0,0.0,0.0
939,0.0287,0.027236588299274445,0.7298837909001036,0.7430384159088135,0.7723300457000732,0.7430384159088135,0.8169270753860474,24.0,24.0,1.0,0.0
940,0.0253,0.025697998702526093,5.764446746970835,4.713925361633301,4.4808855056762695,4.713925361633301,0.8161458373069763,24.0,24.0,4.0,0.0
941,0.0337,0.028064711019396782,1.631486700674851,0.8023896217346191,0.8178033828735352,0.8023896217346191,0.813281238079071,24.0,24.0,1.0,0.0
942,0.0247,0.025581641122698784,5.323075335092451,4.500748157501221,4.262728691101074,4.500748157501221,0.8278645873069763,24.0,24.0,4.0,0.0
943,0.0252,0.03566556051373482,4.347900729391712,4.8968000411987305,4.654902458190918,4.8968000411987305,0.848995566368103,56.0,56.0,4.0,0.0
944,0.0203,0.0188046433031559,1.6399045500071452,5.0302019119262695,5.062975883483887,5.0302019119262695,0.8601562976837158,24.0,24.0,4.0,0.0
945,0.0472,0.035357311367988586,1.7506387760543205,0.7293500900268555,0.7815724611282349,0.7293500900268555,0.806770920753479,24.0,24.0,0.0,0.0
946,0.0767,0.06179510056972504,2.988211139668657,1.6685175895690918,1.7696632146835327,1.6685175895690918,0.8450195789337158,64.0,64.0,2.0,0.0
947,0.0331,0.03302498161792755,1.0800199486057205,0.7040334343910217,0.761482834815979,0.7040334343910217,0.811718761920929,24.0,24.0,3.0,0.0
948,0.0286,0.02474524825811386,5.2442855463947105,4.4713239669799805,4.7355499267578125,4.4713239669799805,0.7903645634651184,24.0,24.0,4.0,0.0
949,0.0257,0.0156451053917408,4.089042730627003,2.7231040000915527,2.889634132385254,2.7231040000915527,0.7416666746139526,9.0,9.0,4.0,0.0
950,0.0312,0.03196582943201065,0.9068790279034801,0.781369686126709,0.8249685764312744,0.781369686126709,0.8205000162124634,25.0,25.0,1.0,0.0
951,0.0377,0.025107741355895996,1.9753131764656109,0.7909947633743286,0.838692307472229,0.7909947633743286,0.8177499771118164,25.0,25.0,1.0,0.0
952,0.0429,0.07023005932569504,2.1030825916378406,1.1814470291137695,1.4149060249328613,1.1814470291137695,0.7917500138282776,25.0,25.0,0.0,0.0
953,0.0311,0.0277938824146986,0.7372628691220118,0.7666422128677368,0.7984598875045776,0.7666422128677368,0.8200521469116211,24.0,24.0,1.0,0.0
954,0.0308,0.033347003161907196,4.228882710858225,5.348167419433594,5.278231620788574,5.348167419433594,0.860058605670929,64.0,64.0,4.0,0.0
955,0.0332,0.0335717648267746,0.9845151970260195,0.8350551128387451,0.9028381705284119,0.8350551128387451,0.817187488079071,24.0,24.0,1.0,0.0
956,0.0361,0.06224333494901657,0.9426541255962918,2.7114338874816895,2.791255474090576,2.7114338874816895,0.8402343988418579,64.0,64.0,1.0,0.0
957,0.0715,0.086181640625,2.3931255582859423,2.560182809829712,2.6517019271850586,2.560182809829712,0.8030273914337158,64.0,64.0,2.0,0.0
958,0.0312,0.029825150966644287,0.8040609835445602,0.7420780062675476,0.7875925302505493,0.7420780062675476,0.8218749761581421,24.0,24.0,1.0,0.0
959,0.067,0.05444496497511864,1.6957302399538654,1.7055351734161377,1.6454812288284302,1.7055351734161377,0.83984375,64.0,64.0,2.0,0.0
960,0.0653,0.050696246325969696,1.5067231098061298,1.9185240268707275,1.8433831930160522,1.9185240268707275,0.8374999761581421,64.0,64.0,2.0,0.0
961,0.0366,0.057229433208703995,8.861327959963878,5.006480693817139,4.638001441955566,5.006480693817139,0.836230456829071,64.0,64.0,4.0,0.0
962,0.0738,0.07610003650188446,1.885180630582072,2.327432632446289,2.498525619506836,2.327432632446289,0.8098633289337158,64.0,64.0,2.0,0.0
963,0.0368,0.04611075669527054,1.1659167757856639,2.985643148422241,2.8743772506713867,2.985643148422241,0.8195313215255737,64.0,64.0,3.0,0.0
964,0.038,0.04643075168132782,0.9455427576215139,0.9926896691322327,1.0871739387512207,0.9926896691322327,0.8020833134651184,24.0,24.0,3.0,0.0
965,0.0318,0.03418208658695221,0.9871935739075283,1.0031328201293945,1.0831767320632935,1.0031328201293945,0.8098958730697632,24.0,24.0,1.0,0.0
966,0.0614,0.051625579595565796,1.8098448621961212,1.9864747524261475,2.0265040397644043,1.9864747524261475,0.826171875,64.0,64.0,2.0,0.0
967,0.048,0.0356801338493824,2.0106800079036264,0.730964183807373,0.7624715566635132,0.730964183807373,0.8192499876022339,25.0,25.0,0.0,0.0
968,0.0309,0.02599845454096794,0.7249338365630498,0.7782158851623535,0.8162246942520142,0.7782158851623535,0.809749960899353,25.0,25.0,1.0,0.0
969,0.0627,0.06263438612222672,1.8452279360004042,2.0455684661865234,2.2345242500305176,2.0455684661865234,0.8359375,64.0,64.0,2.0,0.0
970,0.0348,0.03301803022623062,1.0821855539330436,0.7622143030166626,0.8048100471496582,0.7622143030166626,0.8122395277023315,24.0,24.0,1.0,0.0
971,0.0371,0.058327093720436096,1.9041212013126083,2.7459726333618164,2.5601141452789307,2.7459726333618164,0.8131696581840515,56.0,56.0,3.0,0.0
972,0.0575,0.05027734860777855,1.5358469357509843,2.3576250076293945,2.4674625396728516,2.3576250076293945,0.835644543170929,64.0,64.0,2.0,0.0
973,0.0562,0.04615774750709534,1.3260023368664164,2.1055376529693604,2.1909255981445312,2.1055376529693604,0.8388671875,64.0,64.0,2.0,0.0
974,0.0427,0.051733434200286865,1.3486469509482804,0.9233890771865845,1.047751545906067,0.9233890771865845,0.8022500276565552,25.0,25.0,0.0,0.0
975,0.0361,0.03772234171628952,1.0804617132201337,0.7131376266479492,0.7573726773262024,0.7131376266479492,0.813281238079071,24.0,24.0,3.0,0.0
976,0.0748,0.0898733139038086,18.824907863318202,4.96461296081543,4.3573713302612305,4.96461296081543,0.8187500238418579,64.0,64.0,4.0,0.0
977,0.0612,0.05755031108856201,1.6760582933215065,2.2147316932678223,2.2435696125030518,2.2147316932678223,0.8193359375,64.0,64.0,2.0,0.0
978,0.0571,0.06783934682607651,15.930273633683248,4.6996941566467285,4.089718818664551,4.6996941566467285,0.8182291984558105,24.0,24.0,4.0,0.0
979,0.059,0.05260322988033295,1.8698854897545891,1.920487880706787,1.997286081314087,1.920487880706787,0.8428711295127869,64.0,64.0,2.0,0.0
980,0.0346,0.039950430393218994,1.3211419626886443,0.7887961864471436,0.8335190415382385,0.7887961864471436,0.8166666626930237,24.0,24.0,1.0,0.0
981,0.0358,0.027990829199552536,2.0181284314027095,1.772109031677246,1.8455328941345215,1.772109031677246,0.8357812166213989,40.0,40.0,0.0,0.0
982,0.0348,0.03631635010242462,0.9148989982766484,1.3787658214569092,1.3465397357940674,1.3787658214569092,0.8349609375,32.0,32.0,3.0,0.0
983,0.0481,0.06496529281139374,12.685966610640028,5.267674446105957,4.8274736404418945,5.267674446105957,0.831250011920929,56.0,56.0,4.0,0.0
984,0.0399,0.033959511667490005,1.8647038492724923,0.6447740793228149,0.6863975524902344,0.6447740793228149,0.8100000023841858,25.0,25.0,0.0,0.0
985,0.0343,0.045094676315784454,0.8791651009773208,2.1858067512512207,2.222346782684326,2.1858067512512207,0.8076562881469727,40.0,40.0,3.0,0.0
986,0.0658,0.07123422622680664,4.8630676221405045,1.9514824151992798,2.1477718353271484,1.9514824151992798,0.8303711414337158,64.0,64.0,2.0,0.0
987,0.0322,0.037018295377492905,1.6492751242274657,0.7222157120704651,0.7451047897338867,0.7222157120704651,0.8109375238418579,24.0,24.0,3.0,0.0
988,0.0688,0.05085783451795578,3.6316639389232575,1.8887314796447754,1.9878320693969727,1.8887314796447754,0.8495117425918579,64.0,64.0,2.0,0.0
989,0.0358,0.02932426892220974,0.8313059361244537,0.7512710094451904,0.7819277048110962,0.7512710094451904,0.8018229007720947,24.0,24.0,3.0,0.0
990,0.0351,0.04864535480737686,1.4019127637821462,2.634518623352051,2.726466655731201,2.634518623352051,0.8474609851837158,64.0,64.0,0.0,0.0
991,0.0406,0.0473402738571167,10.79532247618304,4.7301435470581055,4.298450469970703,4.7301435470581055,0.8446023464202881,22.0,22.0,4.0,0.0
992,0.0591,0.06155562400817871,1.427599573786728,1.8896664381027222,1.934306025505066,1.8896664381027222,0.833203136920929,64.0,64.0,2.0,0.0
993,0.0576,0.05387066304683685,1.2266497543632022,2.0634756088256836,2.073232412338257,2.0634756088256836,0.836132824420929,64.0,64.0,2.0,0.0
994,0.0363,0.04290556162595749,1.505215319802563,0.7410078048706055,0.768836498260498,0.7410078048706055,0.8111978769302368,24.0,24.0,1.0,0.0
995,0.0371,0.044787220656871796,1.1654515092716828,0.7534701824188232,0.771791398525238,0.7534701824188232,0.8167499899864197,25.0,25.0,0.0,0.0
996,0.0621,0.0801180899143219,15.266381233598167,4.936406135559082,4.489889144897461,4.936406135559082,0.8279017806053162,56.0,56.0,4.0,0.0
997,0.0332,0.032473813742399216,0.8104372140244271,0.7782987356185913,0.8136864900588989,0.7782987356185913,0.8075520992279053,24.0,24.0,3.0,0.0
998,0.0355,0.028489012271165848,1.533070007135853,0.73591548204422,0.7650976181030273,0.73591548204422,0.8096354007720947,24.0,24.0,3.0,0.0
999,0.0379,0.030024342238903046,1.5148140855844614,0.739209771156311,0.7631967067718506,0.739209771156311,0.8182291984558105,24.0,24.0,1.0,0.0
1000,0.0355,0.0254529919475317,7.714648220891042,2.855069160461426,2.804156541824341,2.855069160461426,0.7708333730697632,9.0,9.0,4.0,0.0
1001,0.0292,0.029246944934129715,0.8416505287675834,0.6980009078979492,0.7249846458435059,0.6980009078979492,0.8130208253860474,24.0,24.0,3.0,0.0
1002,0.0355,0.020388709381222725,1.2025520250381598,0.7798479795455933,0.8016282320022583,0.7798479795455933,0.8205729126930237,24.0,24.0,1.0,0.0
1003,0.0338,0.02884690649807453,0.9020643633094293,0.7676758766174316,0.7991315126419067,0.7676758766174316,0.8125,24.0,24.0,1.0,0.0
1004,0.0241,0.015303520485758781,3.1109941737563123,2.8680171966552734,2.9045510292053223,2.8680171966552734,0.7736111283302307,9.0,9.0,4.0,0.0
1005,0.0239,0.03576623648405075,2.0406853454714375,4.8815741539001465,4.951947212219238,4.8815741539001465,0.8447544574737549,56.0,56.0,4.0,0.0
1006,0.0386,0.04199722036719322,2.3538510802196995,0.7788537740707397,0.8258239030838013,0.7788537740707397,0.8114583492279053,24.0,24.0,3.0,0.0
1007,0.0318,0.031979676336050034,1.042627699669882,0.759252667427063,0.7842578887939453,0.759252667427063,0.8101562261581421,24.0,24.0,3.0,0.0
1008,0.0365,0.021404433995485306,1.5234445125953904,0.6893088817596436,0.73240065574646,0.6893088817596436,0.8091145753860474,24.0,24.0,3.0,0.0
1009,0.0849,0.08630348742008209,7.555800689993804,1.967074990272522,2.3328213691711426,1.967074990272522,0.841601550579071,64.0,64.0,2.0,0.0
1010,0.0476,0.03459788113832474,3.2256302667280794,0.7289692163467407,0.7684743404388428,0.7289692163467407,0.8158854246139526,24.0,24.0,0.0,0.0
1011,0.0299,0.02712899073958397,0.7642607996694956,0.7391303181648254,0.781486988067627,0.7391303181648254,0.8212499618530273,25.0,25.0,1.0,0.0
1012,0.036,0.05158879607915878,6.276868115750364,5.329591751098633,5.2322540283203125,5.329591751098633,0.8294922113418579,64.0,64.0,4.0,0.0
1013,0.0322,0.0428335964679718,5.354913360807816,5.088200569152832,4.957554340362549,5.088200569152832,0.8314453363418579,64.0,64.0,4.0,0.0
1014,0.0312,0.03183293715119362,0.7565948856456808,0.7340824604034424,0.7747620344161987,0.7340824604034424,0.8111978769302368,24.0,24.0,3.0,0.0
1015,0.02,0.022178933024406433,1.7572390884946119,4.414965629577637,4.398800849914551,4.414965629577637,0.8260416984558105,24.0,24.0,4.0,0.0
1016,0.0235,0.01880795881152153,3.0215180118667955,4.771408557891846,4.768647193908691,4.771408557891846,0.8375000357627869,24.0,24.0,4.0,0.0
1017,0.0351,0.02372678369283676,1.9979377711439597,0.8006390333175659,0.8231158256530762,0.8006390333175659,0.8184896111488342,24.0,24.0,1.0,0.0
1018,0.0376,0.040155015885829926,1.1118742400379817,0.9606631994247437,1.0687568187713623,0.9606631994247437,0.8005207777023315,24.0,24.0,3.0,0.0
1019,0.032,0.02758760005235672,1.1356600046761427,0.7735326290130615,0.8091911673545837,0.7735326290130615,0.8114583492279053,24.0,24.0,1.0,0.0
1020,0.0318,0.02681860513985157,0.8787071485282192,0.7699573040008545,0.8005402088165283,0.7699573040008545,0.8162499666213989,25.0,25.0,1.0,0.0
1021,0.0338,0.033219367265701294,1.3226223891603919,0.7321473360061646,0.7611799240112305,0.7321473360061646,0.8135416507720947,24.0,24.0,3.0,0.0
1022,0.0289,0.03195472061634064,0.7225104813981372,0.7613776922225952,0.7922732830047607,0.7613776922225952,0.8179687857627869,24.0,24.0,1.0,0.0
1023,0.0351,0.03351067751646042,0.8254930853351231,0.7409014701843262,0.7654005289077759,0.7409014701843262,0.8093750476837158,24.0,24.0,3.0,0.0
1024,0.0306,0.04971041902899742,4.429002326459078,5.317617893218994,5.182049751281738,5.317617893218994,0.8350585699081421,64.0,64.0,4.0,0.0
1025,0.0381,0.03493291884660721,1.4338269505176346,1.8519970178604126,1.903271198272705,1.8519970178604126,0.8168750405311584,40.0,40.0,0.0,0.0
1026,0.0408,0.049494508653879166,1.7724286510347624,2.3130197525024414,2.534700870513916,2.3130197525024414,0.8341518044471741,56.0,56.0,1.0,0.0
1027,0.0406,0.047135129570961,1.543647890530119,0.8403229713439941,0.9530536532402039,0.8403229713439941,0.7947916984558105,24.0,24.0,0.0,0.0
1028,0.0454,0.058281101286411285,1.8934974829501303,1.1712450981140137,1.308340311050415,1.1712450981140137,0.7924479246139526,24.0,24.0,0.0,0.0
1029,0.041,0.03936298191547394,1.4146672202622401,0.7608273029327393,0.8026342988014221,0.7608273029327393,0.8028645515441895,24.0,24.0,0.0,0.0
1030,0.0666,0.06064154580235481,1.8542556342805798,2.085024356842041,2.0627307891845703,2.085024356842041,0.829785168170929,64.0,64.0,2.0,0.0
1031,0.0347,0.05952894315123558,8.470641901034895,4.823525905609131,4.523791790008545,4.823525905609131,0.8501953482627869,64.0,64.0,4.0,0.0
1032,0.0357,0.02820907160639763,1.6409974367211,0.7620019912719727,0.7974241971969604,0.7620019912719727,0.8192708492279053,24.0,24.0,1.0,0.0
1033,0.0312,0.030320769175887108,1.6409458032624928,0.7270686626434326,0.7549062967300415,0.7270686626434326,0.8166666626930237,24.0,24.0,1.0,0.0
1034,0.0265,0.026734551414847374,6.467443938880377,4.245634078979492,4.050078392028809,4.245634078979492,0.8226562738418579,24.0,24.0,4.0,0.0
1035,0.0264,0.025408489629626274,5.7349417751838,4.97164249420166,4.799393653869629,4.97164249420166,0.8511363863945007,22.0,22.0,4.0,0.0
1036,0.0346,0.023410579189658165,1.1255652262755758,0.7329602241516113,0.7573690414428711,0.7329602241516113,0.8122395873069763,24.0,24.0,1.0,0.0
1037,0.0403,0.034743763506412506,2.3784018574300423,2.771655321121216,2.872335433959961,2.771655321121216,0.8444336652755737,64.0,64.0,0.0,0.0
1038,0.0387,0.027879983186721802,1.421799408781645,0.766125500202179,0.7839410901069641,0.766125500202179,0.8169270753860474,24.0,24.0,1.0,0.0
1039,0.0336,0.033769045025110245,1.2242258831221462,0.7361595630645752,0.7700362801551819,0.7361595630645752,0.8109375238418579,24.0,24.0,0.0,0.0
1040,0.0381,0.03963758051395416,6.135541510059655,4.8979315757751465,4.95158576965332,4.8979315757751465,0.8122395873069763,24.0,24.0,4.0,0.0
1041,0.0314,0.02970048412680626,0.6109144852754193,0.7481390237808228,0.7800108194351196,0.7481390237808228,0.8062500357627869,24.0,24.0,3.0,0.0
1042,0.0384,0.03284040093421936,2.0935398843768245,1.2821577787399292,1.3964290618896484,1.2821577787399292,0.826367199420929,32.0,32.0,0.0,0.0
1043,0.0208,0.017168719321489334,3.4556177794479916,2.9952492713928223,3.03977108001709,2.9952492713928223,0.76171875,8.0,8.0,4.0,0.0
1044,0.02,0.016714323312044144,1.647042984172895,4.569125175476074,4.606233596801758,4.569125175476074,0.8486979603767395,24.0,24.0,4.0,0.0
1045,0.0336,0.03169764578342438,1.0050113203523396,0.735406219959259,0.782555341720581,0.735406219959259,0.8075520992279053,24.0,24.0,3.0,0.0
1046,0.0369,0.02908453345298767,1.6113057430909508,2.5276880264282227,2.5910744667053223,2.5276880264282227,0.8631696701049805,56.0,56.0,0.0,0.0
1047,0.0388,0.05804458260536194,6.164186590468507,4.822865962982178,4.669683456420898,4.822865962982178,0.8368164300918579,64.0,64.0,4.0,0.0
1048,0.0707,0.06513917446136475,5.79303337338611,2.2493929862976074,2.468106746673584,2.2493929862976074,0.8387695550918579,64.0,64.0,2.0,0.0
1049,0.0297,0.0355021171271801,6.756221636553496,4.919478893280029,4.838419437408447,4.919478893280029,0.8317708969116211,24.0,24.0,4.0,0.0
1050,0.0326,0.019933272153139114,0.9700010294358262,0.7257881164550781,0.7644549012184143,0.7257881164550781,0.8096354007720947,24.0,24.0,1.0,0.0
1051,0.029,0.04101147502660751,4.980043553689494,5.383641242980957,5.252654075622559,5.383641242980957,0.8625000715255737,64.0,64.0,4.0,0.0
1052,0.0229,0.028238732367753983,3.1247319310231774,5.019719123840332,4.918282985687256,5.019719123840332,0.8623884320259094,56.0,56.0,4.0,0.0
1053,0.0306,0.02537115290760994,0.9763008108030509,0.7492228150367737,0.7685243487358093,0.7492228150367737,0.8145833015441895,24.0,24.0,1.0,0.0
1054,0.0372,0.05232587456703186,1.1816508320848034,0.8595245480537415,0.9206739664077759,0.8595245480537415,0.8020833134651184,24.0,24.0,0.0,0.0
1055,0.0401,0.0524105504155159,2.1931221586367133,1.100563406944275,1.2980653047561646,1.100563406944275,0.7963541746139526,24.0,24.0,0.0,0.0
1056,0.0265,0.023814842104911804,0.9201471529428025,0.7388758063316345,0.7820833921432495,0.7388758063316345,0.8088541626930237,24.0,24.0,1.0,0.0
1057,0.038,0.04319136589765549,7.741552779014901,3.7573599815368652,3.806917905807495,3.7573599815368652,0.7864583730697632,24.0,24.0,4.0,0.0
1058,0.0278,0.037001729011535645,5.813424402959952,5.129417896270752,5.095146179199219,5.129417896270752,0.84912109375,64.0,64.0,4.0,0.0
1059,0.04,0.03488847613334656,2.38904866842199,1.6195780038833618,1.7499656677246094,1.6195780038833618,0.8223958015441895,36.0,36.0,0.0,0.0
1060,0.0334,0.042767707258462906,1.0467424587921477,2.9383113384246826,2.98184871673584,2.9383113384246826,0.8277344107627869,64.0,64.0,3.0,0.0
1061,0.0736,0.09129752218723297,4.192313272304217,2.0459136962890625,2.368180513381958,2.0459136962890625,0.835742175579071,64.0,64.0,2.0,0.0
1062,0.0308,0.02492295391857624,5.622853991619275,4.777445316314697,4.679904937744141,4.777445316314697,0.8218750357627869,24.0,24.0,4.0,0.0
1063,0.031,0.024660037830471992,0.7752271385201721,0.7305727005004883,0.7594969272613525,0.7305727005004883,0.8057291507720947,24.0,24.0,3.0,0.0
1064,0.0403,0.03378145769238472,1.0243395620276,0.7127043008804321,0.7638237476348877,0.7127043008804321,0.7989583015441895,24.0,24.0,3.0,0.0
1065,0.0367,0.033941105008125305,7.207423370608982,4.537630081176758,4.466430187225342,4.537630081176758,0.815625011920929,24.0,24.0,4.0,0.0
1066,0.0625,0.08017091453075409,1.5876750691621444,1.9678103923797607,2.1170830726623535,1.9678103923797607,0.838085949420929,64.0,64.0,2.0,0.0
1067,0.0418,0.033018797636032104,1.604833490187619,0.6726159453392029,0.7228991389274597,0.6726159453392029,0.8105000257492065,25.0,25.0,0.0,0.0
1068,0.0237,0.028604719787836075,4.512533978136242,4.837730407714844,4.716650485992432,4.837730407714844,0.8372499942779541,25.0,25.0,4.0,0.0
1069,0.0392,0.03913004323840141,1.3375745196655555,0.7380948066711426,0.7750653624534607,0.7380948066711426,0.8210937976837158,24.0,24.0,0.0,0.0
1070,0.0207,0.019732428714632988,3.138943410220991,4.861018180847168,4.8858747482299805,4.861018180847168,0.8489583730697632,24.0,24.0,4.0,0.0
1071,0.0388,0.05530424043536186,2.2804215825541814,1.0065759420394897,1.1959089040756226,1.0065759420394897,0.8072916865348816,24.0,24.0,1.0,0.0
1072,0.023,0.01819978468120098,2.4761328837947514,4.964658737182617,4.981578826904297,4.964658737182617,0.844921886920929,32.0,32.0,4.0,0.0
1073,0.0572,0.04693084955215454,2.705319104034445,1.8190321922302246,1.930429220199585,1.8190321922302246,0.8427734375,64.0,64.0,2.0,0.0
1074,0.0378,0.024981778115034103,2.171268182578132,0.7052390575408936,0.7450221180915833,0.7052390575408936,0.8109375238418579,24.0,24.0,1.0,0.0
1075,0.0442,0.028835108503699303,2.2128428605006554,2.809659242630005,2.8909757137298584,2.809659242630005,0.862988293170929,64.0,64.0,0.0,0.0
1076,0.0289,0.03428325802087784,4.536114677034817,5.289726257324219,5.097567558288574,5.289726257324219,0.86376953125,64.0,64.0,4.0,0.0
1077,0.0393,0.0422806516289711,1.3780770675419038,0.9468106031417847,1.052501916885376,0.9468106031417847,0.8187500238418579,24.0,24.0,1.0,0.0
1078,0.0347,0.039994850754737854,1.5934564160118099,2.781054973602295,2.8775510787963867,2.781054973602295,0.8531250357627869,64.0,64.0,0.0,0.0
1079,0.0355,0.03469341620802879,0.8371080592858754,0.6795801520347595,0.6972443461418152,0.6795801520347595,0.8028645515441895,24.0,24.0,3.0,0.0
1080,0.0332,0.03099244087934494,0.8282208164278275,0.7596384286880493,0.7795553207397461,0.7596384286880493,0.8083333373069763,24.0,24.0,1.0,0.0
1081,0.028,0.05147882550954819,3.629408458022808,4.774546146392822,4.63097620010376,4.774546146392822,0.8548828363418579,64.0,64.0,4.0,0.0
1082,0.0322,0.026727210730314255,0.7366620122185707,0.6753169298171997,0.7068465948104858,0.6753169298171997,0.8075520396232605,24.0,24.0,3.0,0.0
1083,0.042,0.043558575212955475,2.1447173668479227,2.89971661567688,3.053071975708008,2.89971661567688,0.8560547232627869,64.0,64.0,0.0,0.0
1084,0.0311,0.02795914188027382,0.7532366026051922,0.773208498954773,0.8080286979675293,0.773208498954773,0.8101562857627869,24.0,24.0,3.0,0.0
1085,0.0387,0.03839647024869919,1.3244675794646734,0.8882175087928772,1.012539029121399,0.8882175087928772,0.7994999885559082,25.0,25.0,0.0,0.0
1086,0.0425,0.04858727753162384,2.0791892562112295,1.9783354997634888,2.0989484786987305,1.9783354997634888,0.8284375667572021,40.0,40.0,0.0,0.0
1087,0.0359,0.03583240136504173,0.8092227901845529,1.4511383771896362,1.432779312133789,1.4511383771896362,0.825390636920929,32.0,32.0,3.0,0.0
1088,0.0252,0.013456791639328003,4.357062212372186,3.4414937496185303,3.402184247970581,3.4414937496185303,0.807812511920929,12.0,12.0,4.0,0.0
1089,0.0377,0.06750325858592987,1.3336342885591017,2.7050206661224365,2.8692822456359863,2.7050206661224365,0.8306640982627869,64.0,64.0,1.0,0.0
1090,0.0213,0.017297428101301193,3.6445829440493647,2.9615488052368164,2.9027390480041504,2.9615488052368164,0.7908653616905212,13.0,13.0,4.0,0.0
1091,0.0202,0.0176697950810194,2.6786221853480803,5.039524078369141,4.965368270874023,5.039524078369141,0.8539062738418579,32.0,32.0,4.0,0.0
1092,0.0243,0.0316740907728672,2.4112952035049786,5.128608703613281,4.9949493408203125,5.128608703613281,0.8645508289337158,64.0,64.0,4.0,0.0
1093,0.032,0.030010782182216644,0.8491033165877605,0.7716264128684998,0.8190789222717285,0.7716264128684998,0.8187499642372131,24.0,24.0,3.0,0.0
1094,0.0327,0.02467423304915428,2.359138465566295,0.783492386341095,0.8211112022399902,0.783492386341095,0.8153645992279053,24.0,24.0,1.0,0.0
1095,0.032,0.040659788995981216,0.8490107012398943,0.7406693696975708,0.7675807476043701,0.7406693696975708,0.8156249523162842,24.0,24.0,1.0,0.0
1096,0.0276,0.0328238382935524,0.6605004634702699,0.7327518463134766,0.7813963294029236,0.7327518463134766,0.8102500438690186,25.0,25.0,3.0,0.0
1097,0.0365,0.028451722115278244,1.0694871941924788,0.7087060809135437,0.7436538934707642,0.7087060809135437,0.8156249523162842,24.0,24.0,3.0,0.0
1098,0.0845,0.08800334483385086,5.814521866279129,1.945286750793457,2.173987865447998,1.945286750793457,0.8271484375,64.0,64.0,2.0,0.0
1099,0.0398,0.07066599279642105,2.0606684087737297,1.1155651807785034,1.3429715633392334,1.1155651807785034,0.80078125,24.0,24.0,0.0,0.0
1100,0.0382,0.04471999406814575,2.690968172046753,0.9221897125244141,1.0543625354766846,0.9221897125244141,0.7994791269302368,24.0,24.0,0.0,0.0
1101,0.0291,0.026736322790384293,5.7436851427444084,4.645880699157715,4.540309906005859,4.645880699157715,0.8356771469116211,24.0,24.0,4.0,0.0
1102,0.0245,0.02308284118771553,3.789282742182581,4.876988410949707,4.746381759643555,4.876988410949707,0.834782600402832,23.0,23.0,4.0,0.0
1103,0.0345,0.050079502165317535,1.1912220930504858,0.9141311049461365,1.050029993057251,0.9141311049461365,0.8195312023162842,24.0,24.0,1.0,0.0
1104,0.0421,0.03816758468747139,1.8064560495735122,0.8337913155555725,0.9047048687934875,0.8337913155555725,0.8106770515441895,24.0,24.0,0.0,0.0
1105,0.0354,0.02455739863216877,1.2179777096463706,0.8004001379013062,0.8294761776924133,0.8004001379013062,0.8078125715255737,24.0,24.0,1.0,0.0
1106,0.0663,0.05812989920377731,2.4201024950449384,1.9399325847625732,1.9383987188339233,1.9399325847625732,0.8311523199081421,64.0,64.0,2.0,0.0
1107,0.0389,0.0589432492852211,7.478872608042525,4.897624969482422,4.712791442871094,4.897624969482422,0.8324218988418579,64.0,64.0,4.0,0.0
1108,0.0356,0.03222186118364334,0.9970634820168867,0.7370877265930176,0.7505950331687927,0.7370877265930176,0.817187488079071,24.0,24.0,0.0,0.0
1109,0.041,0.05333743244409561,8.140994844618323,5.220852375030518,4.985146522521973,5.220852375030518,0.7870312333106995,40.0,40.0,4.0,0.0
1110,0.0326,0.030185798183083534,0.937896729357927,0.7147789597511292,0.7591252326965332,0.7147789597511292,0.8208333253860474,24.0,24.0,1.0,0.0
1111,0.0383,0.0571112260222435,7.247666825596034,4.512844085693359,4.240996360778809,4.512844085693359,0.8011718988418579,48.0,48.0,4.0,0.0
1112,0.0331,0.02389635145664215,0.9468648211429932,0.7518322467803955,0.7766912579536438,0.7518322467803955,0.8138020634651184,24.0,24.0,1.0,0.0
1113,0.0353,0.029227567836642265,1.0318071878913782,2.5033700466156006,2.539094924926758,2.5033700466156006,0.8617187738418579,56.0,56.0,0.0,0.0
1114,0.0314,0.041339412331581116,4.911360089326553,4.65342903137207,4.490307807922363,4.65342903137207,0.8524739742279053,48.0,48.0,4.0,0.0
1115,0.0201,0.022040797397494316,2.528157194190577,4.786142349243164,4.786099433898926,4.786142349243164,0.8377604484558105,24.0,24.0,4.0,0.0
1116,0.0344,0.03158562257885933,1.5213989632090463,0.6991028785705566,0.7381553649902344,0.6991028785705566,0.8203125,24.0,24.0,0.0,0.0
1117,0.0257,0.024649728089571,2.352259691941323,5.344720840454102,5.402897357940674,5.344720840454102,0.892285168170929,64.0,64.0,4.0,0.0
1118,0.0755,0.09041757136583328,6.494209766883411,2.829252243041992,3.1454920768737793,2.829252243041992,0.8119140863418579,64.0,64.0,2.0,0.0
1119,0.0235,0.022893492132425308,4.379769751517816,5.135499477386475,5.156203269958496,5.135499477386475,0.8652174472808838,23.0,23.0,4.0,0.0
1120,0.0377,0.04363219067454338,2.3637225201010983,0.9351103901863098,1.0506662130355835,0.9351103901863098,0.815500020980835,25.0,25.0,0.0,0.0
1121,0.0386,0.053398557007312775,2.1281451070946114,1.012230634689331,1.205186367034912,1.012230634689331,0.7902500033378601,25.0,25.0,0.0,0.0
1122,0.036,0.04350581020116806,1.7189925020474124,1.7332592010498047,2.0126800537109375,1.7332592010498047,0.8226562738418579,40.0,40.0,1.0,0.0
1123,0.0239,0.01567341759800911,2.9340194007486966,3.306999921798706,3.27862286567688,3.306999921798706,0.7881250381469727,10.0,10.0,4.0,0.0
1124,0.0634,0.052924398332834244,3.1191863188708764,1.7384815216064453,1.801051378250122,1.7384815216064453,0.8525390625,64.0,64.0,2.0,0.0
1125,0.0262,0.022888608276844025,4.690045689333181,4.738243103027344,4.663381576538086,4.738243103027344,0.8466145992279053,24.0,24.0,4.0,0.0
1126,0.0216,0.018249602988362312,3.6296436706543567,4.9244890213012695,4.781307220458984,4.9244890213012695,0.8609375357627869,24.0,24.0,4.0,0.0
1127,0.0307,0.041818536818027496,4.738408847237268,4.8527679443359375,4.7473297119140625,4.8527679443359375,0.8573242425918579,64.0,64.0,4.0,0.0
1128,0.0666,0.0580798014998436,3.669141576276784,2.033959150314331,2.153451442718506,2.033959150314331,0.8251953125,64.0,64.0,2.0,0.0
1129,0.039,0.046708688139915466,2.959476624476923,2.717951774597168,2.917975664138794,2.717951774597168,0.8427455425262451,56.0,56.0,0.0,0.0
1130,0.0446,0.07273334264755249,2.1493383304618363,1.2444263696670532,1.4785295724868774,1.2444263696670532,0.7915865778923035,26.0,26.0,0.0,0.0
1131,0.0346,0.026839610189199448,1.6010445062405494,2.1829147338867188,2.2961955070495605,2.1829147338867188,0.8464844226837158,48.0,48.0,0.0,0.0
1132,0.0704,0.04794057458639145,3.715330162668741,1.743858814239502,1.8153798580169678,1.743858814239502,0.8446289300918579,64.0,64.0,2.0,0.0
1133,0.0201,0.019431177526712418,3.3487293617750313,4.523332595825195,4.574063301086426,4.523332595825195,0.8293750286102295,20.0,20.0,4.0,0.0
1134,0.0351,0.03182326257228851,0.9519924057556763,0.8044453859329224,0.8358113169670105,0.8044453859329224,0.807812511920929,24.0,24.0,1.0,0.0
1135,0.0268,0.027494188398122787,0.8006291951398755,0.8305959105491638,0.8523437976837158,0.8305959105491638,0.8187500238418579,24.0,24.0,1.0,0.0
1136,0.0282,0.024006256833672523,0.8434319078097388,0.7491134405136108,0.775219738483429,0.7491134405136108,0.8169270753860474,24.0,24.0,1.0,0.0
1137,0.0346,0.04544302076101303,1.252733463942274,2.4130754470825195,2.183760643005371,2.4130754470825195,0.8125,48.0,48.0,3.0,0.0
1138,0.0278,0.018806736916303635,6.527884473361135,4.761196613311768,4.663000583648682,4.761196613311768,0.8604166507720947,24.0,24.0,4.0,0.0
1139,0.0296,0.03900381550192833,5.795299323147496,5.0974602699279785,4.783677101135254,5.0974602699279785,0.8741210699081421,64.0,64.0,4.0,0.0
1140,0.0193,0.016350315883755684,2.806257795265227,4.720915794372559,4.651915073394775,4.720915794372559,0.8531250953674316,22.0,22.0,4.0,0.0
1141,0.0328,0.028315115720033646,0.8552098912895243,0.7502673268318176,0.7648777365684509,0.7502673268318176,0.8190104365348816,24.0,24.0,1.0,0.0
1142,0.0298,0.031079372391104698,0.9128248958537909,0.7536428570747375,0.787253737449646,0.7536428570747375,0.807812511920929,24.0,24.0,3.0,0.0
1143,0.0466,0.0862722247838974,3.029860886519379,2.6841182708740234,2.993778705596924,2.6841182708740234,0.791308581829071,64.0,64.0,1.0,0.0
1144,0.0338,0.041680920869112015,1.157796919612861,0.8443264961242676,0.9470651149749756,0.8443264961242676,0.8078124523162842,24.0,24.0,3.0,0.0
1145,0.025,0.02783956192433834,0.6717586051374065,0.707040011882782,0.7486509084701538,0.707040011882782,0.8177083730697632,24.0,24.0,1.0,0.0
1146,0.0247,0.02680182084441185,4.362911291635392,4.386097431182861,4.552600860595703,4.386097431182861,0.8091145753860474,24.0,24.0,4.0,0.0
1147,0.0633,0.043617941439151764,4.5780906606259775,1.8515503406524658,2.027696132659912,1.8515503406524658,0.8524414300918579,64.0,64.0,2.0,0.0
1148,0.0406,0.03684016689658165,2.1539583954061765,0.9096339344978333,0.9869099855422974,0.9096339344978333,0.8080729246139526,24.0,24.0,0.0,0.0
1149,0.0201,0.024887125939130783,1.6534672800044716,5.154181003570557,5.236093997955322,5.154181003570557,0.8704427480697632,48.0,48.0,4.0,0.0
1150,0.0374,0.05957562476396561,1.0153222013459795,0.9264174699783325,1.0973161458969116,0.9264174699783325,0.807812511920929,24.0,24.0,3.0,0.0
1151,0.0279,0.02961297333240509,0.7148533924196213,0.6961578726768494,0.731033444404602,0.6961578726768494,0.8091145753860474,24.0,24.0,3.0,0.0
1152,0.0346,0.04004865884780884,1.1539398500437272,0.7624033689498901,0.8143182992935181,0.7624033689498901,0.8184896111488342,24.0,24.0,1.0,0.0
1153,0.0281,0.03553745150566101,5.237852177029608,5.188657760620117,4.950512409210205,5.188657760620117,0.8763672113418579,64.0,64.0,4.0,0.0
1154,0.0367,0.02242492511868477,1.2160408820601545,0.7233836650848389,0.7624712586402893,0.7233836650848389,0.8170000314712524,25.0,25.0,0.0,0.0
1155,0.0226,0.02147234044969082,4.307627173982736,3.9847726821899414,3.8596107959747314,3.9847726821899414,0.8356771469116211,24.0,24.0,4.0,0.0
1156,0.0313,0.02296600118279457,0.782064121944048,0.7409484386444092,0.7736515402793884,0.7409484386444092,0.8109375238418579,24.0,24.0,1.0,0.0
1157,0.036,0.03375512361526489,0.8052577668161445,0.7326636910438538,0.7619119882583618,0.7326636910438538,0.8049479722976685,24.0,24.0,3.0,0.0
1158,0.0754,0.08311150968074799,2.7145723977478866,1.3994802236557007,1.4736696481704712,1.3994802236557007,0.85205078125,64.0,64.0,2.0,0.0
1159,0.0367,0.02955326996743679,1.3167640911607663,0.7108215093612671,0.7475205659866333,0.7108215093612671,0.8104166984558105,24.0,24.0,1.0,0.0
1160,0.0402,0.031987860798835754,1.7868713266736502,2.797487497329712,2.7978224754333496,2.797487497329712,0.8634766340255737,64.0,64.0,0.0,0.0
1161,0.0349,0.024600660428404808,1.381321616544009,0.7319808006286621,0.7571656703948975,0.7319808006286621,0.8117187023162842,24.0,24.0,0.0,0.0
1162,0.0267,0.02435172162950039,0.7290783686342777,0.7600474953651428,0.802329421043396,0.7600474953651428,0.8013020753860474,24.0,24.0,3.0,0.0
1163,0.0336,0.03312797099351883,0.8592352008477291,0.776511013507843,0.8078542351722717,0.776511013507843,0.8114583492279053,24.0,24.0,0.0,0.0
1164,0.0295,0.030353711917996407,0.9363367262037423,0.7101213932037354,0.748312771320343,0.7101213932037354,0.8114583492279053,24.0,24.0,3.0,0.0
1165,0.0316,0.03258814662694931,6.552880102852264,4.252268314361572,4.2770586013793945,4.252268314361572,0.8065104484558105,24.0,24.0,4.0,0.0
1166,0.0281,0.017122741788625717,5.549265714964118,3.2979021072387695,3.301978588104248,3.2979021072387695,0.7729166746139526,9.0,9.0,4.0,0.0
1167,0.0699,0.057733990252017975,3.8092917636918044,1.9365234375,2.061769485473633,1.9365234375,0.84423828125,64.0,64.0,2.0,0.0
1168,0.019,0.01666002720594406,3.2389751150215966,4.223091125488281,4.237290382385254,4.223091125488281,0.8500000238418579,24.0,24.0,4.0,0.0
1169,0.0738,0.06397145986557007,5.385726393634895,1.9940314292907715,2.1556286811828613,1.9940314292907715,0.82763671875,64.0,64.0,2.0,0.0
1170,0.0231,0.04017813503742218,4.388322129042306,5.123738765716553,4.975686073303223,5.123738765716553,0.8624023795127869,64.0,64.0,4.0,0.0
1171,0.0231,0.021035872399806976,4.613235501207394,4.296454429626465,4.216728210449219,4.296454429626465,0.8216146230697632,24.0,24.0,4.0,0.0
1172,0.0194,0.01975431479513645,2.7695183567746735,5.23238468170166,5.185848712921143,5.23238468170166,0.8692187666893005,40.0,40.0,4.0,0.0
1173,0.0212,0.016002021729946136,1.7486586408025178,4.612951755523682,4.616364479064941,4.612951755523682,0.8559895753860474,24.0,24.0,4.0,0.0
1174,0.0389,0.03116857260465622,2.219815309154143,0.7991036772727966,0.846083402633667,0.7991036772727966,0.8184895515441895,24.0,24.0,1.0,0.0
1175,0.0268,0.02223907597362995,3.5329948640217927,4.366461277008057,4.47176456451416,4.366461277008057,0.7927083373069763,24.0,24.0,4.0,0.0
1176,0.0777,0.0686664804816246,6.889445959608598,1.9671850204467773,2.2410504817962646,1.9671850204467773,0.8412109613418579,64.0,64.0,2.0,0.0
1177,0.0204,0.019960667937994003,3.5380943564283274,3.2875173091888428,3.357771396636963,3.2875173091888428,0.7666666507720947,9.0,9.0,4.0,0.0
1178,0.0396,0.08933570981025696,3.1233180573744153,1.3193336725234985,1.603562831878662,1.3193336725234985,0.7872500419616699,25.0,25.0,0.0,0.0
1179,0.0537,0.02636609971523285,4.314602935526696,0.779665470123291,0.8126481175422668,0.779665470123291,0.8062499761581421,24.0,24.0,1.0,0.0
1180,0.0383,0.031102938577532768,2.011321526068173,2.2582950592041016,2.3258867263793945,2.2582950592041016,0.84375,48.0,48.0,0.0,0.0
1181,0.0365,0.03225968778133392,1.2998817623000336,0.7692750692367554,0.7954469323158264,0.7692750692367554,0.8138021230697632,24.0,24.0,1.0,0.0
1182,0.0645,0.08026057481765747,2.517186059965621,2.511937141418457,2.588435649871826,2.511937141418457,0.8184570670127869,64.0,64.0,2.0,0.0
1183,0.0631,0.0821714699268341,1.7374083216488538,1.8985283374786377,1.9507310390472412,1.8985283374786377,0.8451172113418579,64.0,64.0,2.0,0.0
1184,0.0301,0.033223941922187805,0.8665487458797331,1.3442810773849487,1.2625824213027954,1.3442810773849487,0.8271484375,32.0,32.0,1.0,0.0
1185,0.041,0.043490707874298096,1.974805039055154,0.9675713181495667,1.0369315147399902,0.9675713181495667,0.7979999780654907,25.0,25.0,0.0,0.0
1186,0.0599,0.05457793176174164,14.909448858613738,4.445213317871094,3.993640661239624,4.445213317871094,0.8260416984558105,24.0,24.0,4.0,0.0
1187,0.0278,0.0225350521504879,0.767048720845734,0.7405295968055725,0.7434424161911011,0.7405295968055725,0.8170000314712524,25.0,25.0,1.0,0.0
1188,0.0332,0.029023729264736176,2.6484342516663757,0.6537023782730103,0.6740410923957825,0.6537023782730103,0.8022500276565552,25.0,25.0,0.0,0.0
1189,0.0401,0.04213716462254524,1.808986834844292,0.9073789119720459,0.9925944805145264,0.9073789119720459,0.7973958253860474,24.0,24.0,3.0,0.0
1190,0.0552,0.052218761295080185,14.841003383329618,5.025137424468994,4.517078399658203,5.025137424468994,0.8330729007720947,24.0,24.0,4.0,0.0
1191,0.0325,0.02822883613407612,1.7115457247725914,0.7271490097045898,0.7506454586982727,0.7271490097045898,0.815250039100647,25.0,25.0,0.0,0.0
1192,0.0613,0.060631267726421356,1.1927667201563377,2.0667076110839844,2.0305299758911133,2.0667076110839844,0.8448242545127869,64.0,64.0,2.0,0.0
1193,0.0391,0.0408184714615345,11.248552217172264,4.654667854309082,4.394035339355469,4.654667854309082,0.8346354961395264,24.0,24.0,4.0,0.0
1194,0.0279,0.026694297790527344,0.9351736358224928,0.757526695728302,0.7986495494842529,0.757526695728302,0.8179999589920044,25.0,25.0,1.0,0.0
1195,0.0336,0.025663133710622787,1.240290117550585,0.7661604881286621,0.8102549314498901,0.7661604881286621,0.8132812976837158,24.0,24.0,1.0,0.0
1196,0.0307,0.02787688747048378,7.241735974547035,5.006875991821289,4.938291549682617,5.006875991821289,0.840624988079071,40.0,40.0,4.0,0.0
1197,0.031,0.028238683938980103,5.325760592227018,4.505632400512695,4.48741340637207,4.505632400512695,0.8367187976837158,24.0,24.0,4.0,0.0
1198,0.0618,0.05504104867577553,6.339945334117941,1.8391666412353516,2.1357686519622803,1.8391666412353516,0.8545898795127869,64.0,64.0,2.0,0.0
1199,0.0209,0.022690266370773315,2.151495633316893,4.8912153244018555,4.99160099029541,4.8912153244018555,0.8650000095367432,40.0,40.0,4.0,0.0
1200,0.0482,0.02373744174838066,5.0207263118858245,0.7763659954071045,0.7998960018157959,0.7763659954071045,0.8117187023162842,24.0,24.0,0.0,0.0
1201,0.0355,0.036796629428863525,1.651136549761523,0.9281137585639954,1.041210412979126,0.9281137585639954,0.7921874523162842,24.0,24.0,3.0,0.0
1202,0.0306,0.02958587184548378,1.1332515469527533,0.7790560722351074,0.8047959804534912,0.7790560722351074,0.8177083134651184,24.0,24.0,1.0,0.0
1203,0.0298,0.03441615402698517,0.9417496481700864,0.7289339303970337,0.78532874584198,0.7289339303970337,0.8114583492279053,24.0,24.0,3.0,0.0
1204,0.0353,0.029321525245904922,2.7027893317825455,0.7076961994171143,0.7522479891777039,0.7076961994171143,0.8087500333786011,25.0,25.0,0.0,0.0
1205,0.0304,0.024554260075092316,1.0832746456409665,0.7451595067977905,0.7856095433235168,0.7451595067977905,0.8114583492279053,24.0,24.0,3.0,0.0
1206,0.0234,0.02567412331700325,3.6366103646895995,4.530934810638428,4.46921443939209,4.530934810638428,0.8359375,24.0,24.0,4.0,0.0
1207,0.0272,0.02854439802467823,0.6381230108819582,0.7845865488052368,0.8234990239143372,0.7845865488052368,0.8127604126930237,24.0,24.0,1.0,0.0
1208,0.0211,0.021145205944776535,2.6674671157662266,4.991905212402344,4.863059043884277,4.991905212402344,0.8572916984558105,24.0,24.0,4.0,0.0
1209,0.0413,0.03291743993759155,2.6639594960641806,0.6961891651153564,0.7349429130554199,0.6961891651153564,0.813281238079071,24.0,24.0,0.0,0.0
1210,0.0287,0.022426489740610123,0.7304570912855177,0.7392705678939819,0.7739628553390503,0.7392705678939819,0.81640625,24.0,24.0,1.0,0.0
1211,0.0548,0.0573505274951458,3.379040063121129,2.274291753768921,2.4448275566101074,2.274291753768921,0.8232421875,64.0,64.0,2.0,0.0
1212,0.0377,0.028050865978002548,1.988327136300943,1.2963553667068481,1.3164174556732178,1.2963553667068481,0.828125,32.0,32.0,1.0,0.0
1213,0.0222,0.022036150097846985,4.642748283135562,4.891702651977539,4.790571689605713,4.891702651977539,0.8557292222976685,24.0,24.0,4.0,0.0
1214,0.0328,0.039188679307699203,0.9866092789640538,0.8828660249710083,0.9774470925331116,0.8828660249710083,0.8097500205039978,25.0,25.0,1.0,0.0
1215,0.0224,0.020327141508460045,4.93340574897836,4.931103706359863,4.843050003051758,4.931103706359863,0.8526041507720947,24.0,24.0,4.0,0.0
1216,0.0331,0.04373607039451599,0.9984632671591032,0.9190291166305542,1.0017266273498535,0.9190291166305542,0.797656238079071,24.0,24.0,0.0,0.0
1217,0.0341,0.03179563581943512,1.6735472873821924,2.6808571815490723,2.784939765930176,2.6808571815490723,0.8576172590255737,64.0,64.0,0.0,0.0
1218,0.0359,0.034347619861364365,2.604503391943652,0.8124954700469971,0.8132551908493042,0.8124954700469971,0.8135416507720947,24.0,24.0,3.0,0.0
1219,0.0389,0.04485910385847092,1.579080904737341,1.0930333137512207,1.2680258750915527,1.0930333137512207,0.7940000295639038,25.0,25.0,0.0,0.0
1220,0.0283,0.02416270226240158,4.595781738165258,4.465663909912109,4.475407600402832,4.465663909912109,0.8335937261581421,24.0,24.0,4.0,0.0
1221,0.0373,0.04290712624788284,1.1735622885002077,0.9395967125892639,1.081505537033081,0.9395967125892639,0.8050000071525574,25.0,25.0,0.0,0.0
1222,0.03,0.02719486504793167,0.6426968152616731,0.737231433391571,0.7614777088165283,0.737231433391571,0.8106770515441895,24.0,24.0,3.0,0.0
1223,0.0231,0.014028547331690788,2.709626324007067,3.3021819591522217,3.3851370811462402,3.3021819591522217,0.8062500357627869,11.0,11.0,4.0,0.0
1224,0.0696,0.05004296824336052,3.2561596660708054,2.1223042011260986,2.1748368740081787,2.1223042011260986,0.84130859375,64.0,64.0,2.0,0.0
1225,0.0347,0.03479623794555664,1.648113316167874,0.7487317323684692,0.7828085422515869,0.7487317323684692,0.8169270753860474,24.0,24.0,0.0,0.0
1226,0.0312,0.026007574051618576,0.7385158483383802,0.6920085549354553,0.7194352149963379,0.6920085549354553,0.8125,24.0,24.0,3.0,0.0
1227,0.0747,0.059724360704422,4.624335411798904,2.4494218826293945,2.6016623973846436,2.4494218826293945,0.8243163824081421,64.0,64.0,2.0,0.0
1228,0.0225,0.03518517687916756,2.9558075148512204,4.867876052856445,4.828557014465332,4.867876052856445,0.8629464507102966,56.0,56.0,4.0,0.0
1229,0.0684,0.050302617251873016,1.6980406603659335,1.8765369653701782,1.9507349729537964,1.8765369653701782,0.8557617664337158,64.0,64.0,2.0,0.0
1230,0.0252,0.02788769081234932,0.7417590932672989,0.8127320408821106,0.8511072397232056,0.8127320408821106,0.8041666746139526,24.0,24.0,3.0,0.0
1231,0.0348,0.022942906245589256,1.4886528773560972,0.7957045435905457,0.8310017585754395,0.7957045435905457,0.8197916746139526,24.0,24.0,1.0,0.0
1232,0.0328,0.0253317728638649,0.9015618168027453,0.6979763507843018,0.7349509000778198,0.6979763507843018,0.8031249642372131,24.0,24.0,3.0,0.0
1233,0.0233,0.021562522277235985,5.432808165283913,4.751310348510742,4.572929382324219,4.751310348510742,0.84765625,24.0,24.0,4.0,0.0
1234,0.0565,0.05286106467247009,2.6123283713697463,1.9227824211120605,2.000349760055542,1.9227824211120605,0.8464844226837158,64.0,64.0,2.0,0.0
1235,0.0213,0.023544369265437126,4.52535634780562,4.963039398193359,4.833452224731445,4.963039398193359,0.8651041984558105,24.0,24.0,4.0,0.0
1236,0.0409,0.02803373709321022,2.8371976866212467,0.9177064895629883,0.9641250967979431,0.9177064895629883,0.8007500171661377,25.0,25.0,1.0,0.0
1237,0.0323,0.023882335051894188,1.4921751695457097,0.7730186581611633,0.7909578084945679,0.7730186581611633,0.8179687261581421,24.0,24.0,1.0,0.0
1238,0.0689,0.06534816324710846,3.982251933273163,2.522200345993042,2.6734447479248047,2.522200345993042,0.803906261920929,64.0,64.0,2.0,0.0
1239,0.0356,0.03270570933818817,1.8554972775355103,0.918027400970459,1.0112322568893433,0.918027400970459,0.8083333373069763,24.0,24.0,0.0,0.0
1240,0.0339,0.04093495011329651,0.9243142195149862,0.8530151844024658,0.9261481761932373,0.8530151844024658,0.8026041388511658,24.0,24.0,3.0,0.0
1241,0.0362,0.02277451753616333,6.40705570849776,4.574074745178223,4.431116580963135,4.574074745178223,0.8240625262260437,20.0,20.0,4.0,0.0
1242,0.0668,0.0770626813173294,3.304764893799617,2.565725803375244,2.7074990272521973,2.565725803375244,0.7918945550918579,64.0,64.0,2.0,0.0
1243,0.0328,0.04246653988957405,1.383617462886667,2.722459316253662,2.6043920516967773,2.722459316253662,0.826897382736206,56.0,56.0,3.0,0.0
1244,0.0214,0.02017008140683174,4.655193247660156,4.529027938842773,4.402553081512451,4.529027938842773,0.84375,24.0,24.0,4.0,0.0
1245,0.0223,0.019906694069504738,4.3756782233445835,4.702574253082275,4.595738887786865,4.702574253082275,0.8484375476837158,24.0,24.0,4.0,0.0
1246,0.0266,0.01237274706363678,4.401455631896293,3.4351682662963867,3.3931519985198975,3.4351682662963867,0.8043750524520874,10.0,10.0,4.0,0.0
1247,0.0431,0.027199331670999527,2.2871234440387167,0.705878734588623,0.7433594465255737,0.705878734588623,0.8057500123977661,25.0,25.0,0.0,0.0
1248,0.0798,0.08407957851886749,6.391726475592285,2.155972719192505,2.540597915649414,2.155972719192505,0.8239955902099609,56.0,56.0,2.0,0.0
1249,0.059,0.044595181941986084,2.3551166303478483,1.8404442071914673,1.9187498092651367,1.8404442071914673,0.8542969226837158,64.0,64.0,2.0,0.0
1250,0.0204,0.014596092514693737,2.4273665490282443,4.769895076751709,4.834692001342773,4.769895076751709,0.8362500667572021,20.0,20.0,4.0,0.0
1251,0.0388,0.038778163492679596,1.8501206753667236,0.7129291296005249,0.7802439332008362,0.7129291296005249,0.8079999685287476,25.0,25.0,0.0,0.0
1252,0.02,0.01639837771654129,1.8277490668860907,4.336858749389648,4.335661888122559,4.336858749389648,0.8447916507720947,24.0,24.0,4.0,0.0
1253,0.0366,0.05718466639518738,1.8487033673801603,2.3058409690856934,2.694958448410034,2.3058409690856934,0.8140624761581421,56.0,56.0,1.0,0.0
1254,0.0186,0.01690889522433281,1.574375023658105,4.388253211975098,4.381205081939697,4.388253211975098,0.8375000357627869,24.0,24.0,4.0,0.0
1255,0.0325,0.022449873387813568,0.9522888009596722,0.7856167554855347,0.8054415583610535,0.7856167554855347,0.8090000152587891,25.0,25.0,3.0,0.0
1256,0.0323,0.03513478860259056,0.696210988518122,0.7489513158798218,0.7849502563476562,0.7489513158798218,0.8104166388511658,24.0,24.0,3.0,0.0
1257,0.0298,0.0389048233628273,1.2546303437215032,2.2983293533325195,2.495718479156494,2.2983293533325195,0.8223958611488342,48.0,48.0,0.0,0.0
1258,0.0218,0.02747880108654499,2.9943740073159653,4.348843097686768,4.244665145874023,4.348843097686768,0.8434896469116211,24.0,24.0,4.0,0.0
1259,0.0293,0.05602406710386276,1.6946604129067655,2.6438369750976562,2.9592671394348145,2.6438369750976562,0.8175780773162842,64.0,64.0,1.0,0.0
1260,0.0207,0.020283188670873642,2.3094284547638555,4.630167007446289,4.601843357086182,4.630167007446289,0.8549479842185974,24.0,24.0,4.0,0.0
1261,0.0606,0.05695688724517822,3.369513993625701,2.3774898052215576,2.513510227203369,2.3774898052215576,0.8160156011581421,64.0,64.0,2.0,0.0
1262,0.0204,0.022360673174262047,1.9964014051425616,5.069347381591797,4.974025726318359,5.069347381591797,0.8669922351837158,32.0,32.0,4.0,0.0
1263,0.0253,0.02425980567932129,0.6579416310841346,0.7720874547958374,0.7887538075447083,0.7720874547958374,0.8187499642372131,24.0,24.0,1.0,0.0
1264,0.0367,0.03365425020456314,1.773955146128947,2.5022828578948975,2.577078342437744,2.5022828578948975,0.8485491275787354,56.0,56.0,0.0,0.0
1265,0.0323,0.02802208997309208,0.7835601827424787,0.7282674312591553,0.7429083585739136,0.7282674312591553,0.8119791746139526,24.0,24.0,3.0,0.0
1266,0.0328,0.026373419910669327,0.929748970992946,0.7271679639816284,0.750300943851471,0.7271679639816284,0.8127604722976685,24.0,24.0,3.0,0.0
1267,0.031,0.028100766241550446,1.1349421471414955,0.7085788249969482,0.7350808382034302,0.7085788249969482,0.8093750476837158,24.0,24.0,3.0,0.0
1268,0.032,0.02938515692949295,1.389456098446224,0.7804849147796631,0.8052836656570435,0.7804849147796631,0.8080729246139526,24.0,24.0,3.0,0.0
1269,0.0221,0.01713702455163002,4.372589345310575,4.583604335784912,4.563027381896973,4.583604335784912,0.8262500166893005,20.0,20.0,4.0,0.0
1270,0.0401,0.05559518560767174,2.011811596556962,1.0159597396850586,1.1945664882659912,1.0159597396850586,0.7869791984558105,24.0,24.0,0.0,0.0
1271,0.0235,0.014853570610284805,3.3753638177276515,4.904541015625,4.876633644104004,4.904541015625,0.8614583611488342,24.0,24.0,4.0,0.0
1272,0.0578,0.05055150389671326,2.576968521517668,2.0038623809814453,2.0997636318206787,2.0038623809814453,0.8421875238418579,64.0,64.0,2.0,0.0
1273,0.0322,0.038465466350317,0.9005677926520745,0.724152684211731,0.7589632272720337,0.724152684211731,0.8083333373069763,24.0,24.0,3.0,0.0
1274,0.062,0.04249872267246246,3.276769849038863,2.1714532375335693,2.2196106910705566,2.1714532375335693,0.83056640625,64.0,64.0,2.0,0.0
1275,0.0394,0.033677034080028534,2.3254884924023065,0.9509024620056152,1.0512096881866455,0.9509024620056152,0.8130208253860474,24.0,24.0,0.0,0.0
1276,0.0267,0.020214363932609558,4.425215433904976,4.303646087646484,4.21577262878418,4.303646087646484,0.8221354484558105,24.0,24.0,4.0,0.0
1277,0.0372,0.04331729933619499,1.5860509884227745,0.7749089598655701,0.8215564489364624,0.7749089598655701,0.8187500238418579,24.0,24.0,1.0,0.0
1278,0.0245,0.04146189242601395,4.1527366842308595,4.955982685089111,4.735220432281494,4.955982685089111,0.8587890863418579,64.0,64.0,4.0,0.0
1279,0.0624,0.058090705424547195,2.3887115248730875,1.9581732749938965,2.119579792022705,1.9581732749938965,0.835644543170929,64.0,64.0,2.0,0.0
1280,0.0154,0.018409861251711845,2.296198760360857,4.411757469177246,4.393462181091309,4.411757469177246,0.8369565010070801,23.0,23.0,4.0,0.0
1281,0.0712,0.09272199124097824,4.505367979859346,2.3605923652648926,2.673901081085205,2.3605923652648926,0.8169921636581421,64.0,64.0,2.0,0.0
1282,0.0327,0.030989184975624084,1.3465575680612463,0.7878245115280151,0.8052473664283752,0.7878245115280151,0.8138021230697632,24.0,24.0,1.0,0.0
1283,0.0181,0.022634416818618774,2.7513381345583006,4.811692237854004,4.783452987670898,4.811692237854004,0.8575520515441895,24.0,24.0,4.0,0.0
1284,0.0307,0.045482613146305084,0.8763294782525388,3.0470497608184814,3.0043649673461914,3.0470497608184814,0.822460949420929,64.0,64.0,3.0,0.0
1285,0.0349,0.038987960666418076,0.9617554618903592,2.7023062705993652,2.660001039505005,2.7023062705993652,0.8284597992897034,56.0,56.0,3.0,0.0
1286,0.0294,0.03808244317770004,0.9648234477252962,2.4735398292541504,2.435532569885254,2.4735398292541504,0.8096354007720947,48.0,48.0,3.0,0.0
1287,0.0345,0.024173704907298088,1.123665971167995,0.7666014432907104,0.7925830483436584,0.7666014432907104,0.8192708492279053,24.0,24.0,1.0,0.0
1288,0.0292,0.03099995106458664,0.6761302115301122,0.732721209526062,0.7886375188827515,0.732721209526062,0.8098958730697632,24.0,24.0,3.0,0.0
1289,0.0179,0.01982639543712139,2.525012160230914,4.888660430908203,4.843367576599121,4.888660430908203,0.8526042103767395,24.0,24.0,4.0,0.0
1290,0.0243,0.048882562667131424,3.5295150901262233,4.843896865844727,4.677042007446289,4.843896865844727,0.8578125238418579,64.0,64.0,4.0,0.0
1291,0.0214,0.029754526913166046,2.9247223803539413,4.935678005218506,4.830330848693848,4.935678005218506,0.8611979484558105,48.0,48.0,4.0,0.0
1292,0.0557,0.0398373156785965,2.0505277712842434,1.7410542964935303,1.7825679779052734,1.7410542964935303,0.852246105670929,64.0,64.0,2.0,0.0
1293,0.0394,0.02566159889101982,2.5731360289462577,0.7701195478439331,0.7947711944580078,0.7701195478439331,0.8184999823570251,25.0,25.0,0.0,0.0
1294,0.0203,0.020028941333293915,2.5143959464448344,4.851250648498535,4.852826118469238,4.851250648498535,0.8294270634651184,24.0,24.0,4.0,0.0
1295,0.0383,0.05190693587064743,2.64486789469151,0.9629784822463989,1.1117334365844727,0.9629784822463989,0.8070312738418579,24.0,24.0,0.0,0.0
1296,0.0672,0.0656265988945961,3.9837645004028106,2.2624645233154297,2.4138660430908203,2.2624645233154297,0.815625011920929,64.0,64.0,2.0,0.0
1297,0.0173,0.016402507200837135,2.31413090048713,4.935959815979004,4.863515377044678,4.935959815979004,0.8546196222305298,23.0,23.0,4.0,0.0
1298,0.017,0.014874793589115143,2.035313521033043,4.793580055236816,4.758152008056641,4.793580055236816,0.843206524848938,23.0,23.0,4.0,0.0
1299,0.0327,0.025016753003001213,1.042290999722389,0.7334690093994141,0.7695167064666748,0.7334690093994141,0.7979166507720947,24.0,24.0,3.0,0.0
1300,0.017,0.014931131154298782,2.068437121725166,4.247481346130371,4.257035732269287,4.247481346130371,0.8338541984558105,24.0,24.0,4.0,0.0
1301,0.0723,0.10275108367204666,4.86986274175483,2.3548309803009033,2.8007683753967285,2.3548309803009033,0.8213866949081421,64.0,64.0,2.0,0.0
1302,0.0352,0.03888440504670143,1.9255585067197936,0.9431302547454834,1.071587324142456,0.9431302547454834,0.796999990940094,25.0,25.0,0.0,0.0
1303,0.0334,0.051126521080732346,1.3950467601686867,2.298879623413086,2.5690436363220215,2.298879623413086,0.8187500238418579,56.0,56.0,1.0,0.0
1304,0.0348,0.028062516823410988,1.5082065209475473,0.7435004711151123,0.7786740660667419,0.7435004711151123,0.809374988079071,24.0,24.0,0.0,0.0
1305,0.0406,0.02762920781970024,1.555490457263809,0.9465957283973694,1.0431658029556274,0.9465957283973694,0.8034999966621399,25.0,25.0,0.0,0.0
1306,0.0305,0.02824675664305687,7.963446188384033,4.681265830993652,4.52230167388916,4.681265830993652,0.8361979722976685,24.0,24.0,4.0,0.0
1307,0.0564,0.05349789559841156,1.3951168965200327,1.8258408308029175,1.7810297012329102,1.8258408308029175,0.8436523675918579,64.0,64.0,2.0,0.0
1308,0.0629,0.0553145632147789,1.771343637496364,2.3640217781066895,2.3726906776428223,2.3640217781066895,0.8435547351837158,64.0,64.0,2.0,0.0
1309,0.0338,0.03293515741825104,8.191804441095497,4.681338310241699,4.448598384857178,4.681338310241699,0.8414062261581421,24.0,24.0,4.0,0.0
1310,0.0251,0.01913723722100258,7.320453520074066,3.5905685424804688,3.4431354999542236,3.5905685424804688,0.793749988079071,13.0,13.0,4.0,0.0
1311,0.0315,0.04058998450636864,7.341393620485425,4.894172668457031,4.712587356567383,4.894172668457031,0.864453136920929,64.0,64.0,4.0,0.0
1312,0.0548,0.05454132705926895,3.0683067403041706,1.8397924900054932,1.9315242767333984,1.8397924900054932,0.8497070670127869,64.0,64.0,2.0,0.0
1313,0.0248,0.017322827130556107,3.7061688354023308,4.116405487060547,4.094221591949463,4.116405487060547,0.8416666984558105,24.0,24.0,4.0,0.0
1314,0.035,0.027532266452908516,2.3492602444090225,0.7516193389892578,0.7985338568687439,0.7516193389892578,0.8109999895095825,25.0,25.0,0.0,0.0
1315,0.0615,0.06861025094985962,5.851075114081806,1.9827635288238525,2.21344256401062,1.9827635288238525,0.8331054449081421,64.0,64.0,2.0,0.0
1316,0.0304,0.034829143434762955,1.2405144166641382,2.677015781402588,2.8203649520874023,2.677015781402588,0.827343761920929,56.0,56.0,3.0,0.0
1317,0.0368,0.031971752643585205,1.67568742782816,0.7876486778259277,0.8155227303504944,0.7876486778259277,0.8130208253860474,24.0,24.0,1.0,0.0
1318,0.0296,0.02658987045288086,0.823725613052066,0.7063390612602234,0.7387076616287231,0.7063390612602234,0.8177083134651184,24.0,24.0,3.0,0.0
1319,0.0333,0.02897500805556774,0.8824690826949331,0.6571316719055176,0.6645799875259399,0.6571316719055176,0.7914062738418579,24.0,24.0,0.0,0.0
1320,0.0228,0.02220824733376503,4.860109163409107,4.673439025878906,4.734218597412109,4.673439025878906,0.8187500238418579,24.0,24.0,4.0,0.0
1321,0.0765,0.11951036751270294,5.481223731347174,2.021954298019409,2.3920230865478516,2.021954298019409,0.8262695074081421,64.0,64.0,2.0,0.0
1322,0.0334,0.02853098325431347,1.0828675258855154,0.7552154660224915,0.7828246355056763,0.7552154660224915,0.8059896230697632,24.0,24.0,3.0,0.0
1323,0.0329,0.02860037237405777,1.5247114124290322,1.3122023344039917,1.3793048858642578,1.3122023344039917,0.835742175579071,32.0,32.0,1.0,0.0
1324,0.0372,0.024232564494013786,1.5652369273269353,0.7821869850158691,0.8203722238540649,0.7821869850158691,0.809499979019165,25.0,25.0,1.0,0.0
1325,0.0659,0.045559003949165344,3.561520785498063,1.7446047067642212,1.734243631362915,1.7446047067642212,0.8486328721046448,64.0,64.0,2.0,0.0
1326,0.0341,0.0233440138399601,1.1148801241878248,0.7869772911071777,0.8025990724563599,0.7869772911071777,0.819531261920929,24.0,24.0,1.0,0.0
1327,0.0343,0.0252829696983099,1.5678922066365801,0.748576819896698,0.7823207378387451,0.748576819896698,0.8192707896232605,24.0,24.0,1.0,0.0
1328,0.0359,0.0494537428021431,2.5905673403913667,2.9880499839782715,2.685265064239502,2.9880499839782715,0.8306640982627869,64.0,64.0,3.0,0.0
1329,0.0394,0.04225386306643486,1.9457589165733875,2.5412139892578125,2.3523032665252686,2.5412139892578125,0.8417410850524902,56.0,56.0,0.0,0.0
1330,0.0303,0.03237549215555191,0.7164423413988685,0.7074650526046753,0.7392579317092896,0.7074650526046753,0.8143229484558105,24.0,24.0,3.0,0.0
1331,0.0458,0.02943725697696209,11.94259366760232,3.6844241619110107,3.4499402046203613,3.6844241619110107,0.7902778387069702,9.0,9.0,4.0,0.0
1332,0.0493,0.08106867969036102,13.124961240195121,5.134220123291016,4.551089286804199,5.134220123291016,0.8421875238418579,64.0,64.0,4.0,0.0
1333,0.043,0.04817391186952591,11.462411076287959,4.1789069175720215,3.8558950424194336,4.1789069175720215,0.8226562738418579,24.0,24.0,4.0,0.0
1334,0.0289,0.02799995057284832,0.8030271804414357,0.7071384191513062,0.7341616153717041,0.7071384191513062,0.8229166865348816,24.0,24.0,1.0,0.0
1335,0.0313,0.02908169850707054,0.8714870710123128,0.7139930129051208,0.7562775015830994,0.7139930129051208,0.8059896230697632,24.0,24.0,3.0,0.0
1336,0.0273,0.0339197963476181,0.7175504057814376,1.0422879457473755,1.1167469024658203,1.0422879457473755,0.8125,24.0,24.0,1.0,0.0
1337,0.023,0.021083232015371323,4.339637249329515,4.552247047424316,4.483269214630127,4.552247047424316,0.8326087594032288,23.0,23.0,4.0,0.0
1338,0.0287,0.027093008160591125,0.8005720257675459,0.7642396688461304,0.794634222984314,0.7642396688461304,0.8083333969116211,24.0,24.0,3.0,0.0
1339,0.0293,0.04298926517367363,0.7358843520533239,1.0428109169006348,1.1508870124816895,1.0428109169006348,0.8040000200271606,25.0,25.0,1.0,0.0
1340,0.0371,0.026138775050640106,2.5869880730389903,0.7046563625335693,0.7539690136909485,0.7046563625335693,0.8072500228881836,25.0,25.0,0.0,0.0
1341,0.022,0.0357799157500267,3.7553586578240346,5.189174652099609,5.1673431396484375,5.189174652099609,0.8448242545127869,64.0,64.0,4.0,0.0
1342,0.042,0.047964952886104584,4.3155038683970615,1.975024938583374,2.2228665351867676,1.975024938583374,0.8203125,40.0,40.0,0.0,0.0
1343,0.0306,0.026405829936265945,1.0835026431680868,0.7343847155570984,0.7653738856315613,0.7343847155570984,0.8130208253860474,24.0,24.0,3.0,0.0
1344,0.0196,0.014712484553456306,2.0885654544324983,4.710839748382568,4.818876266479492,4.710839748382568,0.857552170753479,24.0,24.0,4.0,0.0
1345,0.0353,0.02861795201897621,1.1564553965350837,0.6948488354682922,0.7340525388717651,0.6948488354682922,0.8044270277023315,24.0,24.0,3.0,0.0
1346,0.0401,0.04095589369535446,3.7186580484735114,0.886634349822998,1.020625352859497,0.886634349822998,0.8077499866485596,25.0,25.0,0.0,0.0
1347,0.019,0.013783310540020466,2.1668956252270575,4.421487331390381,4.354980945587158,4.421487331390381,0.8399456739425659,23.0,23.0,4.0,0.0
1348,0.0292,0.023828912526369095,0.7096049115671981,0.7184231877326965,0.7636871933937073,0.7184231877326965,0.815250039100647,25.0,25.0,3.0,0.0
1349,0.0374,0.026037216186523438,1.4862873778893206,0.7643766403198242,0.8033785820007324,0.7643766403198242,0.8145833015441895,24.0,24.0,1.0,0.0
1350,0.0165,0.01628255471587181,2.806072647893075,5.148772239685059,4.994815349578857,5.148772239685059,0.8677083253860474,24.0,24.0,4.0,0.0
1351,0.0314,0.027117036283016205,0.9449977413835645,0.7011388540267944,0.7332583665847778,0.7011388540267944,0.8153645992279053,24.0,24.0,3.0,0.0
1352,0.0321,0.02842540293931961,1.0477480325889446,2.5009193420410156,2.508749008178711,2.5009193420410156,0.8578125238418579,56.0,56.0,0.0,0.0
1353,0.0357,0.019482716917991638,1.0473252581807957,0.6560705900192261,0.6830381155014038,0.6560705900192261,0.8107500076293945,25.0,25.0,0.0,0.0
1354,0.0366,0.06164468824863434,1.5626740906217609,1.120330810546875,1.315599799156189,1.120330810546875,0.7916666269302368,24.0,24.0,0.0,0.0
1355,0.0276,0.030883435159921646,0.7935707568014053,0.7614454030990601,0.7790461778640747,0.7614454030990601,0.8075520992279053,24.0,24.0,3.0,0.0
1356,0.0253,0.03888372331857681,4.14278314960671,4.977898120880127,4.726268768310547,4.977898120880127,0.8454241752624512,56.0,56.0,4.0,0.0
1357,0.021,0.01485456246882677,3.079157001543066,4.707662105560303,4.667008876800537,4.707662105560303,0.8455729484558105,24.0,24.0,4.0,0.0
1358,0.0323,0.047600291669368744,1.3650652713935882,0.7733166217803955,0.7861876487731934,0.7733166217803955,0.8041666746139526,24.0,24.0,3.0,0.0
1359,0.0272,0.0378648117184639,0.6053330321487668,0.7311482429504395,0.7375106811523438,0.7311482429504395,0.8109375238418579,24.0,24.0,3.0,0.0
1360,0.0326,0.030832624062895775,1.7576228706864923,1.7308933734893799,1.9403817653656006,1.7308933734893799,0.8373437523841858,40.0,40.0,1.0,0.0
1361,0.0286,0.02051779255270958,0.675086933678775,0.7399047613143921,0.7676123380661011,0.7399047613143921,0.8203125,24.0,24.0,3.0,0.0
1362,0.0307,0.023935820907354355,1.0550794870630247,0.7686445116996765,0.7869105339050293,0.7686445116996765,0.8161458969116211,24.0,24.0,1.0,0.0
1363,0.0344,0.0418473556637764,1.7455624901602018,2.861557722091675,3.1164026260375977,2.861557722091675,0.8543945550918579,64.0,64.0,0.0,0.0
1364,0.0747,0.09652190655469894,5.376761836552291,1.770415186882019,2.030954360961914,1.770415186882019,0.828125,64.0,64.0,2.0,0.0
1365,0.0378,0.03557572141289711,2.361369979762047,1.6237660646438599,1.7750165462493896,1.6237660646438599,0.8121094107627869,32.0,32.0,0.0,0.0
1366,0.0404,0.05674317851662636,2.794126833352413,0.9091574549674988,1.0967967510223389,0.9091574549674988,0.8002604246139526,24.0,24.0,0.0,0.0
1367,0.0323,0.05507143959403038,1.3495266858957438,2.6911516189575195,2.8348002433776855,2.6911516189575195,0.82470703125,64.0,64.0,1.0,0.0
1368,0.0667,0.05730930715799332,3.287040826171729,2.0082571506500244,2.045194625854492,2.0082571506500244,0.84814453125,64.0,64.0,2.0,0.0
1369,0.0289,0.020279940217733383,1.8100728619181168,0.7050963640213013,0.7309553623199463,0.7050963640213013,0.8088541626930237,24.0,24.0,3.0,0.0
1370,0.0358,0.03420454263687134,1.6394336836375007,0.9291924238204956,1.0020334720611572,0.9291924238204956,0.8043268918991089,26.0,26.0,0.0,0.0
1371,0.0253,0.022016238421201706,7.075841745828164,4.945752143859863,4.716928482055664,4.945752143859863,0.8505208492279053,24.0,24.0,4.0,0.0
1372,0.0237,0.025775911286473274,6.690749447068243,4.215853691101074,3.978630781173706,4.215853691101074,0.8511574268341064,27.0,27.0,4.0,0.0
1373,0.0365,0.029901592060923576,1.1755927671611945,0.8901352286338806,0.9008509516716003,0.8901352286338806,0.8127403855323792,26.0,26.0,0.0,0.0
1374,0.0374,0.031087668612599373,1.2095410483919466,0.7343097925186157,0.7696641683578491,0.7343097925186157,0.8135416507720947,24.0,24.0,0.0,0.0
1375,0.0312,0.027807941660284996,1.079804085973113,1.8987752199172974,1.8059059381484985,1.8987752199172974,0.8454687595367432,40.0,40.0,0.0,0.0
1376,0.0304,0.03256833553314209,0.8885839853270424,0.7910782098770142,0.8190792798995972,0.7910782098770142,0.815625011920929,24.0,24.0,3.0,0.0
1377,0.0342,0.02457263693213463,1.40264473946859,1.3683420419692993,1.3924708366394043,1.3683420419692993,0.841601550579071,32.0,32.0,0.0,0.0
1378,0.0314,0.03728766366839409,1.600110507734402,2.7819607257843018,2.6637771129608154,2.7819607257843018,0.8116071224212646,56.0,56.0,3.0,0.0
1379,0.0251,0.023536991328001022,5.415064901828042,5.146792411804199,5.064030647277832,5.146792411804199,0.8509765863418579,32.0,32.0,4.0,0.0
1380,0.0647,0.06366445124149323,4.3323488066681675,2.0267186164855957,2.1715281009674072,2.0267186164855957,0.830078125,64.0,64.0,2.0,0.0
1381,0.0367,0.03891702741384506,2.354847874360335,2.7789297103881836,2.9559848308563232,2.7789297103881836,0.8640625476837158,64.0,64.0,0.0,0.0
1382,0.0204,0.02054380439221859,3.915632989187521,5.088584899902344,5.040165424346924,5.088584899902344,0.8455729484558105,24.0,24.0,4.0,0.0
1383,0.0352,0.05575176328420639,2.170135095147002,0.907088577747345,1.06741201877594,0.907088577747345,0.7945312857627869,24.0,24.0,0.0,0.0
1384,0.0397,0.031507112085819244,1.8699801471054773,0.7756674885749817,0.8020244836807251,0.7756674885749817,0.8153645992279053,24.0,24.0,1.0,0.0
1385,0.0582,0.05164337158203125,2.8949872716432083,2.4586665630340576,2.552781581878662,2.4586665630340576,0.8225586414337158,64.0,64.0,2.0,0.0
1386,0.0247,0.01947360299527645,4.66414299346905,4.849367141723633,4.809008598327637,4.849367141723633,0.8677884936332703,26.0,26.0,4.0,0.0
1387,0.0294,0.025807753205299377,1.6199345782288135,1.2178728580474854,1.3077442646026611,1.2178728580474854,0.825976550579071,32.0,32.0,0.0,0.0
1388,0.0197,0.014432603493332863,3.673858783289548,4.993673324584961,4.9524946212768555,4.993673324584961,0.8630208373069763,24.0,24.0,4.0,0.0
1389,0.0341,0.03722976893186569,3.1619258648016006,0.9454744458198547,1.048352837562561,0.9454744458198547,0.8075520992279053,24.0,24.0,0.0,0.0
1390,0.0624,0.06696062535047531,3.3602400131774357,2.4801807403564453,2.7173709869384766,2.4801807403564453,0.8332031965255737,64.0,64.0,2.0,0.0
1391,0.0203,0.031188566237688065,2.4250072962338214,4.422236442565918,4.315853118896484,4.422236442565918,0.8591797351837158,32.0,32.0,4.0,0.0
1392,0.0168,0.015346539206802845,2.7237790981934324,4.691982269287109,4.613295555114746,4.691982269287109,0.8668478727340698,23.0,23.0,4.0,0.0
1393,0.0563,0.055192846804857254,1.9642480853197835,1.765915870666504,1.7945232391357422,1.765915870666504,0.8497070074081421,64.0,64.0,2.0,0.0
1394,0.034,0.033889710903167725,1.4313382195766062,0.7808486223220825,0.8132869005203247,0.7808486223220825,0.8114582896232605,24.0,24.0,1.0,0.0
1395,0.033,0.024135354906320572,1.5280121179874246,0.6942688822746277,0.7347233295440674,0.6942688822746277,0.8059896230697632,24.0,24.0,0.0,0.0
1396,0.0279,0.028357742354273796,0.752376279927448,0.7900936603546143,0.8272455334663391,0.7900936603546143,0.8216146230697632,24.0,24.0,3.0,0.0
1397,0.0224,0.023828350007534027,3.08049640989233,4.391854286193848,4.365262031555176,4.391854286193848,0.8567708730697632,24.0,24.0,4.0,0.0
1398,0.0326,0.03710794076323509,1.2230587729219018,0.9807517528533936,1.0487982034683228,0.9807517528533936,0.8080729246139526,24.0,24.0,1.0,0.0
1399,0.0311,0.02504972741007805,1.0384313440374782,0.7144280672073364,0.754313588142395,0.7144280672073364,0.8018229007720947,24.0,24.0,3.0,0.0
1400,0.0659,0.07197537273168564,3.571676524370339,2.4868111610412598,2.645751953125,2.4868111610412598,0.821093738079071,64.0,64.0,2.0,0.0
1401,0.0331,0.026356345042586327,0.7505948700098478,0.7687206268310547,0.7916689515113831,0.7687206268310547,0.8096354007720947,24.0,24.0,3.0,0.0
1402,0.0312,0.02697792835533619,1.0750033057311377,0.693340539932251,0.7314800024032593,0.693340539932251,0.8002604246139526,24.0,24.0,0.0,0.0
1403,0.0471,0.041493840515613556,1.3117681668109091,2.060783863067627,2.0635108947753906,2.060783863067627,0.85009765625,64.0,64.0,2.0,0.0
1404,0.0327,0.027020493522286415,1.4760754996168928,0.7666908502578735,0.7921358942985535,0.7666908502578735,0.8179687261581421,24.0,24.0,1.0,0.0
1405,0.0306,0.03193420171737671,0.9192660859696491,0.8495082855224609,0.8636144399642944,0.8495082855224609,0.8111978769302368,24.0,24.0,1.0,0.0
1406,0.0187,0.026922311633825302,3.7687432761565938,4.423799991607666,4.3111677169799805,4.423799991607666,0.8539062738418579,24.0,24.0,4.0,0.0
1407,0.0251,0.020483072847127914,5.0245985030570885,4.394378185272217,4.312824726104736,4.394378185272217,0.8541666865348816,24.0,24.0,4.0,0.0
1408,0.0213,0.010808601975440979,3.375135490487681,4.069831371307373,4.01561164855957,4.069831371307373,0.8255208730697632,12.0,12.0,4.0,0.0
1409,0.0292,0.026820670813322067,1.2331537344570975,1.3326685428619385,1.3941247463226318,1.3326685428619385,0.8375000357627869,32.0,32.0,1.0,0.0
1410,0.0225,0.014894319698214531,2.6309284915046307,4.429323673248291,4.4500226974487305,4.429323673248291,0.8544270992279053,24.0,24.0,4.0,0.0
1411,0.0324,0.02594035305082798,1.6927405700011302,0.7528589963912964,0.7888191342353821,0.7528589963912964,0.8138021230697632,24.0,24.0,1.0,0.0
1412,0.0329,0.04955242946743965,1.362655559518316,0.9166032075881958,1.0460530519485474,0.9166032075881958,0.8080000281333923,25.0,25.0,0.0,0.0
1413,0.0408,0.05405545234680176,2.336495539960806,2.8263864517211914,3.044739007949829,2.8263864517211914,0.8331055045127869,64.0,64.0,0.0,0.0
1414,0.0282,0.04042007029056549,0.8874461413266976,0.991006076335907,1.1062283515930176,0.991006076335907,0.8161458373069763,24.0,24.0,1.0,0.0
1415,0.0321,0.02934188023209572,2.722168454730363,2.161863327026367,2.3546786308288574,2.161863327026367,0.8385416865348816,48.0,48.0,0.0,0.0
1416,0.0299,0.024492360651493073,0.6682967092350588,0.7262630462646484,0.7558140158653259,0.7262630462646484,0.8119791746139526,24.0,24.0,3.0,0.0
1417,0.0737,0.07211670279502869,6.263810079835552,2.087920665740967,2.3946969509124756,2.087920665740967,0.830078125,64.0,64.0,2.0,0.0
1418,0.0658,0.06100459396839142,4.286495498205484,1.404741883277893,1.4790202379226685,1.404741883277893,0.8604491949081421,64.0,64.0,2.0,0.0
1419,0.0659,0.05552526190876961,3.8184878543927727,1.7248437404632568,1.8017361164093018,1.7248437404632568,0.848925769329071,64.0,64.0,2.0,0.0
1420,0.0315,0.04272197186946869,0.8615610607351942,0.7782456874847412,0.7801060080528259,0.7782456874847412,0.8062500357627869,24.0,24.0,3.0,0.0
1421,0.0178,0.03515732288360596,3.263104455861383,5.0968017578125,4.961514949798584,5.0968017578125,0.8680803775787354,56.0,56.0,4.0,0.0
1422,0.0656,0.08786170184612274,1.6872375601068732,2.464049816131592,2.5179901123046875,2.464049816131592,0.820507824420929,64.0,64.0,2.0,0.0
1423,0.0478,0.0454632043838501,1.7148756380910384,2.258863925933838,2.1640360355377197,2.258863925933838,0.823437511920929,56.0,56.0,2.0,0.0
1424,0.0229,0.018887627869844437,5.567771384135515,4.706534385681152,4.580757141113281,4.706534385681152,0.8434895873069763,24.0,24.0,4.0,0.0
1425,0.0301,0.03745119273662567,1.0269791125042331,0.9693280458450317,1.0685609579086304,0.9693280458450317,0.8127604722976685,24.0,24.0,1.0,0.0
1426,0.0545,0.04904185235500336,1.2054124452988406,2.176633596420288,2.149216651916504,2.176633596420288,0.84619140625,64.0,64.0,2.0,0.0
1427,0.0237,0.014623729512095451,5.4247130566056345,4.080252647399902,3.9845657348632812,4.080252647399902,0.8479167222976685,24.0,24.0,4.0,0.0
1428,0.0357,0.04226924479007721,1.330569734759294,0.8807650804519653,0.9881033897399902,0.8807650804519653,0.8062499761581421,24.0,24.0,0.0,0.0
1429,0.0355,0.03489289805293083,1.8484251172880728,0.9406137466430664,1.0301752090454102,0.9406137466430664,0.8010416626930237,24.0,24.0,0.0,0.0
1430,0.0183,0.021718448027968407,3.7720724487244564,5.000892162322998,4.951482772827148,5.000892162322998,0.8604167103767395,24.0,24.0,4.0,0.0
1431,0.0266,0.02872443199157715,0.7123694683603836,0.7380872964859009,0.7719074487686157,0.7380872964859009,0.8135416507720947,24.0,24.0,1.0,0.0
1432,0.0259,0.020382527261972427,0.7953717372019208,0.7858633995056152,0.8008371591567993,0.7858633995056152,0.8207499980926514,25.0,25.0,1.0,0.0
1433,0.0259,0.021105142310261726,3.5921703939779386,4.2256083488464355,4.279470443725586,4.2256083488464355,0.8455729484558105,24.0,24.0,4.0,0.0
1434,0.0312,0.03172961249947548,0.7250679950105454,2.5048413276672363,2.4753336906433105,2.5048413276672363,0.8186197876930237,48.0,48.0,3.0,0.0
1435,0.0286,0.026908010244369507,0.7093037753875878,0.7397491931915283,0.7772009372711182,0.7397491931915283,0.8132812976837158,24.0,24.0,3.0,0.0
1436,0.0337,0.03201952576637268,1.744992586038847,0.7329570651054382,0.7601394653320312,0.7329570651054382,0.819531261920929,24.0,24.0,0.0,0.0
1437,0.0202,0.014911334961652756,2.863098304121898,4.850510120391846,4.920892715454102,4.850510120391846,0.8315104246139526,24.0,24.0,4.0,0.0
1438,0.0228,0.032430730760097504,2.3721676861509966,5.350109100341797,5.3499603271484375,5.350109100341797,0.8620117902755737,64.0,64.0,4.0,0.0
1439,0.018,0.01438099704682827,1.4304617618233764,4.771026134490967,4.837021350860596,4.771026134490967,0.8650391101837158,32.0,32.0,4.0,0.0
1440,0.035,0.04295044392347336,1.8610170117086189,0.900130569934845,1.0231513977050781,0.900130569934845,0.7955729365348816,24.0,24.0,3.0,0.0
1441,0.0651,0.0728009045124054,6.887691571233151,2.0712828636169434,2.3912577629089355,2.0712828636169434,0.8408203125,64.0,64.0,2.0,0.0
1442,0.0194,0.014488515444099903,1.9438741634707541,4.582956314086914,4.61053466796875,4.582956314086914,0.8414062857627869,24.0,24.0,4.0,0.0
1443,0.0291,0.049093469977378845,1.603386099391784,0.8901407122612,1.0058767795562744,0.8901407122612,0.8130208253860474,24.0,24.0,0.0,0.0
1444,0.0322,0.027224712073802948,1.0847217064655896,0.7572555541992188,0.7943168878555298,0.7572555541992188,0.8200520873069763,24.0,24.0,1.0,0.0
1445,0.0583,0.08241099119186401,5.013237890487803,2.3505306243896484,2.697373390197754,2.3505306243896484,0.8186523914337158,64.0,64.0,2.0,0.0
1446,0.0199,0.023037191480398178,3.9403766466521417,4.549197196960449,4.418000221252441,4.549197196960449,0.8494791984558105,24.0,24.0,4.0,0.0
1447,0.0324,0.02793225832283497,0.8519901234842354,0.7283781170845032,0.7561681270599365,0.7283781170845032,0.809499979019165,25.0,25.0,3.0,0.0
1448,0.0513,0.05580815300345421,1.6778355357084929,1.880436897277832,1.9544529914855957,1.880436897277832,0.8467773795127869,64.0,64.0,2.0,0.0
1449,0.0228,0.03630775585770607,5.256596483695551,5.036402702331543,4.808284759521484,5.036402702331543,0.8746093511581421,48.0,48.0,4.0,0.0
1450,0.0189,0.01522915344685316,4.494402564033996,4.515344142913818,4.3904619216918945,4.515344142913818,0.8476190567016602,21.0,21.0,4.0,0.0
1451,0.0199,0.0237836055457592,3.7921115385889252,4.692623138427734,4.55059814453125,4.692623138427734,0.857617199420929,32.0,32.0,4.0,0.0
1452,0.023,0.03451570123434067,3.341946584039615,5.153646945953369,4.977972984313965,5.153646945953369,0.8674805164337158,64.0,64.0,4.0,0.0
1453,0.0635,0.06593216955661774,3.377208080971046,1.9862351417541504,2.1372523307800293,1.9862351417541504,0.816210925579071,64.0,64.0,2.0,0.0
1454,0.0152,0.0124883521348238,1.854014075614424,3.381556987762451,3.490842819213867,3.381556987762451,0.8055555820465088,9.0,9.0,4.0,0.0
1455,0.0307,0.030469629913568497,1.2030730644411407,0.7771971821784973,0.8222952485084534,0.7771971821784973,0.8091145753860474,24.0,24.0,1.0,0.0
1456,0.02,0.012671764940023422,2.0860169414263847,4.688755989074707,4.744173526763916,4.688755989074707,0.8485795259475708,22.0,22.0,4.0,0.0
1457,0.035,0.02997184917330742,1.5740268613443353,0.7873594760894775,0.8444291353225708,0.7873594760894775,0.8132812976837158,24.0,24.0,1.0,0.0
1458,0.0604,0.07559693604707718,3.8938456418225273,2.4609932899475098,2.811697483062744,2.4609932899475098,0.8373047113418579,64.0,64.0,2.0,0.0
1459,0.0201,0.019104845821857452,1.4827220800065573,4.264890670776367,4.362364768981934,4.264890670776367,0.835156261920929,24.0,24.0,4.0,0.0
1460,0.0377,0.07727658003568649,1.4269277848482216,1.1868910789489746,1.4433207511901855,1.1868910789489746,0.8007499575614929,25.0,25.0,0.0,0.0
1461,0.0308,0.037812814116477966,1.2016340155731202,0.8222159147262573,0.8392411470413208,0.8222159147262573,0.8100961446762085,26.0,26.0,3.0,0.0
1462,0.0495,0.06659645587205887,2.407348585855369,2.4437127113342285,2.670910358428955,2.4437127113342285,0.826855480670929,64.0,64.0,2.0,0.0
1463,0.0408,0.0405128076672554,1.6842724964829277,0.9331756234169006,1.0582187175750732,0.9331756234169006,0.8054687976837158,24.0,24.0,1.0,0.0
1464,0.031,0.0369856134057045,1.1827022259864586,0.9431935548782349,1.0537115335464478,0.9431935548782349,0.8034999966621399,25.0,25.0,1.0,0.0
1465,0.0259,0.02459065243601799,0.863763216298504,0.7641556262969971,0.7936226725578308,0.7641556262969971,0.8135416507720947,24.0,24.0,3.0,0.0
1466,0.0247,0.022624146193265915,3.7477213265093536,5.093107223510742,4.975736141204834,5.093107223510742,0.8648437261581421,24.0,24.0,4.0,0.0
1467,0.0498,0.04020299017429352,1.0786392983512139,1.9479820728302002,1.896367073059082,1.9479820728302002,0.849609375,64.0,64.0,2.0,0.0
1468,0.0288,0.021754292771220207,0.8698455936276122,0.7389338612556458,0.7512518167495728,0.7389338612556458,0.821093738079071,24.0,24.0,1.0,0.0
1469,0.0276,0.04111944139003754,5.156196146741388,4.938077926635742,4.67848014831543,4.938077926635742,0.8583984375,64.0,64.0,4.0,0.0
1470,0.0241,0.024046888574957848,4.088439438414911,5.010557174682617,4.908923625946045,5.010557174682617,0.8604167103767395,24.0,24.0,4.0,0.0
1471,0.0327,0.030444063246250153,1.4136493527758331,0.7384646534919739,0.7602661848068237,0.7384646534919739,0.8190000057220459,25.0,25.0,0.0,0.0
1472,0.0217,0.014541994780302048,2.686474637755851,4.933216094970703,4.916999340057373,4.933216094970703,0.8643229007720947,24.0,24.0,4.0,0.0
1473,0.0181,0.018626444041728973,1.760451122854223,5.081917762756348,5.142333507537842,5.081917762756348,0.8660156726837158,32.0,32.0,4.0,0.0
1474,0.0333,0.021912693977355957,1.5647070848625582,0.7485705614089966,0.7723298072814941,0.7485705614089966,0.815750002861023,25.0,25.0,1.0,0.0
1475,0.0265,0.027291540056467056,1.2112049326164525,0.7903043031692505,0.8331834077835083,0.7903043031692505,0.8158854246139526,24.0,24.0,1.0,0.0
1476,0.035,0.02452697791159153,2.304289288031706,0.7494440078735352,0.7818971872329712,0.7494440078735352,0.8296875357627869,24.0,24.0,1.0,0.0
1477,0.0206,0.0395696684718132,2.1987497337104656,4.76591682434082,4.7231831550598145,4.76591682434082,0.87451171875,64.0,64.0,4.0,0.0
1478,0.02,0.02741735614836216,1.6322289083792365,4.9108781814575195,4.9163007736206055,4.9108781814575195,0.8712239861488342,48.0,48.0,4.0,0.0
1479,0.0767,0.04595709592103958,7.046486570380482,2.219724178314209,2.373338460922241,2.219724178314209,0.8287109732627869,64.0,64.0,2.0,0.0
1480,0.019,0.02972438931465149,1.0339178243976446,4.055997848510742,4.000333786010742,4.055997848510742,0.8414062857627869,32.0,32.0,4.0,0.0
1481,0.0337,0.06110546737909317,3.205467658571664,0.8238274455070496,0.8956508040428162,0.8238274455070496,0.8032500147819519,25.0,25.0,0.0,0.0
1482,0.0587,0.06221994757652283,3.4260611087448307,1.9845712184906006,2.173175811767578,1.9845712184906006,0.838574230670929,64.0,64.0,2.0,0.0
1483,0.0344,0.027563313022255898,1.4723939954590155,0.7381843328475952,0.776233434677124,0.7381843328475952,0.8182291388511658,24.0,24.0,0.0,0.0
1484,0.0531,0.04769930988550186,1.9764512198049162,1.8482811450958252,1.8889884948730469,1.8482811450958252,0.847949206829071,64.0,64.0,2.0,0.0
1485,0.0311,0.026762589812278748,0.8553891324528609,0.674576997756958,0.7152589559555054,0.674576997756958,0.8179687261581421,24.0,24.0,0.0,0.0
1486,0.0278,0.03974281996488571,7.436590277515658,4.910272121429443,4.67871618270874,4.910272121429443,0.856808066368103,56.0,56.0,4.0,0.0
1487,0.0226,0.013608689419925213,6.616040846465268,3.1743383407592773,3.0268731117248535,3.1743383407592773,0.8079546093940735,11.0,11.0,4.0,0.0
1488,0.0314,0.03883672505617142,0.9850378185910785,3.026930332183838,2.8511621952056885,3.026930332183838,0.8372070789337158,64.0,64.0,3.0,0.0
1489,0.0219,0.03976796194911003,4.986323320535535,5.297347068786621,5.022426128387451,5.297347068786621,0.8792968988418579,64.0,64.0,4.0,0.0
1490,0.0333,0.03273303806781769,1.0433873456546499,0.7217772006988525,0.7558294534683228,0.7217772006988525,0.8088541626930237,24.0,24.0,0.0,0.0
1491,0.0277,0.030607156455516815,0.8228367859722661,1.711460828781128,1.8396457433700562,1.711460828781128,0.8303124904632568,40.0,40.0,1.0,0.0
1492,0.0559,0.06406646221876144,2.57684219280561,1.84604811668396,1.960801601409912,1.84604811668396,0.835156261920929,64.0,64.0,2.0,0.0
1493,0.0255,0.022578120231628418,0.815195131449209,0.7783318758010864,0.8194584846496582,0.7783318758010864,0.8231770992279053,24.0,24.0,1.0,0.0
1494,0.0332,0.024056851863861084,1.5068392653197158,0.7395366430282593,0.7593379020690918,0.7395366430282593,0.8080729246139526,24.0,24.0,0.0,0.0
1495,0.0194,0.016252676025032997,2.9547463810856285,4.59459924697876,4.5817790031433105,4.59459924697876,0.8299479484558105,24.0,24.0,4.0,0.0
1496,0.061,0.06254405528306961,3.5351123388518797,2.1033549308776855,2.202662944793701,2.1033549308776855,0.8270508050918579,64.0,64.0,2.0,0.0
1497,0.0201,0.013128526508808136,2.8795132597315276,3.4884352684020996,3.4930477142333984,3.4884352684020996,0.8006250858306885,10.0,10.0,4.0,0.0
1498,0.029,0.030516181141138077,0.6125997619107195,0.743069052696228,0.7681092023849487,0.743069052696228,0.8127604126930237,24.0,24.0,3.0,0.0
1499,0.02,0.02452119253575802,2.489645718282836,5.252341270446777,5.253619194030762,5.252341270446777,0.8719866275787354,56.0,56.0,4.0,0.0
1500,0.015,0.007179935462772846,1.5163621102606955,3.5017597675323486,3.5446488857269287,3.5017597675323486,0.8083333969116211,12.0,12.0,4.0,0.0
1501,0.0328,0.04869119077920914,0.8880068981544629,0.9962177276611328,1.0822274684906006,0.9962177276611328,0.8075520992279053,24.0,24.0,3.0,0.0
1502,0.016,0.007952268235385418,1.234303580497766,3.782674789428711,3.7995827198028564,3.782674789428711,0.8237500190734863,15.0,15.0,4.0,0.0
1503,0.0545,0.05149652808904648,2.8034491668078414,1.8071537017822266,1.903903603553772,1.8071537017822266,0.835644543170929,64.0,64.0,2.0,0.0
1504,0.0396,0.04057501256465912,2.356762144945631,2.854520797729492,2.972047805786133,2.854520797729492,0.8499023914337158,64.0,64.0,0.0,0.0
1505,0.0257,0.03080778196454048,0.7124103247765748,0.7072341442108154,0.7387261986732483,0.7072341442108154,0.809374988079071,24.0,24.0,3.0,0.0
1506,0.0168,0.016096528619527817,2.1147346361780004,3.781332015991211,3.7390522956848145,3.781332015991211,0.8382812738418579,24.0,24.0,4.0,0.0
1507,0.0317,0.02345413714647293,0.9051869731273257,0.7019819021224976,0.7390920519828796,0.7019819021224976,0.8104166984558105,24.0,24.0,3.0,0.0
1508,0.027,0.024059239774942398,0.6713200867733585,0.7050856947898865,0.7328603267669678,0.7050856947898865,0.8125,24.0,24.0,3.0,0.0
1509,0.0161,0.012433543801307678,1.7018508023886227,4.928508758544922,4.898938179016113,4.928508758544922,0.866032600402832,23.0,23.0,4.0,0.0
1510,0.034,0.02181582897901535,1.6664434698815163,0.7166510224342346,0.7505940198898315,0.7166510224342346,0.8164063096046448,24.0,24.0,1.0,0.0
1511,0.0484,0.04317466914653778,1.477202035345462,2.091921329498291,2.153573989868164,2.091921329498291,0.844921886920929,64.0,64.0,2.0,0.0
1512,0.0335,0.024252329021692276,1.0405814792164978,0.6827359795570374,0.7160601615905762,0.6827359795570374,0.8080729246139526,24.0,24.0,3.0,0.0
1513,0.0274,0.028910573571920395,0.696000270088842,0.7125694751739502,0.7375689148902893,0.7125694751739502,0.807812511920929,24.0,24.0,3.0,0.0
1514,0.0275,0.028922189027071,0.6271252172517577,0.7576385736465454,0.7869168519973755,0.7576385736465454,0.817187488079071,24.0,24.0,3.0,0.0
1515,0.0292,0.02664056047797203,0.5630561271417184,0.7570973634719849,0.7837249040603638,0.7570973634719849,0.8137500286102295,25.0,25.0,3.0,0.0
1516,0.0213,0.011939208023250103,3.5356731858920574,4.360682487487793,4.295656204223633,4.360682487487793,0.8463542461395264,24.0,24.0,4.0,0.0
1517,0.0198,0.018471524119377136,2.403827118472893,4.172612190246582,4.134265422821045,4.172612190246582,0.8356770873069763,24.0,24.0,4.0,0.0
1518,0.0658,0.10793818533420563,3.6623732974036938,1.9870502948760986,2.3276076316833496,1.9870502948760986,0.8213867545127869,64.0,64.0,2.0,0.0
1519,0.0269,0.03765464201569557,0.6335300099405731,0.9776792526245117,1.0888173580169678,0.9776792526245117,0.809499979019165,25.0,25.0,3.0,0.0
1520,0.022,0.011967786587774754,3.2867423037550068,4.677302360534668,4.674306392669678,4.677302360534668,0.8635417222976685,24.0,24.0,4.0,0.0
1521,0.0179,0.013234630227088928,1.9368667878241406,4.800179958343506,4.785284996032715,4.800179958343506,0.850781261920929,24.0,24.0,4.0,0.0
1522,0.0576,0.05207177624106407,3.088095882699336,2.172323226928711,2.3153395652770996,2.172323226928711,0.8498046398162842,64.0,64.0,2.0,0.0
1523,0.0555,0.04794520512223244,3.5648620153239277,2.4025039672851562,2.568540096282959,2.4025039672851562,0.841992199420929,64.0,64.0,2.0,0.0
1524,0.0327,0.03571498394012451,0.8112120401001184,1.589677333831787,1.6555142402648926,1.589677333831787,0.826367199420929,32.0,32.0,3.0,0.0
1525,0.0377,0.0644204169511795,2.135902490389891,1.1957948207855225,1.3785693645477295,1.1957948207855225,0.8046875,24.0,24.0,0.0,0.0
1526,0.0393,0.03197183459997177,2.40460484009784,0.7708585262298584,0.7938698530197144,0.7708585262298584,0.8153645992279053,24.0,24.0,0.0,0.0
1527,0.0147,0.01613130420446396,2.7560378346707823,4.7089996337890625,4.6580810546875,4.7089996337890625,0.8432292342185974,24.0,24.0,4.0,0.0
1528,0.0267,0.02260349877178669,0.9472955687959125,0.7746490240097046,0.8030017614364624,0.7746490240097046,0.815250039100647,25.0,25.0,1.0,0.0
1529,0.0216,0.02162955328822136,4.278005233301926,5.286965370178223,5.156295299530029,5.286965370178223,0.8819196224212646,56.0,56.0,4.0,0.0
1530,0.0579,0.08814822137355804,2.522641458497834,2.232494831085205,2.560272693634033,2.232494831085205,0.8169642686843872,56.0,56.0,2.0,0.0
1531,0.0214,0.014799910597503185,3.663223041095275,4.908237934112549,4.816337585449219,4.908237934112549,0.8597825765609741,23.0,23.0,4.0,0.0
1532,0.0335,0.04084122180938721,4.1108398908111585,0.9127601385116577,1.0530104637145996,0.9127601385116577,0.8109999895095825,25.0,25.0,0.0,0.0
1533,0.0249,0.02253049612045288,4.4583325194983106,4.27059268951416,4.137391567230225,4.27059268951416,0.8531250357627869,32.0,32.0,4.0,0.0
1534,0.069,0.033980242908000946,4.297757545430248,1.9976959228515625,2.004669427871704,1.9976959228515625,0.8604491949081421,64.0,64.0,2.0,0.0
1535,0.0169,0.014229078777134418,1.9035347266943239,4.8926544189453125,4.834430694580078,4.8926544189453125,0.8661458492279053,24.0,24.0,4.0,0.0
1536,0.0167,0.016918962821364403,1.4803034989963257,4.885707855224609,4.879515647888184,4.885707855224609,0.8884115219116211,48.0,48.0,4.0,0.0
1537,0.0301,0.030354933813214302,0.8177111230745103,1.968451976776123,1.9954692125320435,1.968451976776123,0.8376562595367432,40.0,40.0,3.0,0.0
1538,0.031,0.03575202077627182,0.8044936396389902,0.675926923751831,0.729462206363678,0.675926923751831,0.8075520992279053,24.0,24.0,3.0,0.0
1539,0.0375,0.027286112308502197,2.197871819800958,0.7917741537094116,0.8364492654800415,0.7917741537094116,0.8182291984558105,24.0,24.0,1.0,0.0
1540,0.0655,0.09445923566818237,4.386148154282924,2.262033462524414,2.5875415802001953,2.262033462524414,0.8337891101837158,64.0,64.0,2.0,0.0
1541,0.0359,0.02843492105603218,2.0093074439385097,0.816111147403717,0.8635698556900024,0.816111147403717,0.823437511920929,24.0,24.0,1.0,0.0
1542,0.0331,0.0412302203476429,1.5295429066539983,0.9986015558242798,1.1412960290908813,0.9986015558242798,0.8081730604171753,26.0,26.0,0.0,0.0
1543,0.0263,0.02310246229171753,0.5529427363845275,0.7108112573623657,0.7464717626571655,0.7108112573623657,0.8067708015441895,24.0,24.0,3.0,0.0
1544,0.0165,0.009592024609446526,2.719990605543352,2.826707363128662,2.8295421600341797,2.826707363128662,0.76953125,8.0,8.0,4.0,0.0
1545,0.0322,0.026916883885860443,1.267507419134785,0.7684146761894226,0.7861319184303284,0.7684146761894226,0.8148437738418579,24.0,24.0,0.0,0.0
1546,0.0348,0.037448178976774216,1.4578750121617612,0.7489105463027954,0.775788426399231,0.7489105463027954,0.8106771111488342,24.0,24.0,0.0,0.0
1547,0.0284,0.025160852819681168,0.7272981964861346,0.7156122326850891,0.7317104339599609,0.7156122326850891,0.811718761920929,24.0,24.0,3.0,0.0
1548,0.0251,0.030884437263011932,0.729925915767657,0.9917095899581909,1.064254879951477,0.9917095899581909,0.8130208253860474,24.0,24.0,1.0,0.0
1549,0.0158,0.0162756759673357,3.6493288399648955,4.5008649826049805,4.360625743865967,4.5008649826049805,0.8569999933242798,25.0,25.0,4.0,0.0
1550,0.0373,0.028972286731004715,1.961592106639683,0.8901262283325195,1.0024405717849731,0.8901262283325195,0.7929999828338623,25.0,25.0,0.0,0.0
1551,0.0353,0.032119397073984146,2.245738613039709,0.9797103404998779,1.074270248413086,0.9797103404998779,0.8075000047683716,25.0,25.0,0.0,0.0
1552,0.0324,0.02146271988749504,0.7251121202991512,0.7390733361244202,0.7558338046073914,0.7390733361244202,0.8059895634651184,24.0,24.0,3.0,0.0
1553,0.0334,0.024588972330093384,1.3913035046618423,0.7850684523582458,0.8122774362564087,0.7850684523582458,0.8190104365348816,24.0,24.0,1.0,0.0
1554,0.0498,0.04984418302774429,1.1383502796847704,2.0303564071655273,2.012615919113159,2.0303564071655273,0.8416992425918579,64.0,64.0,2.0,0.0
1555,0.0314,0.02923969179391861,0.8958014203700024,0.74831223487854,0.7861919403076172,0.74831223487854,0.8145833611488342,24.0,24.0,3.0,0.0
1556,0.0204,0.010929280892014503,5.050017238225351,3.064720630645752,2.9921462535858154,3.064720630645752,0.7954545617103577,11.0,11.0,4.0,0.0
1557,0.0318,0.020971551537513733,7.063981060319619,5.1483964920043945,4.969792366027832,5.1483964920043945,0.8642187714576721,40.0,40.0,4.0,0.0
1558,0.0335,0.025345299392938614,0.8584347389212461,0.7851352095603943,0.8162786960601807,0.7851352095603943,0.8052500486373901,25.0,25.0,3.0,0.0
1559,0.0223,0.02145691029727459,4.159538122393137,5.4216508865356445,5.313766002655029,5.4216508865356445,0.8922852277755737,64.0,64.0,4.0,0.0
1560,0.0188,0.01216585747897625,2.5784962899753197,5.009246349334717,4.995996475219727,5.009246349334717,0.8722500205039978,25.0,25.0,4.0,0.0
1561,0.0608,0.035099294036626816,4.395914832768103,2.000420093536377,2.1009268760681152,2.000420093536377,0.8570312857627869,64.0,64.0,2.0,0.0
1562,0.0342,0.02310994267463684,1.7581246377625892,0.6255007982254028,0.6567679643630981,0.6255007982254028,0.8105000257492065,25.0,25.0,0.0,0.0
1563,0.0296,0.02181859128177166,1.849076735473492,0.8743233680725098,0.925071120262146,0.8743233680725098,0.8218750357627869,26.0,26.0,1.0,0.0
1564,0.0165,0.013915147632360458,1.6260056910684242,4.18544340133667,4.2205071449279785,4.18544340133667,0.8442708253860474,24.0,24.0,4.0,0.0
1565,0.0164,0.0143809262663126,2.0648002871937137,4.793025970458984,4.8814496994018555,4.793025970458984,0.8627841472625732,22.0,22.0,4.0,0.0
1566,0.0376,0.05670356750488281,2.4741270502050696,2.1665658950805664,2.471691608428955,2.1665658950805664,0.8140624761581421,40.0,40.0,0.0,0.0
1567,0.0673,0.05507389083504677,5.193083129607203,2.076672315597534,2.209883689880371,2.076672315597534,0.844921886920929,64.0,64.0,2.0,0.0
1568,0.0353,0.03245242312550545,1.7988936241913,0.7878494262695312,0.8175438642501831,0.7878494262695312,0.8067708611488342,24.0,24.0,1.0,0.0
1569,0.0365,0.02140401303768158,2.6520111693520607,0.809381365776062,0.8439472913742065,0.809381365776062,0.8151041865348816,24.0,24.0,1.0,0.0
1570,0.0596,0.0350445993244648,3.6506042220256965,1.9274520874023438,1.9805595874786377,1.9274520874023438,0.8485351800918579,64.0,64.0,2.0,0.0
1571,0.0577,0.05412524938583374,2.998387686955065,1.9475399255752563,2.0459251403808594,1.9475399255752563,0.843457043170929,64.0,64.0,2.0,0.0
1572,0.0561,0.05646401643753052,1.5867040170960531,2.1785128116607666,2.2702558040618896,2.1785128116607666,0.8360351920127869,64.0,64.0,2.0,0.0
1573,0.0246,0.013042536564171314,6.7915104549071925,3.5044431686401367,3.3830995559692383,3.5044431686401367,0.7943181991577148,11.0,11.0,4.0,0.0
1574,0.0322,0.03264550119638443,1.1967411142910582,2.8633625507354736,2.8167262077331543,2.8633625507354736,0.8528320789337158,64.0,64.0,0.0,0.0
1575,0.0226,0.021009273827075958,7.584330342613154,4.55980110168457,4.3412675857543945,4.55980110168457,0.8502604961395264,24.0,24.0,4.0,0.0
1576,0.0397,0.043534960597753525,1.7768739047520599,2.8595309257507324,2.8250997066497803,2.8595309257507324,0.8495117425918579,64.0,64.0,0.0,0.0
1577,0.0265,0.02866169810295105,0.7529836966454196,0.7696527242660522,0.7928796410560608,0.7696527242660522,0.815625011920929,24.0,24.0,1.0,0.0
1578,0.0284,0.03682643175125122,0.9429251673698581,3.00177001953125,2.814314365386963,3.00177001953125,0.833203136920929,64.0,64.0,3.0,0.0
1579,0.0273,0.02889968454837799,0.8364495830148488,0.7615495920181274,0.7829617261886597,0.7615495920181274,0.8125,24.0,24.0,1.0,0.0
1580,0.0261,0.03007226437330246,6.767393883787494,3.8109683990478516,3.615276575088501,3.8109683990478516,0.8338541984558105,24.0,24.0,4.0,0.0
1581,0.0396,0.02566280961036682,1.5017653455556181,0.7195239067077637,0.7339193224906921,0.7195239067077637,0.8093750476837158,24.0,24.0,0.0,0.0
1582,0.0289,0.030313042923808098,0.9524606471275388,1.0310966968536377,1.1052806377410889,1.0310966968536377,0.8143229484558105,24.0,24.0,1.0,0.0
1583,0.0241,0.05272642895579338,6.294095605356633,4.877017974853516,4.550397872924805,4.877017974853516,0.8501952886581421,64.0,64.0,4.0,0.0
1584,0.0261,0.026719916611909866,0.555270197975449,0.7934057712554932,0.8162014484405518,0.7934057712554932,0.81640625,24.0,24.0,3.0,0.0
1585,0.023,0.027043074369430542,4.796421835471437,5.102055072784424,4.949043273925781,5.102055072784424,0.8598958253860474,48.0,48.0,4.0,0.0
1586,0.0589,0.06054030358791351,2.576926135316561,1.8509314060211182,1.9468053579330444,1.8509314060211182,0.8394531607627869,64.0,64.0,2.0,0.0
1587,0.0561,0.0330081507563591,2.8782151045204896,1.6807678937911987,1.7707092761993408,1.6807678937911987,0.85791015625,64.0,64.0,2.0,0.0
1588,0.0339,0.0498889684677124,1.8580807815944174,1.4648022651672363,1.7339273691177368,1.4648022651672363,0.8103516101837158,32.0,32.0,0.0,0.0
1589,0.0297,0.03280274569988251,0.7848503416331151,0.7905052304267883,0.8271437287330627,0.7905052304267883,0.8057291507720947,24.0,24.0,3.0,0.0
1590,0.0355,0.044166624546051025,1.6419260186708509,2.371890068054199,2.6071648597717285,2.371890068054199,0.8316406011581421,48.0,48.0,0.0,0.0
1591,0.0381,0.024216510355472565,2.1643927941133367,0.7537223696708679,0.7816224098205566,0.7537223696708679,0.8119791746139526,24.0,24.0,0.0,0.0
1592,0.0184,0.00945823173969984,1.6916162680753548,3.6880617141723633,3.7145745754241943,3.6880617141723633,0.7987500429153442,10.0,10.0,4.0,0.0
1593,0.0166,0.017461350187659264,1.5204041671639754,4.57499361038208,4.581504821777344,4.57499361038208,0.8481771349906921,24.0,24.0,4.0,0.0
1594,0.0321,0.03796372935175896,0.8484153875954308,0.9409295320510864,1.0603229999542236,0.9409295320510864,0.8002604246139526,24.0,24.0,3.0,0.0
1595,0.0365,0.03597280755639076,2.4832944526705782,0.713338315486908,0.7604206204414368,0.713338315486908,0.815625011920929,24.0,24.0,0.0,0.0
1596,0.0203,0.026316091418266296,2.111426664948185,5.032448768615723,4.937558174133301,5.032448768615723,0.8775670528411865,56.0,56.0,4.0,0.0
1597,0.0303,0.028673112392425537,1.2836894517073123,0.7709639668464661,0.794866144657135,0.7709639668464661,0.817187488079071,24.0,24.0,1.0,0.0
1598,0.0143,0.01636364683508873,1.8238458397999175,4.992042541503906,4.897587776184082,4.992042541503906,0.8705078363418579,32.0,32.0,4.0,0.0
1599,0.034,0.04708876088261604,0.9598922299530317,0.7742102146148682,0.8101491928100586,0.7742102146148682,0.8093750476837158,24.0,24.0,3.0,0.0
1600,0.027,0.031134288758039474,1.0007602703197431,0.7794549465179443,0.8070441484451294,0.7794549465179443,0.8179687261581421,24.0,24.0,1.0,0.0
1601,0.0195,0.04167979210615158,1.494885104130807,4.902394771575928,4.779096603393555,4.902394771575928,0.8721680045127869,64.0,64.0,4.0,0.0
1602,0.032,0.04095594584941864,2.2842009726304227,1.989473581314087,2.3416686058044434,1.989473581314087,0.8257812261581421,48.0,48.0,1.0,0.0
1603,0.0301,0.027568671852350235,1.0586409135566375,0.7339942455291748,0.7649794816970825,0.7339942455291748,0.8106771111488342,24.0,24.0,3.0,0.0
1604,0.0347,0.04706424102187157,1.0368109445806126,0.9202219843864441,1.0527503490447998,0.9202219843864441,0.7950520515441895,24.0,24.0,3.0,0.0
1605,0.0146,0.015099680051207542,1.5721338645584677,5.056024551391602,5.024407863616943,5.056024551391602,0.8744791746139526,24.0,24.0,4.0,0.0
1606,0.0133,0.015178998932242393,1.3586066722840648,4.736695766448975,4.714225769042969,4.736695766448975,0.8580728769302368,24.0,24.0,4.0,0.0
1607,0.0315,0.03156784921884537,0.9095934358999171,0.7635918855667114,0.7863277196884155,0.7635918855667114,0.8106770515441895,24.0,24.0,3.0,0.0
1608,0.0176,0.03325696289539337,1.6187949976102087,4.933764457702637,4.8221330642700195,4.933764457702637,0.8682539463043213,63.0,63.0,4.0,0.0
1609,0.0536,0.04713188111782074,3.013509755894037,1.7076735496520996,1.772424340248108,1.7076735496520996,0.85205078125,64.0,64.0,2.0,0.0
1610,0.0254,0.029256058856844902,0.7016868184499003,1.4098273515701294,1.4829350709915161,1.4098273515701294,0.8287109136581421,32.0,32.0,1.0,0.0
1611,0.0348,0.028241565451025963,2.132407256119238,0.9355684518814087,1.0052471160888672,0.9355684518814087,0.8174479007720947,24.0,24.0,1.0,0.0
1612,0.0416,0.038556091487407684,2.724976047331535,0.9471675157546997,1.073717713356018,0.9471675157546997,0.7950000166893005,25.0,25.0,0.0,0.0
1613,0.0561,0.0537814199924469,2.677439492869785,1.9678840637207031,2.0630455017089844,1.9678840637207031,0.845898449420929,64.0,64.0,2.0,0.0
1614,0.0154,0.014952685683965683,2.718964200578732,4.788713455200195,4.717789173126221,4.788713455200195,0.8696023225784302,22.0,22.0,4.0,0.0
1615,0.0348,0.03489930182695389,1.5070347048282795,0.7163487672805786,0.754353404045105,0.7163487672805786,0.8125,24.0,24.0,0.0,0.0
1616,0.0295,0.03699437528848648,0.8768145337373596,0.713615894317627,0.7338193655014038,0.713615894317627,0.8148437738418579,24.0,24.0,0.0,0.0
1617,0.0303,0.025424957275390625,1.0838653434213419,0.7409194707870483,0.7864136695861816,0.7409194707870483,0.8184895515441895,24.0,24.0,1.0,0.0
1618,0.0225,0.018264861777424812,4.969118739417097,4.191287040710449,4.1007843017578125,4.191287040710449,0.8528646230697632,24.0,24.0,4.0,0.0
1619,0.0211,0.016164325177669525,4.981874972020735,4.489850997924805,4.369878768920898,4.489850997924805,0.85546875,24.0,24.0,4.0,0.0
1620,0.0263,0.037356480956077576,0.8676474956183589,0.9805159568786621,1.109308123588562,0.9805159568786621,0.8117188215255737,24.0,24.0,1.0,0.0
1621,0.0267,0.02516704611480236,0.9282741952117364,0.720954418182373,0.752509593963623,0.720954418182373,0.8122395873069763,24.0,24.0,3.0,0.0
1622,0.0374,0.051572591066360474,1.6524594261368022,1.7451622486114502,1.9063894748687744,1.7451622486114502,0.8148437738418579,32.0,32.0,0.0,0.0
1623,0.0171,0.013079652562737465,2.11861421532961,4.35561466217041,4.397152900695801,4.35561466217041,0.8541666269302368,24.0,24.0,4.0,0.0
1624,0.0179,0.01048060692846775,1.967441638727861,4.692748069763184,4.730409622192383,4.692748069763184,0.8622395992279053,24.0,24.0,4.0,0.0
1625,0.0201,0.02899462729692459,2.0208645757282544,5.302703857421875,5.190108299255371,5.302703857421875,0.8809570670127869,64.0,64.0,4.0,0.0
1626,0.0162,0.02223850041627884,1.105243251934801,5.081833839416504,5.07960319519043,5.081833839416504,0.8840820789337158,64.0,64.0,4.0,0.0
1627,0.0193,0.019296344369649887,1.015207830874106,4.722747325897217,4.697316646575928,4.722747325897217,0.8707031607627869,32.0,32.0,4.0,0.0
1628,0.0156,0.012618215754628181,0.6681803517624227,4.329997539520264,4.345515251159668,4.329997539520264,0.8458333015441895,24.0,24.0,4.0,0.0
1629,0.0384,0.03630902245640755,3.161592927073038,0.7585488557815552,0.8072538375854492,0.7585488557815552,0.8180288672447205,26.0,26.0,0.0,0.0
1630,0.0375,0.02463369630277157,2.2565526941243093,0.7547376751899719,0.7854808568954468,0.7547376751899719,0.8223958611488342,24.0,24.0,1.0,0.0
1631,0.0322,0.04764704778790474,1.183225491223508,0.9483640193939209,1.0886621475219727,0.9483640193939209,0.8015625476837158,24.0,24.0,3.0,0.0
1632,0.0277,0.022157879546284676,0.714962772091863,0.7629588842391968,0.7850643396377563,0.7629588842391968,0.8091145753860474,24.0,24.0,1.0,0.0
1633,0.0274,0.026368414983153343,0.933122471088677,0.7803453207015991,0.8089805841445923,0.7803453207015991,0.8223958611488342,24.0,24.0,1.0,0.0
1634,0.0161,0.021032270044088364,1.936592355121213,4.600223541259766,4.593805313110352,4.600223541259766,0.8583333492279053,24.0,24.0,4.0,0.0
1635,0.0306,0.025753110647201538,0.7500293061715557,0.6916998624801636,0.7316232919692993,0.6916998624801636,0.8072917461395264,24.0,24.0,3.0,0.0
1636,0.0144,0.010786563158035278,1.825490249351688,4.56729793548584,4.538629531860352,4.56729793548584,0.8409091234207153,22.0,22.0,4.0,0.0
1637,0.0151,0.015058282762765884,1.433341896060652,4.846812725067139,4.825778007507324,4.846812725067139,0.8616477847099304,22.0,22.0,4.0,0.0
1638,0.0203,0.020154189318418503,1.9444268587671043,5.087594985961914,5.056298732757568,5.087594985961914,0.8910156488418579,64.0,64.0,4.0,0.0
1639,0.0624,0.0813303142786026,4.476576949646055,2.0868725776672363,2.35575008392334,2.0868725776672363,0.8249022960662842,64.0,64.0,2.0,0.0
1640,0.0222,0.008595213294029236,2.0953121496355895,2.9739699363708496,2.9812707901000977,2.9739699363708496,0.7902778387069702,9.0,9.0,4.0,0.0
1641,0.0313,0.02947184070944786,0.7838165000515946,2.0897340774536133,2.0706686973571777,2.0897340774536133,0.8309375047683716,40.0,40.0,3.0,0.0
1642,0.0467,0.0536135658621788,4.1985603566588,0.9095438122749329,1.049234390258789,0.9095438122749329,0.812250018119812,25.0,25.0,0.0,0.0
1643,0.0196,0.013206109404563904,2.510237384964474,3.8669772148132324,3.8324670791625977,3.8669772148132324,0.8135416507720947,12.0,12.0,4.0,0.0
1644,0.0408,0.03685084730386734,2.5703465973415454,1.5779106616973877,1.6895644664764404,1.5779106616973877,0.8142578601837158,32.0,32.0,0.0,0.0
1645,0.0165,0.00899634137749672,2.720307576151172,2.7218189239501953,2.7066683769226074,2.7218189239501953,0.7852272987365723,11.0,11.0,4.0,0.0
1646,0.0589,0.05072302743792534,2.963117640730915,1.8665785789489746,1.916143536567688,1.8665785789489746,0.8630859851837158,64.0,64.0,2.0,0.0
1647,0.0335,0.04922639951109886,1.7642812624859128,1.1186871528625488,1.2965604066848755,1.1186871528625488,0.8017499446868896,25.0,25.0,0.0,0.0
1648,0.033,0.03427773714065552,2.004836409652649,0.8918167948722839,0.9631422758102417,0.8918167948722839,0.8070312738418579,24.0,24.0,0.0,0.0
1649,0.0206,0.021252041682600975,4.832643653035214,4.455638408660889,4.345253944396973,4.455638408660889,0.8517500162124634,25.0,25.0,4.0,0.0
1650,0.0173,0.015265246853232384,4.386378193226637,3.30876088142395,3.2398715019226074,3.30876088142395,0.811931848526001,11.0,11.0,4.0,0.0
1651,0.0305,0.027804598212242126,0.977296512516982,0.7823801636695862,0.8180162906646729,0.7823801636695862,0.812250018119812,25.0,25.0,0.0,0.0
1652,0.0326,0.023233801126480103,1.3262089038176745,1.330409288406372,1.3635525703430176,1.330409288406372,0.8296874761581421,32.0,32.0,0.0,0.0
1653,0.0141,0.020769871771335602,3.6893886199309627,4.3692307472229,4.284156322479248,4.3692307472229,0.8463542461395264,24.0,24.0,4.0,0.0
1654,0.0151,0.014885136857628822,3.0933467362361955,4.640602111816406,4.590609550476074,4.640602111816406,0.8497024774551392,21.0,21.0,4.0,0.0
1655,0.0348,0.043151404708623886,2.14132455319549,1.992234706878662,2.288975715637207,1.992234706878662,0.826171875,48.0,48.0,1.0,0.0
1656,0.0142,0.01475805789232254,1.821948797486872,4.6724348068237305,4.67756462097168,4.6724348068237305,0.859375,24.0,24.0,4.0,0.0
1657,0.034,0.02782825380563736,2.257944258470262,0.6593233346939087,0.6986246109008789,0.6593233346939087,0.8087499737739563,25.0,25.0,0.0,0.0
1658,0.0292,0.022339532151818275,0.6757603739174614,0.7592406272888184,0.7820476293563843,0.7592406272888184,0.8041666746139526,24.0,24.0,3.0,0.0
1659,0.0318,0.031572308391332626,1.068273004687691,0.7154399156570435,0.7339444160461426,0.7154399156570435,0.8135416507720947,24.0,24.0,3.0,0.0
1660,0.0181,0.023477861657738686,1.9222068095150933,5.190289497375488,5.174813747406006,5.190289497375488,0.88916015625,64.0,64.0,4.0,0.0
1661,0.031,0.03115534782409668,1.6058452132203225,0.9023817181587219,0.9698662161827087,0.9023817181587219,0.8149999380111694,25.0,25.0,0.0,0.0
1662,0.0148,0.014075499027967453,1.1777842800837148,4.814208984375,4.8516526222229,4.814208984375,0.8552083969116211,24.0,24.0,4.0,0.0
1663,0.0571,0.07010190188884735,3.008477530683283,1.7985284328460693,1.950614094734192,1.7985284328460693,0.835253894329071,64.0,64.0,2.0,0.0
1664,0.0288,0.029497908428311348,0.8045269478172304,0.7086238861083984,0.7357087135314941,0.7086238861083984,0.8002604246139526,24.0,24.0,3.0,0.0
1665,0.0275,0.02750745601952076,0.5963255811810095,0.7240711450576782,0.7537376880645752,0.7240711450576782,0.8088541626930237,24.0,24.0,3.0,0.0
1666,0.059,0.053054697811603546,2.6386754481870365,1.6590209007263184,1.7165855169296265,1.6590209007263184,0.8621094226837158,64.0,64.0,2.0,0.0
1667,0.0147,0.017440687865018845,2.023135513297476,4.558485507965088,4.532741069793701,4.558485507965088,0.8638671636581421,32.0,32.0,4.0,0.0
1668,0.0316,0.03274513781070709,0.8382481281526205,0.994873583316803,1.0701019763946533,0.994873583316803,0.8065000772476196,25.0,25.0,1.0,0.0
1669,0.0297,0.02374529093503952,0.7527067586821008,0.7288284301757812,0.7520037889480591,0.7288284301757812,0.8023437857627869,24.0,24.0,3.0,0.0
1670,0.0262,0.02161671221256256,0.7581577092197274,0.7979166507720947,0.8188320398330688,0.7979166507720947,0.8226562738418579,24.0,24.0,1.0,0.0
1671,0.025,0.022229555994272232,0.5758250445584581,0.7170282602310181,0.7275893688201904,0.7170282602310181,0.8062500357627869,24.0,24.0,3.0,0.0
1672,0.0157,0.014201095327734947,2.4676603509049704,5.204208850860596,5.136094093322754,5.204208850860596,0.8742188215255737,24.0,24.0,4.0,0.0
1673,0.017,0.03811899572610855,2.8552264544184394,4.991236686706543,4.802446365356445,4.991236686706543,0.8767578601837158,64.0,64.0,4.0,0.0
1674,0.0355,0.0432182252407074,1.8136208174180881,0.9644937515258789,1.097848892211914,0.9644937515258789,0.7973557710647583,26.0,26.0,0.0,0.0
1675,0.0577,0.042652785778045654,2.8410033170672193,1.688122034072876,1.6957805156707764,1.688122034072876,0.8447265625,64.0,64.0,2.0,0.0
1676,0.0346,0.02564845234155655,1.5132316435083244,0.7836250066757202,0.8217938542366028,0.7836250066757202,0.8208333253860474,24.0,24.0,1.0,0.0
1677,0.0168,0.02370953932404518,2.2577912997182326,5.228448867797852,5.159836769104004,5.228448867797852,0.8889648914337158,64.0,64.0,4.0,0.0
1678,0.0145,0.02525678463280201,1.7147355784102543,4.957174301147461,4.926881790161133,4.957174301147461,0.8882812857627869,64.0,64.0,4.0,0.0
1679,0.0696,0.07878047227859497,4.2753810284404405,2.1487767696380615,2.3477845191955566,2.1487767696380615,0.8374999761581421,64.0,64.0,2.0,0.0
1680,0.0317,0.033404529094696045,1.6937448119577043,2.461456775665283,2.3605244159698486,2.461456775665283,0.8283854722976685,48.0,48.0,3.0,0.0
1681,0.0325,0.03318352997303009,1.205094010485997,2.7606043815612793,2.8318254947662354,2.7606043815612793,0.853222668170929,64.0,64.0,0.0,0.0
1682,0.0485,0.0721806138753891,1.1588708023378853,1.7051550149917603,1.861392617225647,1.7051550149917603,0.8406250476837158,64.0,64.0,2.0,0.0
1683,0.0177,0.017736291512846947,3.239080572314658,5.067639350891113,5.033353805541992,5.067639350891113,0.885491132736206,56.0,56.0,4.0,0.0
1684,0.0315,0.02632487565279007,1.9360973034821454,1.7212388515472412,1.9040722846984863,1.7212388515472412,0.8373438119888306,40.0,40.0,1.0,0.0
1685,0.0579,0.05953768640756607,2.784427765026425,1.8359640836715698,1.985573410987854,1.8359640836715698,0.8441406488418579,64.0,64.0,2.0,0.0
1686,0.0367,0.03429211676120758,1.1787258656271764,0.9264011383056641,1.0384736061096191,0.9264011383056641,0.7989583611488342,24.0,24.0,3.0,0.0
1687,0.0558,0.0728423222899437,3.0015270203579094,2.4152278900146484,2.585214138031006,2.4152278900146484,0.8313477039337158,64.0,64.0,2.0,0.0
1688,0.0571,0.04367394000291824,2.5958313990027113,1.6695690155029297,1.7003741264343262,1.6695690155029297,0.8607422113418579,64.0,64.0,2.0,0.0
1689,0.0646,0.06206079572439194,3.342559408222928,1.9421230554580688,2.062345266342163,1.9421230554580688,0.8303711414337158,64.0,64.0,2.0,0.0
1690,0.0358,0.026336001232266426,1.5157295192558524,0.7009897232055664,0.721685528755188,0.7009897232055664,0.815625011920929,24.0,24.0,0.0,0.0
1691,0.0385,0.04377931356430054,2.0004550074185077,0.8684371113777161,1.0117791891098022,0.8684371113777161,0.7901042103767395,24.0,24.0,0.0,0.0
1692,0.035,0.021578602492809296,1.6865790679262778,0.7945281267166138,0.8271874189376831,0.7945281267166138,0.8190103769302368,24.0,24.0,1.0,0.0
1693,0.0308,0.024660564959049225,1.2334301507839958,0.7751424908638,0.7992671728134155,0.7751424908638,0.8046875,24.0,24.0,3.0,0.0
1694,0.0296,0.023685775697231293,0.9298598362084161,0.716806173324585,0.7395066618919373,0.716806173324585,0.8127604126930237,24.0,24.0,3.0,0.0
1695,0.0446,0.0320054329931736,12.76946947286703,4.311105728149414,4.005019187927246,4.311105728149414,0.8375000357627869,24.0,24.0,4.0,0.0
1696,0.029,0.02345375530421734,9.694549559818613,3.2894630432128906,3.0984694957733154,3.2894630432128906,0.8022727370262146,11.0,11.0,4.0,0.0
1697,0.0291,0.023751474916934967,0.8628077511402705,0.6941782236099243,0.7200043201446533,0.6941782236099243,0.8105000257492065,25.0,25.0,0.0,0.0
1698,0.0271,0.047975700348615646,1.094435270168713,2.731928586959839,2.7182540893554688,2.731928586959839,0.8404296636581421,64.0,64.0,0.0,0.0
1699,0.0281,0.02387780323624611,0.9681418421884136,1.3311865329742432,1.324627161026001,1.3311865329742432,0.836132824420929,32.0,32.0,1.0,0.0
1700,0.0249,0.020930446684360504,0.6469437635329841,0.7669205069541931,0.7956452369689941,0.7669205069541931,0.8184895515441895,24.0,24.0,1.0,0.0
1701,0.0282,0.02176428958773613,0.6664738174368854,0.7680820226669312,0.7916575074195862,0.7680820226669312,0.8093750476837158,24.0,24.0,3.0,0.0
1702,0.03,0.032765038311481476,0.7690284646231439,0.783173680305481,0.8064199090003967,0.783173680305481,0.8161458373069763,24.0,24.0,3.0,0.0
1703,0.0331,0.027920939028263092,1.4463740880029672,2.05416202545166,2.1123011112213135,2.05416202545166,0.8475260734558105,48.0,48.0,0.0,0.0
1704,0.0271,0.026278197765350342,0.8663412828597924,0.7428005337715149,0.7620426416397095,0.7428005337715149,0.8036458492279053,24.0,24.0,0.0,0.0
1705,0.0619,0.0820416659116745,3.7163269392583107,2.3370232582092285,2.5901429653167725,2.3370232582092285,0.8172851800918579,64.0,64.0,2.0,0.0
1706,0.0322,0.04745078831911087,0.8924189106321394,0.7180251479148865,0.7345434427261353,0.7180251479148865,0.8127604722976685,24.0,24.0,3.0,0.0
1707,0.0384,0.01748192124068737,10.06627644826683,3.4732415676116943,3.3261642456054688,3.4732415676116943,0.8038461208343506,13.0,13.0,4.0,0.0
1708,0.0272,0.02565225213766098,8.398182165254033,4.6732611656188965,4.4266157150268555,4.6732611656188965,0.8567708730697632,24.0,24.0,4.0,0.0
1709,0.0267,0.022501446306705475,7.763952971063653,4.927553653717041,4.669703006744385,4.927553653717041,0.850781261920929,24.0,24.0,4.0,0.0
1710,0.0306,0.038150910288095474,1.661850885178089,0.9282857179641724,1.0453132390975952,0.9282857179641724,0.8145000338554382,25.0,25.0,0.0,0.0
1711,0.024,0.03570136800408363,6.046783227605287,5.183377265930176,4.9486165046691895,5.183377265930176,0.8609375357627869,56.0,56.0,4.0,0.0
1712,0.0188,0.029433991760015488,4.317043272628754,4.55084228515625,4.358033180236816,4.55084228515625,0.8466796875,32.0,32.0,4.0,0.0
1713,0.032,0.028232473880052567,1.9060327101819439,1.353041410446167,1.4996731281280518,1.353041410446167,0.8291016221046448,32.0,32.0,1.0,0.0
1714,0.0249,0.025680337101221085,1.2683430997525738,0.7742204666137695,0.8308261036872864,0.7742204666137695,0.8174479007720947,24.0,24.0,1.0,0.0
1715,0.0298,0.028018420562148094,1.4774935573182377,1.3838670253753662,1.5047378540039062,1.3838670253753662,0.8257812261581421,32.0,32.0,3.0,0.0
1716,0.0313,0.0400199294090271,1.7412410983460718,2.9800336360931396,3.254835605621338,2.9800336360931396,0.8399413824081421,64.0,64.0,3.0,0.0
1717,0.0428,0.03169665485620499,4.1584887500344125,0.736116886138916,0.7890586853027344,0.736116886138916,0.8262019157409668,26.0,26.0,1.0,0.0
1718,0.0186,0.013273125514388084,1.8319408581459666,4.523746490478516,4.637075901031494,4.523746490478516,0.850781261920929,24.0,24.0,4.0,0.0
1719,0.0279,0.029540840536355972,0.7467860109974844,0.726354718208313,0.7611163258552551,0.726354718208313,0.8158854246139526,24.0,24.0,3.0,0.0
1720,0.0474,0.0436650812625885,4.664226409488746,0.9443990588188171,1.107007622718811,0.9443990588188171,0.8098557591438293,26.0,26.0,0.0,0.0
1721,0.0156,0.018542753532528877,1.6676877225802895,3.97404408454895,4.005621910095215,3.97404408454895,0.8357499837875366,25.0,25.0,4.0,0.0
1722,0.0341,0.037868745625019073,1.7519821599914869,0.8103193640708923,0.8305498361587524,0.8103193640708923,0.8031250238418579,24.0,24.0,1.0,0.0
1723,0.0175,0.01019652746617794,1.058071418568992,3.516923666000366,3.547476291656494,3.516923666000366,0.8107143640518188,14.0,14.0,4.0,0.0
1724,0.0156,0.016593879088759422,0.9857358997136438,4.730463027954102,4.765448570251465,4.730463027954102,0.8525568246841431,22.0,22.0,4.0,0.0
1725,0.0174,0.02398666739463806,1.0447256397059643,4.315065383911133,4.259600639343262,4.315065383911133,0.8544921875,32.0,32.0,4.0,0.0
1726,0.0339,0.029168272390961647,1.0495009293508226,0.7358332276344299,0.7640060186386108,0.7358332276344299,0.8114583492279053,24.0,24.0,3.0,0.0
1727,0.0161,0.008677973411977291,1.4983732788842057,3.0845189094543457,3.103360414505005,3.0845189094543457,0.800694465637207,9.0,9.0,4.0,0.0
1728,0.0338,0.028361953794956207,1.8903340099117465,0.7113556861877441,0.7382907271385193,0.7113556861877441,0.8142499923706055,25.0,25.0,0.0,0.0
1729,0.0299,0.023084813728928566,1.298520205192499,0.7467317581176758,0.7750427722930908,0.7467317581176758,0.8104166388511658,24.0,24.0,0.0,0.0
1730,0.0215,0.04445900768041611,3.206718916605418,4.842897415161133,4.6246490478515625,4.842897415161133,0.8658203482627869,64.0,64.0,4.0,0.0
1731,0.0299,0.023486822843551636,1.5653817123592686,0.7898990511894226,0.8073858022689819,0.7898990511894226,0.8207499980926514,25.0,25.0,1.0,0.0
1732,0.0184,0.025689370930194855,2.2756665754421785,4.529674530029297,4.375060081481934,4.529674530029297,0.8466796875,32.0,32.0,4.0,0.0
1733,0.0167,0.027857808396220207,2.150627300682508,3.767388343811035,3.649665117263794,3.767388343811035,0.8273437023162842,24.0,24.0,4.0,0.0
1734,0.0232,0.02586723491549492,0.8138135474251355,0.8044804930686951,0.8431039452552795,0.8044804930686951,0.8213541507720947,24.0,24.0,1.0,0.0
1735,0.0651,0.05046423524618149,3.977601736931961,2.0362281799316406,2.144840717315674,2.0362281799316406,0.831835925579071,64.0,64.0,2.0,0.0
1736,0.0347,0.026893306523561478,1.345583348336923,1.304135799407959,1.3144035339355469,1.304135799407959,0.834179699420929,32.0,32.0,0.0,0.0
1737,0.0135,0.01334462407976389,1.9016237119945223,2.948082447052002,2.9412271976470947,2.948082447052002,0.7784721851348877,9.0,9.0,4.0,0.0
1738,0.0317,0.0204179547727108,0.8928599496710302,0.701001763343811,0.7300257086753845,0.701001763343811,0.8169270753860474,24.0,24.0,1.0,0.0
1739,0.0344,0.025362985208630562,1.4867348315063493,0.7643623948097229,0.7891608476638794,0.7643623948097229,0.8106770515441895,24.0,24.0,1.0,0.0
1740,0.021,0.023349808529019356,3.0069860263936374,4.044632911682129,4.012049198150635,4.044632911682129,0.8453124761581421,24.0,24.0,4.0,0.0
1741,0.0139,0.012720358557999134,1.7380456637710748,4.675207138061523,4.629693984985352,4.675207138061523,0.854687511920929,24.0,24.0,4.0,0.0
1742,0.0418,0.046365998685359955,2.77583080890059,1.1337718963623047,1.3260043859481812,1.1337718963623047,0.7942708730697632,24.0,24.0,0.0,0.0
1743,0.0248,0.021100327372550964,0.6545322792613424,0.709855318069458,0.7345194816589355,0.709855318069458,0.8106771111488342,24.0,24.0,3.0,0.0
1744,0.0649,0.07184506952762604,4.128556459821683,1.929973840713501,2.150583267211914,1.929973840713501,0.8441406488418579,64.0,64.0,2.0,0.0
1745,0.0346,0.04781555384397507,1.660416050809503,2.704845666885376,2.804137706756592,2.704845666885376,0.83837890625,64.0,64.0,1.0,0.0
1746,0.0227,0.025214187800884247,0.6333447425111979,0.7718797326087952,0.7995562553405762,0.7718797326087952,0.8174479007720947,24.0,24.0,1.0,0.0
1747,0.0168,0.009844329208135605,2.404492113314545,3.318713665008545,3.3009963035583496,3.318713665008545,0.7931250333786011,10.0,10.0,4.0,0.0
1748,0.0188,0.01290908083319664,2.8273318180483304,4.657831192016602,4.645841121673584,4.657831192016602,0.8502717018127441,23.0,23.0,4.0,0.0
1749,0.0545,0.05523768439888954,2.5249173227066275,1.8649038076400757,1.987597942352295,1.8649038076400757,0.8416992425918579,64.0,64.0,2.0,0.0
1750,0.0259,0.027100861072540283,0.671057763011911,1.3131322860717773,1.3167107105255127,1.3131322860717773,0.8335937857627869,32.0,32.0,1.0,0.0
1751,0.0272,0.025032129138708115,0.7952745578252436,0.6816285848617554,0.7149579524993896,0.6816285848617554,0.8091145753860474,24.0,24.0,3.0,0.0
1752,0.0291,0.044243745505809784,0.9301001048769096,2.722574234008789,2.815183639526367,2.722574234008789,0.834667980670929,64.0,64.0,1.0,0.0
1753,0.0283,0.03125254064798355,1.4930132623492491,0.7312934398651123,0.7618728280067444,0.7312934398651123,0.8041666746139526,24.0,24.0,3.0,0.0
1754,0.0254,0.02060718461871147,0.669595502381807,0.7053854465484619,0.7314167618751526,0.7053854465484619,0.8109999895095825,25.0,25.0,3.0,0.0
1755,0.0203,0.02228723093867302,3.4669475448658438,4.332007884979248,4.2263383865356445,4.332007884979248,0.8580078482627869,32.0,32.0,4.0,0.0
1756,0.0349,0.04256035387516022,1.461666513061752,0.9946786761283875,1.0560548305511475,0.9946786761283875,0.8035000562667847,25.0,25.0,0.0,0.0
1757,0.0299,0.03249669075012207,1.7181073727912413,1.0359957218170166,1.1238796710968018,1.0359957218170166,0.8070312738418579,24.0,24.0,1.0,0.0
1758,0.0313,0.0309007428586483,1.1283108741565782,2.662820339202881,2.6978325843811035,2.662820339202881,0.840527355670929,64.0,64.0,0.0,0.0
1759,0.016,0.012133939191699028,2.4670251842235005,5.0838751792907715,5.059084892272949,5.0838751792907715,0.872826099395752,23.0,23.0,4.0,0.0
1760,0.0551,0.06885819137096405,3.068241959282185,1.9023643732070923,2.1497435569763184,1.9023643732070923,0.849804699420929,64.0,64.0,2.0,0.0
1761,0.033,0.0528266467154026,1.4225461747386088,2.744410514831543,2.908353328704834,2.744410514831543,0.8289062976837158,56.0,56.0,0.0,0.0
1762,0.0133,0.016508977860212326,1.9254439837912944,4.746801853179932,4.683263301849365,4.746801853179932,0.8588541746139526,24.0,24.0,4.0,0.0
1763,0.0183,0.016105884686112404,2.7280626802304457,3.941741943359375,3.926903486251831,3.941741943359375,0.8442708849906921,24.0,24.0,4.0,0.0
1764,0.0164,0.01251551415771246,1.5730778770666198,4.771698951721191,4.7211503982543945,4.771698951721191,0.8622395992279053,24.0,24.0,4.0,0.0
1765,0.0205,0.01827985979616642,2.277707902927514,4.7356696128845215,4.718113899230957,4.7356696128845215,0.8784375190734863,40.0,40.0,4.0,0.0
1766,0.068,0.05526348948478699,4.4821781164075025,2.356248617172241,2.5028293132781982,2.356248617172241,0.825390636920929,64.0,64.0,2.0,0.0
1767,0.0186,0.013566721230745316,1.3939205311789635,4.887103080749512,4.9491167068481445,4.887103080749512,0.8633522987365723,22.0,22.0,4.0,0.0
1768,0.0424,0.05660584568977356,3.799526660844612,2.6952157020568848,2.953564167022705,2.6952157020568848,0.8240234851837158,64.0,64.0,1.0,0.0
1769,0.0343,0.03881261870265007,1.850632378261569,0.936073899269104,1.061584711074829,0.936073899269104,0.8083333373069763,24.0,24.0,0.0,0.0
1770,0.0323,0.026850052177906036,0.9860310562291335,0.7450996041297913,0.7728654742240906,0.7450996041297913,0.8148437738418579,24.0,24.0,3.0,0.0
1771,0.0368,0.03746962174773216,2.597213036370345,1.4903101921081543,1.623173475265503,1.4903101921081543,0.825390636920929,32.0,32.0,0.0,0.0
1772,0.0167,0.014520945027470589,1.790478233291032,4.925509929656982,4.887112617492676,4.925509929656982,0.8736328482627869,32.0,32.0,4.0,0.0
1773,0.0317,0.027779381722211838,1.2854208364470476,2.7680306434631348,2.867072105407715,2.7680306434631348,0.8477538824081421,64.0,64.0,0.0,0.0
1774,0.0251,0.033007510006427765,0.9177437464840003,0.7826753854751587,0.8069664835929871,0.7826753854751587,0.8182291984558105,24.0,24.0,1.0,0.0
1775,0.063,0.08412530273199081,3.5567546470592135,2.09981632232666,2.3812851905822754,2.09981632232666,0.8229492902755737,64.0,64.0,2.0,0.0
1776,0.0386,0.07222256809473038,1.7766913025170166,1.0963565111160278,1.3392353057861328,1.0963565111160278,0.7932292222976685,24.0,24.0,0.0,0.0
1777,0.0184,0.011052589863538742,3.1056481894191466,4.8887481689453125,4.798422813415527,4.8887481689453125,0.8638021349906921,24.0,24.0,4.0,0.0
1778,0.0567,0.05821431428194046,2.059247877547319,1.8396786451339722,1.9185701608657837,1.8396786451339722,0.8260742425918579,64.0,64.0,2.0,0.0
1779,0.0295,0.022638069465756416,0.8760964648761149,0.7098109722137451,0.7467564344406128,0.7098109722137451,0.8075520992279053,24.0,24.0,3.0,0.0
1780,0.0414,0.05304097756743431,2.122348373013126,0.9133871793746948,1.0472978353500366,0.9133871793746948,0.8127604126930237,24.0,24.0,0.0,0.0
1781,0.0258,0.026823829859495163,0.6387930187168898,0.7130420207977295,0.7390878796577454,0.7130420207977295,0.8091145753860474,24.0,24.0,3.0,0.0
1782,0.0159,0.014417339116334915,3.8519683781212697,4.498309135437012,4.42742919921875,4.498309135437012,0.8544270992279053,24.0,24.0,4.0,0.0
1783,0.0313,0.024201754480600357,1.482401137180337,0.8191000819206238,0.8397511839866638,0.8191000819206238,0.8148437738418579,24.0,24.0,3.0,0.0
1784,0.0609,0.07243384420871735,2.5562202316812614,2.563798666000366,2.6590018272399902,2.563798666000366,0.8114258050918579,64.0,64.0,2.0,0.0
1785,0.0346,0.02883783169090748,1.5302431128969354,2.505594491958618,2.462658405303955,2.505594491958618,0.8560267686843872,56.0,56.0,0.0,0.0
1786,0.0259,0.024991033598780632,0.7563513950535719,0.6935455799102783,0.7285517454147339,0.6935455799102783,0.8075520396232605,24.0,24.0,3.0,0.0
1787,0.0582,0.04445303604006767,2.4328331342898117,1.965121865272522,2.0541841983795166,1.965121865272522,0.8534179925918579,64.0,64.0,2.0,0.0
1788,0.0241,0.018852556124329567,6.1542245283140105,5.362153053283691,5.187145233154297,5.362153053283691,0.8832812309265137,40.0,40.0,4.0,0.0
1789,0.0173,0.01818099617958069,4.746815593520885,4.175167083740234,4.040011405944824,4.175167083740234,0.8500000238418579,24.0,24.0,4.0,0.0
1790,0.0193,0.014750169590115547,4.5774620192940665,4.490321159362793,4.392652988433838,4.490321159362793,0.8565104603767395,24.0,24.0,4.0,0.0
1791,0.0127,0.014625792391598225,2.6453552902361177,4.832919597625732,4.7565717697143555,4.832919597625732,0.8661458492279053,24.0,24.0,4.0,0.0
1792,0.0558,0.057478539645671844,3.3977717331215915,2.1790809631347656,2.3795909881591797,2.1790809631347656,0.8528320789337158,64.0,64.0,2.0,0.0
1793,0.0195,0.006569111254066229,3.3044014002172175,2.1048154830932617,2.08762526512146,2.1048154830932617,0.7150000333786011,5.0,5.0,4.0,0.0
1794,0.0161,0.010384166613221169,1.8489449948937566,4.607149600982666,4.619244575500488,4.607149600982666,0.8635417222976685,24.0,24.0,4.0,0.0
1795,0.0286,0.025202441960573196,0.9583894239113576,0.7813097238540649,0.8150116205215454,0.7813097238540649,0.8111978769302368,24.0,24.0,3.0,0.0
1796,0.029,0.024825699627399445,1.6930722120440649,0.7950865626335144,0.8649636507034302,0.7950865626335144,0.8125,25.0,25.0,0.0,0.0
1797,0.0306,0.022184841334819794,0.894523334493692,0.8040401935577393,0.8325100541114807,0.8040401935577393,0.8208333253860474,24.0,24.0,3.0,0.0
1798,0.0406,0.045409053564071655,2.941916074946743,0.9703301787376404,1.1319680213928223,0.9703301787376404,0.8079999685287476,25.0,25.0,0.0,0.0
1799,0.015,0.016204604879021645,1.9360397828193672,4.887663841247559,4.955224990844727,4.887663841247559,0.8562500476837158,24.0,24.0,4.0,0.0
1800,0.0342,0.03984535112977028,2.3426108376681247,0.7551883459091187,0.8026914596557617,0.7551883459091187,0.8130000233650208,25.0,25.0,0.0,0.0
1801,0.0279,0.03059188276529312,15.632227762068903,0.760838508605957,0.7958410978317261,0.760838508605957,0.8205000162124634,25.0,25.0,1.0,0.0
1802,0.0655,0.11763208359479904,5.396062123942961,2.1070923805236816,2.521522045135498,2.1070923805236816,0.810546875,64.0,64.0,2.0,0.0
1803,0.0166,0.024654801934957504,1.222327213467681,5.10429573059082,5.065309524536133,5.10429573059082,0.8840402364730835,56.0,56.0,4.0,0.0
1804,0.0226,0.025948621332645416,2.4157991528623106,4.848938941955566,4.71290397644043,4.848938941955566,0.8650669455528259,56.0,56.0,4.0,0.0
1805,0.0567,0.04118232801556587,4.731652487060446,1.8820390701293945,2.004833698272705,1.8820390701293945,0.839160144329071,64.0,64.0,2.0,0.0
1806,0.0485,0.045762330293655396,2.841076671051502,1.8442765474319458,1.9913995265960693,1.8442765474319458,0.8555803298950195,56.0,56.0,2.0,0.0
1807,0.0549,0.057153988629579544,2.7794856728365565,1.9693806171417236,2.113504648208618,1.9693806171417236,0.8379882574081421,64.0,64.0,2.0,0.0
1808,0.0531,0.03745212033390999,2.9778129472041757,2.109405279159546,2.1202657222747803,2.109405279159546,0.8505859375,64.0,64.0,2.0,0.0
1809,0.0289,0.037096165120601654,0.6586167366440372,0.7071535587310791,0.7272071242332458,0.7071535587310791,0.8088542222976685,24.0,24.0,3.0,0.0
1810,0.0648,0.06878432631492615,3.6606230911586377,2.249861717224121,2.466596841812134,2.249861717224121,0.8294922113418579,64.0,64.0,2.0,0.0
1811,0.0246,0.0603063702583313,5.8813755309920674,4.679381370544434,4.4379425048828125,4.679381370544434,0.858105480670929,64.0,64.0,4.0,0.0
1812,0.0169,0.019313642755150795,4.803564145953788,4.629486560821533,4.441614151000977,4.629486560821533,0.8505434989929199,23.0,23.0,4.0,0.0
1813,0.0292,0.030032148584723473,1.9884693889929068,0.7260770797729492,0.756804347038269,0.7260770797729492,0.8091145753860474,24.0,24.0,3.0,0.0
1814,0.0648,0.05225478112697601,3.2057004396773126,1.8449440002441406,1.900357961654663,1.8449440002441406,0.8506836295127869,64.0,64.0,2.0,0.0
1815,0.018,0.01661919429898262,5.31856499877999,4.714714527130127,4.568795204162598,4.714714527130127,0.8533854484558105,24.0,24.0,4.0,0.0
1816,0.0466,0.044157929718494415,1.3212201704291084,2.197829246520996,2.2668890953063965,2.197829246520996,0.8337891101837158,64.0,64.0,2.0,0.0
1817,0.054,0.059070080518722534,1.6950323272026186,2.1377358436584473,2.2971086502075195,2.1377358436584473,0.8480468988418579,64.0,64.0,2.0,0.0
1818,0.0335,0.038388691842556,2.045927288986886,2.8380510807037354,2.796964645385742,2.8380510807037354,0.8469727039337158,64.0,64.0,0.0,0.0
1819,0.0492,0.04969990625977516,1.0694157615236877,2.4072580337524414,2.4325900077819824,2.4072580337524414,0.8374999761581421,64.0,64.0,2.0,0.0
1820,0.0208,0.015938015654683113,4.608414565908763,4.824944496154785,4.726127624511719,4.824944496154785,0.8770833611488342,24.0,24.0,4.0,0.0
1821,0.0603,0.09028665721416473,3.566013616650145,2.49504017829895,2.8600120544433594,2.49504017829895,0.8083705306053162,56.0,56.0,2.0,0.0
1822,0.0514,0.04287504404783249,2.4391623765808377,1.6099424362182617,1.6775028705596924,1.6099424362182617,0.8508789539337158,64.0,64.0,2.0,0.0
1823,0.0346,0.038054320961236954,2.0940531051738986,0.9220112562179565,1.0221526622772217,0.9220112562179565,0.8090000152587891,25.0,25.0,0.0,0.0
1824,0.0301,0.04731635004281998,7.640896601358627,5.170418739318848,4.871251583099365,5.170418739318848,0.8645508289337158,64.0,64.0,4.0,0.0
1825,0.0294,0.0203455351293087,0.9997766554673934,0.7594931125640869,0.7846819162368774,0.7594931125640869,0.81640625,24.0,24.0,3.0,0.0
1826,0.0307,0.047680359333753586,0.9835916369910582,0.7142598628997803,0.7152258157730103,0.7142598628997803,0.8041666746139526,24.0,24.0,3.0,0.0
1827,0.0331,0.03571324050426483,1.7112075722446063,2.651073694229126,2.78501033782959,2.651073694229126,0.8488839864730835,56.0,56.0,0.0,0.0
1828,0.0556,0.04947054386138916,3.859923555163494,1.843144416809082,1.9440945386886597,1.843144416809082,0.8519531488418579,64.0,64.0,2.0,0.0
1829,0.026,0.030893439427018166,1.0423254086251066,1.0002119541168213,1.0426791906356812,1.0002119541168213,0.80859375,24.0,24.0,0.0,0.0
1830,0.0234,0.011289172805845737,5.892695114194629,3.4258878231048584,3.3331165313720703,3.4258878231048584,0.8110576868057251,13.0,13.0,4.0,0.0
1831,0.0357,0.030071280896663666,2.263574293364258,1.7044956684112549,1.9207128286361694,1.7044956684112549,0.8260937929153442,40.0,40.0,1.0,0.0
1832,0.0312,0.026189744472503662,0.8091682495239888,0.7007488012313843,0.7289942502975464,0.7007488012313843,0.8125,24.0,24.0,3.0,0.0
1833,0.0304,0.029930228367447853,1.8892723334176518,0.7151684761047363,0.7413643598556519,0.7151684761047363,0.8171875476837158,24.0,24.0,0.0,0.0
1834,0.0289,0.03078935481607914,1.2322920607736667,0.7278097867965698,0.7716209888458252,0.7278097867965698,0.8202500343322754,25.0,25.0,0.0,0.0
1835,0.0332,0.030904855579137802,1.4004414685128388,0.7582780122756958,0.7786619663238525,0.7582780122756958,0.8263020515441895,24.0,24.0,1.0,0.0
1836,0.0264,0.017920726910233498,6.422878399531518,4.262482643127441,4.154375076293945,4.262482643127441,0.8447917103767395,24.0,24.0,4.0,0.0
1837,0.0328,0.020029477775096893,1.8320448281422461,0.6577022075653076,0.6841484904289246,0.6577022075653076,0.8159999847412109,25.0,25.0,0.0,0.0
1838,0.0316,0.017435066401958466,1.917488768374365,0.7165230512619019,0.7379025220870972,0.7165230512619019,0.8149999380111694,25.0,25.0,0.0,0.0
1839,0.0204,0.021030539646744728,5.4829689154618295,5.091370582580566,4.915865898132324,5.091370582580566,0.86328125,24.0,24.0,4.0,0.0
1840,0.0287,0.03351805731654167,1.5834880316355375,0.8209772109985352,0.8246731162071228,0.8209772109985352,0.81640625,24.0,24.0,0.0,0.0
1841,0.0223,0.020063607022166252,5.300406623794264,4.971484661102295,4.801852226257324,4.971484661102295,0.861523449420929,32.0,32.0,4.0,0.0
1842,0.0578,0.07307466864585876,3.0106519000849072,2.047506093978882,2.2355775833129883,2.047506093978882,0.8353515863418579,64.0,64.0,2.0,0.0
1843,0.0165,0.015444927848875523,3.540469520410901,4.895934104919434,4.805569648742676,4.895934104919434,0.8763021230697632,24.0,24.0,4.0,0.0
1844,0.0289,0.03511439263820648,1.2259084693004083,0.8987164497375488,1.031764268875122,0.8987164497375488,0.8059895634651184,24.0,24.0,0.0,0.0
1845,0.0377,0.029501529410481453,1.4532652296605104,0.7887017726898193,0.8117280602455139,0.7887017726898193,0.8125,24.0,24.0,1.0,0.0
1846,0.0122,0.013628621585667133,1.6166350207718618,4.798871994018555,4.772190093994141,4.798871994018555,0.8601562976837158,24.0,24.0,4.0,0.0
1847,0.0297,0.03473967686295509,0.7271499592651052,0.9402493238449097,1.0514445304870605,0.9402493238449097,0.7947916984558105,24.0,24.0,3.0,0.0
1848,0.0314,0.02177012898027897,1.1309921614996294,0.7799744009971619,0.8027113080024719,0.7799744009971619,0.8143229484558105,24.0,24.0,1.0,0.0
1849,0.0291,0.033630967140197754,0.7297969970699741,2.497809648513794,2.4507527351379395,2.497809648513794,0.8173177242279053,48.0,48.0,3.0,0.0
1850,0.0166,0.012135379016399384,2.0719773535001123,4.560899257659912,4.5803680419921875,4.560899257659912,0.8601562976837158,24.0,24.0,4.0,0.0
1851,0.0154,0.013757794164121151,1.452294743221494,4.687443733215332,4.696829319000244,4.687443733215332,0.8580729365348816,24.0,24.0,4.0,0.0
1852,0.0259,0.024442080408334732,0.8773888919469349,0.7375602722167969,0.7473016977310181,0.7375602722167969,0.8179687857627869,24.0,24.0,1.0,0.0
1853,0.0301,0.05500320345163345,1.2933020017064025,2.3547964096069336,2.716097354888916,2.3547964096069336,0.82421875,56.0,56.0,1.0,0.0
1854,0.02,0.01885957643389702,2.201115238068827,5.194302558898926,5.215478897094727,5.194302558898926,0.877678632736206,56.0,56.0,4.0,0.0
1855,0.0273,0.024497337639331818,0.9600592769152712,0.7564029693603516,0.7879879474639893,0.7564029693603516,0.8153645992279053,24.0,24.0,1.0,0.0
1856,0.0372,0.03885389491915703,2.8244640210201344,0.9865962862968445,1.1194133758544922,0.9865962862968445,0.8105000257492065,25.0,25.0,0.0,0.0
1857,0.0289,0.029334958642721176,0.7971747134624034,0.7722505331039429,0.8229549527168274,0.7722505331039429,0.8190000653266907,25.0,25.0,3.0,0.0
1858,0.0124,0.008529994636774063,0.9973090665188714,1.992192029953003,2.0036439895629883,1.992192029953003,0.699999988079071,5.0,5.0,4.0,0.0
1859,0.0158,0.01723773404955864,0.930621841811996,4.480134010314941,4.455256462097168,4.480134010314941,0.854687511920929,24.0,24.0,4.0,0.0
1860,0.0547,0.05345632880926132,4.3851130335574515,2.122565984725952,2.3116912841796875,2.122565984725952,0.840527355670929,64.0,64.0,2.0,0.0
1861,0.0675,0.03563975915312767,6.126942700277739,1.5363097190856934,1.628835916519165,1.5363097190856934,0.8549107313156128,56.0,56.0,2.0,0.0
1862,0.0666,0.048170290887355804,4.927757647856245,1.5126692056655884,1.6413449048995972,1.5126692056655884,0.8511718511581421,64.0,64.0,2.0,0.0
1863,0.029,0.021242763847112656,0.9681907300086148,1.3186935186386108,1.3855369091033936,1.3186935186386108,0.8375000357627869,32.0,32.0,1.0,0.0
1864,0.0169,0.015821993350982666,2.573653097580752,4.30441951751709,4.25556755065918,4.30441951751709,0.8596354126930237,24.0,24.0,4.0,0.0
1865,0.0189,0.02407931722700596,3.3433965464100344,4.790467262268066,4.65820837020874,4.790467262268066,0.8617187738418579,40.0,40.0,4.0,0.0
1866,0.0272,0.021754955872893333,0.6160228629795796,0.7574502229690552,0.7724519968032837,0.7574502229690552,0.8190103769302368,24.0,24.0,1.0,0.0
1867,0.0149,0.016207518056035042,2.7728098410341766,4.680820465087891,4.6521315574646,4.680820465087891,0.858593761920929,24.0,24.0,4.0,0.0
1868,0.0525,0.06498893350362778,2.4719520082542896,2.382260322570801,2.5577993392944336,2.382260322570801,0.8091796636581421,64.0,64.0,2.0,0.0
1869,0.0282,0.024341605603694916,0.8134149377855517,0.7630757689476013,0.7982787489891052,0.7630757689476013,0.8200520873069763,24.0,24.0,1.0,0.0
1870,0.0266,0.019231881946325302,0.7040805214204083,0.7952246069908142,0.8252605199813843,0.7952246069908142,0.8138021230697632,24.0,24.0,1.0,0.0
1871,0.0339,0.029815685003995895,0.7773145145861514,0.7063056230545044,0.7337996959686279,0.7063056230545044,0.8078124523162842,24.0,24.0,3.0,0.0
1872,0.0259,0.024332789704203606,0.7049040199477857,0.7525762319564819,0.7858366966247559,0.7525762319564819,0.8125,24.0,24.0,3.0,0.0
1873,0.0228,0.015056133270263672,4.820771307925984,4.00137996673584,3.942516565322876,4.00137996673584,0.8559896349906921,24.0,24.0,4.0,0.0
1874,0.0224,0.009777079336345196,4.399054262375465,2.8568973541259766,2.837336778640747,2.8568973541259766,0.7895833253860474,9.0,9.0,4.0,0.0
1875,0.0295,0.027941538020968437,1.3540027203381375,0.753342866897583,0.7806167602539062,0.753342866897583,0.8197916746139526,24.0,24.0,3.0,0.0
1876,0.051,0.05259554088115692,1.3969610028229111,1.9328187704086304,2.0407826900482178,1.9328187704086304,0.8463866710662842,64.0,64.0,2.0,0.0
1877,0.0383,0.04836437106132507,2.179294518067595,1.3586835861206055,1.4850561618804932,1.3586835861206055,0.8216797113418579,32.0,32.0,0.0,0.0
1878,0.0206,0.03780101239681244,3.2341882041583276,4.942840576171875,4.808297157287598,4.942840576171875,0.8561384081840515,56.0,56.0,4.0,0.0
1879,0.0158,0.012144254520535469,2.358786343954758,4.80759334564209,4.755587100982666,4.80759334564209,0.8605978488922119,23.0,23.0,4.0,0.0
1880,0.0138,0.01755410060286522,1.8156230339486021,4.7749176025390625,4.74105167388916,4.7749176025390625,0.8698437809944153,40.0,40.0,4.0,0.0
1881,0.0352,0.024090323597192764,2.1500355791158388,1.5480856895446777,1.7086656093597412,1.5480856895446777,0.8326389193534851,36.0,36.0,1.0,0.0
1882,0.0661,0.06574550271034241,4.731873835293642,2.01420521736145,2.216414451599121,2.01420521736145,0.84375,64.0,64.0,2.0,0.0
1883,0.0199,0.015012195333838463,2.278291519563518,4.50534725189209,4.500986576080322,4.50534725189209,0.8580729961395264,24.0,24.0,4.0,0.0
1884,0.0386,0.047898560762405396,2.5278954546345416,2.8740386962890625,3.1623284816741943,2.8740386962890625,0.8523437976837158,64.0,64.0,0.0,0.0
1885,0.0161,0.032619550824165344,1.6743870571555775,4.854738235473633,4.724621772766113,4.854738235473633,0.8811523914337158,64.0,64.0,4.0,0.0
1886,0.0362,0.032348744571208954,2.0235979056681828,0.9824174642562866,1.0861021280288696,0.9824174642562866,0.8029999732971191,25.0,25.0,0.0,0.0
1887,0.0625,0.04328262060880661,4.4104729902791595,1.9151307344436646,1.9848837852478027,1.9151307344436646,0.8541015386581421,64.0,64.0,2.0,0.0
1888,0.0174,0.02214350923895836,1.9847077767510972,5.108577728271484,5.063587188720703,5.108577728271484,0.8736250400543213,50.0,50.0,4.0,0.0
1889,0.0584,0.034627944231033325,4.095822851162116,2.2481329441070557,2.3233590126037598,2.2481329441070557,0.853710949420929,64.0,64.0,2.0,0.0
1890,0.0276,0.023797396570444107,1.4638688841360643,0.74840247631073,0.7633470892906189,0.74840247631073,0.812749981880188,25.0,25.0,0.0,0.0
1891,0.0145,0.014251303859055042,2.287558501011023,4.928348541259766,4.852777004241943,4.928348541259766,0.865217387676239,23.0,23.0,4.0,0.0
1892,0.0208,0.03576548770070076,3.3052152871397067,4.10893440246582,3.9549217224121094,4.10893440246582,0.8562500476837158,32.0,32.0,4.0,0.0
1893,0.0297,0.04022832214832306,1.0195415690045748,0.9419505000114441,1.0569641590118408,0.9419505000114441,0.8098958730697632,24.0,24.0,1.0,0.0
1894,0.0153,0.011135286651551723,2.222779241941719,5.027387619018555,4.9852294921875,5.027387619018555,0.8802083730697632,24.0,24.0,4.0,0.0
1895,0.0592,0.06710947304964066,3.5655829136478734,1.8871259689331055,2.111616611480713,1.8871259689331055,0.8345703482627869,64.0,64.0,2.0,0.0
1896,0.0147,0.011218355968594551,2.0610000139909985,4.692301273345947,4.680545330047607,4.692301273345947,0.8638020753860474,24.0,24.0,4.0,0.0
1897,0.0298,0.021952511742711067,1.1724385054201645,0.784343957901001,0.8216313123703003,0.784343957901001,0.8130208253860474,24.0,24.0,1.0,0.0
1898,0.0319,0.042367372661828995,1.6075370506677342,1.0370640754699707,1.1898488998413086,1.0370640754699707,0.7892500162124634,25.0,25.0,0.0,0.0
1899,0.0173,0.01455623097717762,2.770942274408524,4.063094139099121,4.044541358947754,4.063094139099121,0.8505208492279053,24.0,24.0,4.0,0.0
1900,0.0194,0.008432680740952492,2.805461831469503,3.3616275787353516,3.330893039703369,3.3616275787353516,0.7950000166893005,10.0,10.0,4.0,0.0
1901,0.0374,0.02481236308813095,1.8805874612740923,0.6919900178909302,0.7250745296478271,0.6919900178909302,0.8152499794960022,25.0,25.0,0.0,0.0
1902,0.0278,0.025705445557832718,0.9566462452590659,0.7527044415473938,0.781267523765564,0.7527044415473938,0.809374988079071,24.0,24.0,3.0,0.0
1903,0.0164,0.01466361153870821,1.680112841866584,4.75212287902832,4.73669958114624,4.75212287902832,0.862500011920929,23.0,23.0,4.0,0.0
1904,0.0181,0.023685632273554802,2.299346707029448,5.001866340637207,4.869743347167969,5.001866340637207,0.8876953125,64.0,64.0,4.0,0.0
1905,0.066,0.05789085105061531,5.155645323751474,1.6958011388778687,1.8290411233901978,1.6958011388778687,0.8451172113418579,64.0,64.0,2.0,0.0
1906,0.0284,0.027206486091017723,0.9699896507744988,0.7136693000793457,0.7378159165382385,0.7136693000793457,0.8169270753860474,24.0,24.0,1.0,0.0
1907,0.0139,0.01363337691873312,1.5961560057680335,4.368896961212158,4.349262237548828,4.368896961212158,0.84375,24.0,24.0,4.0,0.0
1908,0.052,0.06948830187320709,2.6551944989548257,2.033236503601074,2.278855323791504,2.033236503601074,0.8346679210662842,64.0,64.0,2.0,0.0
1909,0.0363,0.025490202009677887,2.6171324598966943,0.778444766998291,0.8024203181266785,0.778444766998291,0.8260416984558105,24.0,24.0,1.0,0.0
1910,0.0231,0.015708710998296738,2.8898959834603195,4.827531814575195,4.784099102020264,4.827531814575195,0.8832031488418579,32.0,32.0,4.0,0.0
1911,0.015,0.015131729654967785,1.5902123931618972,4.712873935699463,4.7289276123046875,4.712873935699463,0.86328125,24.0,24.0,4.0,0.0
1912,0.0137,0.010287364013493061,1.3200888813081846,4.830034255981445,4.8270463943481445,4.830034255981445,0.8776785731315613,21.0,21.0,4.0,0.0
1913,0.0288,0.024329014122486115,0.784997866640701,0.7985946536064148,0.8348759412765503,0.7985946536064148,0.8125,24.0,24.0,3.0,0.0
1914,0.0234,0.021416369825601578,0.6517847859215068,0.7436748743057251,0.764812707901001,0.7436748743057251,0.8203125,24.0,24.0,1.0,0.0
1915,0.037,0.03081110678613186,1.6047125918751068,0.8051990270614624,0.8272722363471985,0.8051990270614624,0.8091145753860474,24.0,24.0,1.0,0.0
1916,0.0308,0.025454901158809662,0.8015297382688592,0.7460538148880005,0.7794954776763916,0.7460538148880005,0.8135416507720947,24.0,24.0,3.0,0.0
1917,0.0174,0.01852870173752308,4.45459699953506,4.276203155517578,4.259439468383789,4.276203155517578,0.8505208492279053,24.0,24.0,4.0,0.0
1918,0.0301,0.024185005575418472,1.2476138010996543,0.7415921688079834,0.7727947235107422,0.7415921688079834,0.8207499980926514,25.0,25.0,1.0,0.0
1919,0.0176,0.013543862849473953,1.723069778493294,4.346833229064941,4.350238800048828,4.346833229064941,0.8513020873069763,24.0,24.0,4.0,0.0
1920,0.0244,0.02170548401772976,1.0695990340503596,0.7311959266662598,0.7624036073684692,0.7311959266662598,0.8215000629425049,25.0,25.0,1.0,0.0
1921,0.0146,0.013643810525536537,1.0371453122980339,4.851937294006348,4.822714805603027,4.851937294006348,0.8606771230697632,24.0,24.0,4.0,0.0
1922,0.0327,0.03262360021471977,1.0387268243437988,0.7499649524688721,0.7637964487075806,0.7499649524688721,0.8080729246139526,24.0,24.0,3.0,0.0
1923,0.033,0.03515324369072914,0.7349133381347647,0.8465027809143066,0.9231657385826111,0.8465027809143066,0.8046875,24.0,24.0,3.0,0.0
1924,0.0389,0.03671703115105629,2.130802052460532,1.4545694589614868,1.591630458831787,1.4545694589614868,0.8132812976837158,32.0,32.0,0.0,0.0
1925,0.015,0.00960996188223362,0.6542664123253533,3.887723207473755,3.928112030029297,3.887723207473755,0.8337500095367432,15.0,15.0,4.0,0.0
1926,0.0345,0.02446090430021286,2.6044020031303248,0.7117035388946533,0.7410013675689697,0.7117035388946533,0.8119791746139526,24.0,24.0,0.0,0.0
1927,0.0143,0.007849089801311493,0.8805986587429478,3.7020046710968018,3.724733829498291,3.7020046710968018,0.816964328289032,14.0,14.0,4.0,0.0
1928,0.0305,0.024960095062851906,1.4967642056661739,1.8611196279525757,1.9352697134017944,1.8611196279525757,0.83531254529953,40.0,40.0,0.0,0.0
1929,0.0564,0.08057147264480591,3.184517150981227,2.156198501586914,2.387972354888916,2.156198501586914,0.8351563215255737,64.0,64.0,2.0,0.0
1930,0.0157,0.012916907668113708,1.392505257144202,4.194762706756592,4.212368488311768,4.194762706756592,0.8596354722976685,24.0,24.0,4.0,0.0
1931,0.0351,0.031285859644412994,1.8371197605710545,0.7851575613021851,0.8189810514450073,0.7851575613021851,0.8138020634651184,24.0,24.0,1.0,0.0
1932,0.0186,0.015697259455919266,2.6432365824556308,4.252582550048828,4.215652942657471,4.252582550048828,0.8507813215255737,24.0,24.0,4.0,0.0
1933,0.0321,0.024090128019452095,1.9791918822245917,0.77797532081604,0.8027382493019104,0.77797532081604,0.8197916746139526,24.0,24.0,1.0,0.0
1934,0.0363,0.0618903785943985,2.1535734214644386,2.9556772708892822,3.1558313369750977,2.9556772708892822,0.8404297232627869,64.0,64.0,0.0,0.0
1935,0.0306,0.0250016450881958,1.375479331731844,0.6888629198074341,0.7259135842323303,0.6888629198074341,0.8122395873069763,24.0,24.0,0.0,0.0
1936,0.0299,0.036337271332740784,0.737028379100023,0.9554688334465027,1.060438632965088,0.9554688334465027,0.796875,24.0,24.0,3.0,0.0
1937,0.0152,0.014679880812764168,1.9024534220512919,5.119471549987793,5.0500335693359375,5.119471549987793,0.874218761920929,24.0,24.0,4.0,0.0
1938,0.0233,0.025717923417687416,0.6955830280478298,0.7768087387084961,0.7994883060455322,0.7768087387084961,0.8190104365348816,24.0,24.0,1.0,0.0
1939,0.0328,0.025002654641866684,1.1686802728181034,0.6796060800552368,0.7081583738327026,0.6796060800552368,0.81640625,24.0,24.0,0.0,0.0
1940,0.0167,0.023677177727222443,2.163938277286931,5.0291972160339355,4.897004127502441,5.0291972160339355,0.8816964626312256,56.0,56.0,4.0,0.0
1941,0.0161,0.017006658017635345,2.4256145421560156,5.1295552253723145,5.037267684936523,5.1295552253723145,0.8737499713897705,25.0,25.0,4.0,0.0
1942,0.0652,0.06816955655813217,4.172796295020107,2.177260637283325,2.406108856201172,2.177260637283325,0.8399413824081421,64.0,64.0,2.0,0.0
1943,0.0277,0.03241124749183655,0.7750378578696957,2.391463279724121,2.3311820030212402,2.391463279724121,0.8335937857627869,48.0,48.0,3.0,0.0
1944,0.0607,0.061850957572460175,2.722952373901969,1.9391449689865112,2.0681378841400146,1.9391449689865112,0.8506836295127869,64.0,64.0,2.0,0.0
1945,0.0175,0.012872464954853058,3.2218551838798826,4.859798431396484,4.79505729675293,4.859798431396484,0.8710938096046448,24.0,24.0,4.0,0.0
1946,0.0196,0.014835448004305363,3.3328699049341854,4.461230754852295,4.433077812194824,4.461230754852295,0.8635416626930237,24.0,24.0,4.0,0.0
1947,0.027,0.027271825820207596,0.637487991335443,0.7491381764411926,0.7698861360549927,0.7491381764411926,0.8203125,24.0,24.0,3.0,0.0
1948,0.0135,0.012333214282989502,1.851233213836094,4.640772819519043,4.585423469543457,4.640772819519043,0.8559895753860474,24.0,24.0,4.0,0.0
1949,0.0279,0.03515278920531273,0.6495110245045702,0.7454585433006287,0.786305844783783,0.7454585433006287,0.8195312023162842,24.0,24.0,3.0,0.0
1950,0.0252,0.029189396649599075,0.7417616480308393,0.6517347097396851,0.703799843788147,0.6517347097396851,0.80859375,24.0,24.0,3.0,0.0
1951,0.0201,0.013146770186722279,2.8019246441244943,3.3668432235717773,3.360240936279297,3.3668432235717773,0.8039773106575012,11.0,11.0,4.0,0.0
1952,0.0563,0.0786639153957367,3.2594373119824707,2.820693016052246,3.0920987129211426,2.820693016052246,0.8221679925918579,64.0,64.0,2.0,0.0
1953,0.0289,0.037131935358047485,0.8626929200498682,3.0091030597686768,3.003659248352051,3.0091030597686768,0.8387695550918579,64.0,64.0,3.0,0.0
1954,0.0256,0.019776884466409683,0.901337368721137,0.7816669940948486,0.8039996027946472,0.7816669940948486,0.8171875476837158,24.0,24.0,1.0,0.0
1955,0.0324,0.030301162973046303,1.8319531631452226,0.8934540152549744,0.9981157183647156,0.8934540152549744,0.8052083253860474,24.0,24.0,0.0,0.0
1956,0.0506,0.03826098144054413,2.652828309038525,2.1645865440368652,2.206789493560791,2.1645865440368652,0.8477538824081421,64.0,64.0,2.0,0.0
1957,0.0543,0.08853062987327576,3.1312899722757135,2.289414644241333,2.558518171310425,2.289414644241333,0.8182617425918579,64.0,64.0,2.0,0.0
1958,0.0299,0.027461718767881393,1.559092294278269,2.804218292236328,2.905313014984131,2.804218292236328,0.853515625,64.0,64.0,0.0,0.0
1959,0.0276,0.021124841645359993,0.8663241616881598,0.7332009077072144,0.7685770392417908,0.7332009077072144,0.8062499761581421,24.0,24.0,3.0,0.0
1960,0.03,0.0406295545399189,0.9567882024931237,2.922196388244629,2.8763108253479004,2.922196388244629,0.8412109613418579,64.0,64.0,3.0,0.0
1961,0.0319,0.022184904664754868,1.5906149577097601,0.7471339702606201,0.7769818305969238,0.7471339702606201,0.8174479007720947,24.0,24.0,1.0,0.0
1962,0.0577,0.06103642284870148,3.4343163178696234,1.957930326461792,2.0831501483917236,1.957930326461792,0.8360351920127869,64.0,64.0,2.0,0.0
1963,0.0236,0.020153850317001343,0.5125677074109467,0.7665322422981262,0.7863106727600098,0.7665322422981262,0.8106771111488342,24.0,24.0,3.0,0.0
1964,0.0313,0.04029218107461929,0.9778481046635986,0.905646800994873,1.0234920978546143,0.905646800994873,0.8059895634651184,24.0,24.0,3.0,0.0
1965,0.0185,0.01755024865269661,3.9348266595105237,4.290655136108398,4.216931343078613,4.290655136108398,0.8460937738418579,24.0,24.0,4.0,0.0
1966,0.0319,0.024661995470523834,1.138291347715693,0.7341920137405396,0.7432643175125122,0.7341920137405396,0.8174479007720947,24.0,24.0,1.0,0.0
1967,0.0249,0.028545746579766273,0.8090791199772961,0.7878522872924805,0.8222055435180664,0.7878522872924805,0.8119791746139526,24.0,24.0,1.0,0.0
1968,0.0537,0.0513499453663826,2.532585637332594,2.135892868041992,2.2333483695983887,2.135892868041992,0.846484363079071,64.0,64.0,2.0,0.0
1969,0.0285,0.030524984002113342,1.0706871492276915,1.354063630104065,1.324770212173462,1.354063630104065,0.8287109136581421,32.0,32.0,0.0,0.0
1970,0.0646,0.07631154358386993,3.532688973137261,2.531752586364746,2.6367335319519043,2.531752586364746,0.8133789300918579,64.0,64.0,2.0,0.0
1971,0.0217,0.01784917712211609,5.139486680169173,4.728782653808594,4.609312534332275,4.728782653808594,0.8643229007720947,24.0,24.0,4.0,0.0
1972,0.0534,0.0442361980676651,2.1052610687914637,1.8826539516448975,1.9140781164169312,1.8826539516448975,0.8449777364730835,56.0,56.0,2.0,0.0
1973,0.0171,0.017641447484493256,4.049744101472929,5.232226371765137,5.123991012573242,5.232226371765137,0.8742188215255737,32.0,32.0,4.0,0.0
1974,0.0277,0.035505861043930054,1.0643527330773066,0.9724202156066895,1.070723056793213,0.9724202156066895,0.8098958730697632,24.0,24.0,1.0,0.0
1975,0.0333,0.02319181151688099,1.2685394272268034,0.7113993763923645,0.7408168315887451,0.7113993763923645,0.809749960899353,25.0,25.0,0.0,0.0
1976,0.0295,0.03098680078983307,0.7929919730595155,2.7519595623016357,2.7834091186523438,2.7519595623016357,0.857421875,64.0,64.0,0.0,0.0
1977,0.0228,0.018565509468317032,5.131297728520292,4.927213668823242,4.794772624969482,4.927213668823242,0.8681640625,32.0,32.0,4.0,0.0
1978,0.0152,0.014878773130476475,3.434506021688948,4.722814083099365,4.6675496101379395,4.722814083099365,0.8646739721298218,23.0,23.0,4.0,0.0
1979,0.0161,0.015357515774667263,3.4305231023991327,4.344769477844238,4.312987327575684,4.344769477844238,0.8515625,24.0,24.0,4.0,0.0
1980,0.0167,0.01441541314125061,2.984578485649329,4.433525085449219,4.397555351257324,4.433525085449219,0.8494318723678589,22.0,22.0,4.0,0.0
1981,0.0146,0.012755150906741619,1.6745320874814573,4.741744041442871,4.723960876464844,4.741744041442871,0.859375,24.0,24.0,4.0,0.0
1982,0.0352,0.03205861896276474,1.9909920412527506,2.66744327545166,2.7920501232147217,2.66744327545166,0.8604491949081421,64.0,64.0,0.0,0.0
1983,0.036,0.03608006238937378,2.567615863747806,0.9417296648025513,1.0594568252563477,0.9417296648025513,0.8032500147819519,25.0,25.0,0.0,0.0
1984,0.0538,0.044470787048339844,2.4738144751570634,1.7512590885162354,1.8267663717269897,1.7512590885162354,0.8573242425918579,64.0,64.0,2.0,0.0
1985,0.0287,0.02129901945590973,1.3066366322963803,1.3075847625732422,1.359149694442749,1.3075847625732422,0.826953113079071,32.0,32.0,0.0,0.0
1986,0.0393,0.021847978234291077,3.327760203476917,0.7633358240127563,0.7927744388580322,0.7633358240127563,0.8208333253860474,24.0,24.0,0.0,0.0
1987,0.0447,0.03933105990290642,2.3685076100740905,2.0391876697540283,2.1300737857818604,2.0391876697540283,0.856738269329071,64.0,64.0,2.0,0.0
1988,0.0265,0.025969738140702248,0.5983959971389524,0.7630063891410828,0.796525239944458,0.7630063891410828,0.80078125,24.0,24.0,3.0,0.0
1989,0.0311,0.019063200801610947,1.1506587517651166,0.7821907997131348,0.804093599319458,0.7821907997131348,0.8153645992279053,24.0,24.0,1.0,0.0
1990,0.0465,0.05284210294485092,1.9772839544853855,1.7865813970565796,1.8810245990753174,1.7865813970565796,0.843554675579071,64.0,64.0,2.0,0.0
1991,0.034,0.03820250555872917,2.63480540511576,1.0373969078063965,1.1366305351257324,1.0373969078063965,0.8098958730697632,24.0,24.0,1.0,0.0
1992,0.014,0.010899603366851807,1.6847282234281065,4.7657270431518555,4.7579121589660645,4.7657270431518555,0.859375,24.0,24.0,4.0,0.0
1993,0.0595,0.06544096767902374,3.1428140881835134,1.8463551998138428,1.9535613059997559,1.8463551998138428,0.8482421636581421,64.0,64.0,2.0,0.0
1994,0.0522,0.05123286694288254,2.3990608533331046,1.8765335083007812,1.9905881881713867,1.8765335083007812,0.8495117425918579,64.0,64.0,2.0,0.0
1995,0.0294,0.021862223744392395,0.7157507278776403,0.6766157150268555,0.7053667306900024,0.6766157150268555,0.8148437738418579,24.0,24.0,3.0,0.0
1996,0.0273,0.027889415621757507,1.298734209892206,0.8467580080032349,0.8873374462127686,0.8467580080032349,0.8130208253860474,24.0,24.0,1.0,0.0
1997,0.031,0.02639377862215042,0.8491223812270632,0.7040846347808838,0.7416136264801025,0.7040846347808838,0.8059896230697632,24.0,24.0,3.0,0.0
1998,0.0468,0.053020305931568146,1.014465057855386,2.1697254180908203,2.261547088623047,2.1697254180908203,0.8157365918159485,56.0,56.0,2.0,0.0
1999,0.0539,0.05912760645151138,1.6688368137715683,2.1063992977142334,2.2345032691955566,2.1063992977142334,0.8362305164337158,64.0,64.0,2.0,0.0
2000,0.0119,0.010414250195026398,2.3357850192463525,5.016364574432373,4.972394943237305,5.016364574432373,0.8763021230697632,24.0,24.0,4.0,0.0
2001,0.052,0.05181417614221573,1.706255592827067,2.091176748275757,2.141857862472534,2.091176748275757,0.849804699420929,64.0,64.0,2.0,0.0
2002,0.0195,0.014024842530488968,4.240085925980857,4.403143882751465,4.346860885620117,4.403143882751465,0.8552083969116211,24.0,24.0,4.0,0.0
2003,0.0268,0.018355799838900566,0.7984484477859661,0.7618076801300049,0.7925191521644592,0.7618076801300049,0.8213541507720947,24.0,24.0,1.0,0.0
2004,0.0289,0.03129144012928009,1.1404246497376356,0.6990129947662354,0.7124918699264526,0.6990129947662354,0.8111979365348816,24.0,24.0,3.0,0.0
2005,0.0512,0.049442775547504425,2.1006743086213127,1.8162046670913696,1.9146546125411987,1.8162046670913696,0.8523437976837158,64.0,64.0,2.0,0.0
2006,0.0301,0.040110208094120026,1.3789942469856444,1.0547524690628052,1.173302412033081,1.0547524690628052,0.796093761920929,24.0,24.0,0.0,0.0
2007,0.0391,0.051529690623283386,1.8274622580442572,1.1532878875732422,1.3510332107543945,1.1532878875732422,0.792187511920929,24.0,24.0,0.0,0.0
2008,0.0525,0.08432437479496002,2.0932866537033603,2.636221408843994,2.912468194961548,2.636221408843994,0.8335937857627869,64.0,64.0,2.0,0.0
2009,0.0314,0.033162202686071396,0.7368430818330662,0.7181879281997681,0.7335813045501709,0.7181879281997681,0.8104166984558105,24.0,24.0,3.0,0.0
2010,0.0182,0.00878961756825447,3.98282426574777,3.2232046127319336,3.189378261566162,3.2232046127319336,0.8204545974731445,11.0,11.0,4.0,0.0
2011,0.0165,0.009939471259713173,3.5375047904653862,3.436002254486084,3.3873019218444824,3.436002254486084,0.8187499642372131,12.0,12.0,4.0,0.0
2012,0.0316,0.024132531136274338,1.8878041227365554,1.8979015350341797,1.8509869575500488,1.8979015350341797,0.8393750190734863,40.0,40.0,0.0,0.0
2013,0.0276,0.030382391065359116,0.8800175365875345,0.7368830442428589,0.7592519521713257,0.7368830442428589,0.8077499866485596,25.0,25.0,1.0,0.0
2014,0.029,0.021885499358177185,0.8070745059504233,0.8262779712677002,0.8429673314094543,0.8262779712677002,0.823317289352417,26.0,26.0,1.0,0.0
2015,0.0389,0.07189653813838959,2.147200194947729,2.955876350402832,3.158018112182617,2.955876350402832,0.8264772891998291,55.0,55.0,0.0,0.0
2016,0.0347,0.037919141352176666,2.072472074325188,2.4185733795166016,2.299137830734253,2.4185733795166016,0.8197916746139526,48.0,48.0,3.0,0.0
2017,0.0265,0.021037820726633072,0.7467373295736319,0.7519426345825195,0.7837604284286499,0.7519426345825195,0.8153645992279053,24.0,24.0,1.0,0.0
2018,0.02,0.019954150542616844,3.9698685569159773,4.549633979797363,4.46254825592041,4.549633979797363,0.8505434989929199,23.0,23.0,4.0,0.0
2019,0.0262,0.0229804590344429,0.6620686611663829,0.7198216915130615,0.7533499002456665,0.7198216915130615,0.8143229484558105,24.0,24.0,3.0,0.0
2020,0.02,0.01889718696475029,3.6719619577641756,4.453299045562744,4.390128135681152,4.453299045562744,0.8518229722976685,24.0,24.0,4.0,0.0
2021,0.0141,0.009393869899213314,2.1242012868499622,2.8394594192504883,2.848369598388672,2.8394594192504883,0.7828125357627869,8.0,8.0,4.0,0.0
2022,0.0299,0.04302939772605896,1.0088101805691556,0.9898795485496521,1.0907421112060547,0.9898795485496521,0.8067708015441895,24.0,24.0,1.0,0.0
2023,0.0185,0.015140234492719173,2.919266373963439,4.419956207275391,4.395336151123047,4.419956207275391,0.8424479365348816,24.0,24.0,4.0,0.0
2024,0.0505,0.07975073158740997,3.3261047505355648,2.4110641479492188,2.758000612258911,2.4110641479492188,0.8166992664337158,64.0,64.0,2.0,0.0
2025,0.0281,0.03179017826914787,0.697143181563338,0.7328148484230042,0.7615585327148438,0.7328148484230042,0.8065104484558105,24.0,24.0,3.0,0.0
2026,0.0366,0.032307498157024384,2.353174595194239,0.8171660900115967,0.8856089115142822,0.8171660900115967,0.8093750476837158,24.0,24.0,0.0,0.0
2027,0.013,0.014753999188542366,1.3033673946506736,4.963070392608643,4.95561408996582,4.963070392608643,0.8674479126930237,24.0,24.0,4.0,0.0
2028,0.0691,0.05850875377655029,6.096922040102904,2.230933666229248,2.36550235748291,2.230933666229248,0.8338867425918579,64.0,64.0,2.0,0.0
2029,0.0317,0.04008616507053375,1.7781755981316905,1.4189478158950806,1.6011699438095093,1.4189478158950806,0.8205077648162842,32.0,32.0,0.0,0.0
2030,0.0301,0.03718198090791702,1.8890750059635033,2.6720380783081055,2.8427581787109375,2.6720380783081055,0.8492187261581421,56.0,56.0,0.0,0.0
2031,0.0151,0.013693052344024181,2.025762386335147,4.205781936645508,4.16327428817749,4.205781936645508,0.8445312976837158,24.0,24.0,4.0,0.0
2032,0.0253,0.02294834330677986,0.9521293655345247,0.7362132668495178,0.7767155170440674,0.7362132668495178,0.8177083134651184,24.0,24.0,0.0,0.0
2033,0.0144,0.006216102279722691,1.884507227478979,3.3921761512756348,3.3590247631073,3.3921761512756348,0.8153409361839294,11.0,11.0,4.0,0.0
2034,0.0275,0.027946989983320236,1.0905498227937984,0.7629420757293701,0.7758094072341919,0.7629420757293701,0.8158854246139526,24.0,24.0,1.0,0.0
2035,0.0525,0.05739762634038925,2.8992432238404455,1.7126221656799316,1.7756214141845703,1.7126221656799316,0.8443359732627869,64.0,64.0,2.0,0.0
2036,0.0453,0.024447448551654816,2.3314747804569067,2.24130916595459,2.2705726623535156,2.24130916595459,0.8547852039337158,64.0,64.0,2.0,0.0
2037,0.0622,0.05611763894557953,4.192260967793017,2.0508856773376465,2.18579363822937,2.0508856773376465,0.8518555164337158,64.0,64.0,2.0,0.0
2038,0.0558,0.052076928317546844,3.824318223738296,2.025188446044922,2.1641736030578613,2.025188446044922,0.84619140625,64.0,64.0,2.0,0.0
2039,0.0287,0.021592527627944946,0.671210065844777,0.6827752590179443,0.7160570025444031,0.6827752590179443,0.8185000419616699,25.0,25.0,3.0,0.0
2040,0.03,0.023361321538686752,1.5051698288232682,0.8024663925170898,0.8336303234100342,0.8024663925170898,0.8080729246139526,24.0,24.0,1.0,0.0
2041,0.0586,0.07279761135578156,2.916439652217324,2.1781272888183594,2.3492140769958496,2.1781272888183594,0.833203136920929,64.0,64.0,2.0,0.0
2042,0.0151,0.01966535672545433,4.081488781978872,5.05640983581543,4.894962310791016,5.05640983581543,0.8707031011581421,32.0,32.0,4.0,0.0
2043,0.0281,0.026785273104906082,1.0515020251360716,0.7479885816574097,0.7668894529342651,0.7479885816574097,0.8083333373069763,24.0,24.0,3.0,0.0
2044,0.0165,0.014662304893136024,3.8084258876916217,2.110835552215576,2.089094638824463,2.110835552215576,0.7112500071525574,5.0,5.0,4.0,0.0
2045,0.0515,0.040042977780103683,1.6305160966353964,1.8841198682785034,1.9461150169372559,1.8841198682785034,0.8587890863418579,64.0,64.0,2.0,0.0
2046,0.03,0.024463258683681488,1.0262834628451485,0.8025293350219727,0.8422684073448181,0.8025293350219727,0.8192708492279053,24.0,24.0,1.0,0.0
2047,0.0299,0.03523002192378044,1.4529435508916086,2.77183198928833,2.655989170074463,2.77183198928833,0.8224330544471741,56.0,56.0,3.0,0.0
2048,0.0492,0.04463203623890877,1.0181698940172368,1.792164921760559,1.8036706447601318,1.792164921760559,0.837109386920929,64.0,64.0,2.0,0.0
2049,0.0325,0.042221616953611374,1.5433012247549787,0.9351791739463806,1.069209098815918,0.9351791739463806,0.8009999990463257,25.0,25.0,0.0,0.0
2050,0.0548,0.08024053275585175,1.7918745934402138,2.421849250793457,2.739158868789673,2.421849250793457,0.8299804925918579,64.0,64.0,2.0,0.0
2051,0.0321,0.019097667187452316,1.4603243977174656,0.7706482410430908,0.7908868789672852,0.7706482410430908,0.8078124523162842,24.0,24.0,1.0,0.0
2052,0.0196,0.016849255189299583,5.189180034156299,4.433073997497559,4.336755275726318,4.433073997497559,0.8583333492279053,24.0,24.0,4.0,0.0
2053,0.0294,0.04207855835556984,1.1317095755638458,0.9030978679656982,1.028903603553772,0.9030978679656982,0.8091145753860474,24.0,24.0,0.0,0.0
2054,0.0328,0.02924221381545067,1.7682204723451613,2.721041679382324,2.76393985748291,2.721041679382324,0.857421875,64.0,64.0,0.0,0.0
2055,0.0297,0.022318951785564423,1.197801268860281,0.7125091552734375,0.7462467551231384,0.7125091552734375,0.8187499642372131,25.0,25.0,1.0,0.0
2056,0.0167,0.014791141264140606,4.688390399712313,4.802842617034912,4.6911773681640625,4.802842617034912,0.8570313453674316,24.0,24.0,4.0,0.0
2057,0.0256,0.021877262741327286,0.8832096605450963,0.6797974109649658,0.7096906304359436,0.6797974109649658,0.8080729246139526,24.0,24.0,3.0,0.0
2058,0.0257,0.03759903460741043,0.7257912730108754,0.8845199346542358,0.8630789518356323,0.8845199346542358,0.8134615421295166,26.0,26.0,1.0,0.0
2059,0.0524,0.047131478786468506,2.026406044861296,1.5857594013214111,1.6125574111938477,1.5857594013214111,0.85791015625,64.0,64.0,2.0,0.0
2060,0.0337,0.03682170808315277,1.340914723270573,0.8453620672225952,0.8665143251419067,0.8453620672225952,0.8209134936332703,26.0,26.0,0.0,0.0
2061,0.0528,0.038089215755462646,1.5229750239807442,1.80283522605896,1.8123189210891724,1.80283522605896,0.8591797351837158,64.0,64.0,2.0,0.0
2062,0.0278,0.021509191021323204,1.0414806918268393,0.6205663084983826,0.655724287033081,0.6205663084983826,0.8143229484558105,24.0,24.0,0.0,0.0
2063,0.0538,0.04145346209406853,2.4034292058296094,2.234682083129883,2.306706428527832,2.234682083129883,0.83642578125,64.0,64.0,2.0,0.0
2064,0.0204,0.03723086044192314,5.375740168325094,5.331725597381592,5.081838607788086,5.331725597381592,0.87353515625,64.0,64.0,4.0,0.0
2065,0.0336,0.02451064996421337,1.6569183775693832,2.4934258460998535,2.5398006439208984,2.4934258460998535,0.8583705425262451,56.0,56.0,0.0,0.0
2066,0.0252,0.030287940055131912,0.7739761898489993,0.7773767113685608,0.8130609393119812,0.7773767113685608,0.8148437738418579,24.0,24.0,1.0,0.0
2067,0.027,0.021178413182497025,0.6316246918663752,0.7382219433784485,0.7635442018508911,0.7382219433784485,0.8151041865348816,24.0,24.0,3.0,0.0
2068,0.03,0.03393404558300972,0.7486100514547466,0.8287053108215332,0.9165911674499512,0.8287053108215332,0.8088542222976685,24.0,24.0,3.0,0.0
2069,0.0296,0.026033278554677963,1.338454926325601,0.7942466139793396,0.8113738298416138,0.7942466139793396,0.8065104484558105,24.0,24.0,1.0,0.0
2070,0.0303,0.02842419221997261,0.8349823193677516,0.7501260042190552,0.7717847228050232,0.7501260042190552,0.8190103769302368,24.0,24.0,1.0,0.0
2071,0.0322,0.05933099985122681,1.146646022407021,1.2192590236663818,1.428449034690857,1.2192590236663818,0.796875,24.0,24.0,0.0,0.0
2072,0.0249,0.015452076680958271,5.839369823488554,4.096982479095459,3.9929890632629395,4.096982479095459,0.8472499847412109,25.0,25.0,4.0,0.0
2073,0.0499,0.04105810821056366,2.1151179961810413,1.9973440170288086,2.035280227661133,1.9973440170288086,0.8406250476837158,64.0,64.0,2.0,0.0
2074,0.0186,0.015856649726629257,4.272073189803191,4.855820655822754,4.725683212280273,4.855820655822754,0.8500000238418579,22.0,22.0,4.0,0.0
2075,0.0335,0.03582736477255821,1.9225277459297136,1.4924838542938232,1.5846879482269287,1.4924838542938232,0.8148437738418579,32.0,32.0,0.0,0.0
2076,0.0317,0.01850896142423153,0.9959573361839777,0.6751994490623474,0.6972498297691345,0.6751994490623474,0.8101562857627869,24.0,24.0,3.0,0.0
2077,0.0314,0.03856036439538002,1.2473353850104056,0.9117372632026672,1.0275431871414185,0.9117372632026672,0.8080000281333923,25.0,25.0,0.0,0.0
2078,0.0327,0.018729276955127716,1.6247146454808028,0.6707451343536377,0.6932117938995361,0.6707451343536377,0.8042500019073486,25.0,25.0,0.0,0.0
2079,0.029,0.026090659201145172,0.8227379288474553,0.7946696281433105,0.8209327459335327,0.7946696281433105,0.8153645992279053,24.0,24.0,3.0,0.0
2080,0.0529,0.07141879200935364,3.9537768813731424,2.2101974487304688,2.4425933361053467,2.2101974487304688,0.828906238079071,64.0,64.0,2.0,0.0
2081,0.0318,0.027611825615167618,1.4960264804875372,2.771434783935547,2.90627121925354,2.771434783935547,0.8650391101837158,64.0,64.0,0.0,0.0
2082,0.0271,0.020567508414387703,0.7669031028747336,0.8207613229751587,0.8296725749969482,0.8207613229751587,0.8211538791656494,26.0,26.0,1.0,0.0
2083,0.0171,0.02507297322154045,4.2665241724212155,4.609747886657715,4.439243316650391,4.609747886657715,0.86328125,32.0,32.0,4.0,0.0
2084,0.028,0.027651522308588028,0.6540872859990551,0.7809156179428101,0.8083666563034058,0.7809156179428101,0.821093738079071,24.0,24.0,3.0,0.0
2085,0.0246,0.023796305060386658,0.832768964232325,0.8092797994613647,0.8370763063430786,0.8092797994613647,0.8218749761581421,24.0,24.0,1.0,0.0
2086,0.052,0.05254426598548889,2.727228517626446,1.7284784317016602,1.9095172882080078,1.7284784317016602,0.8304687738418579,48.0,48.0,2.0,0.0
2087,0.051,0.06254681944847107,2.972766835832466,2.3971009254455566,2.5840845108032227,2.3971009254455566,0.8347656726837158,64.0,64.0,2.0,0.0
2088,0.0183,0.021900327876210213,4.314229521580747,4.944896221160889,4.810306549072266,4.944896221160889,0.8596875071525574,40.0,40.0,4.0,0.0
2089,0.0583,0.054534684866666794,3.567447497954747,2.053964614868164,2.101335287094116,2.053964614868164,0.8340820074081421,64.0,64.0,2.0,0.0
2090,0.0249,0.02853711135685444,0.7338189970234787,2.8124163150787354,2.8985931873321533,2.8124163150787354,0.8680664300918579,64.0,64.0,0.0,0.0
2091,0.0286,0.025258902460336685,0.8798061012889528,0.723041296005249,0.7565041780471802,0.723041296005249,0.812749981880188,25.0,25.0,0.0,0.0
2092,0.0149,0.009921090677380562,4.338968604346425,3.6695351600646973,3.5888609886169434,3.6695351600646973,0.8210227489471436,11.0,11.0,4.0,0.0
2093,0.021,0.016824834048748016,5.585603910201609,4.74761962890625,4.658479690551758,4.74761962890625,0.87890625,24.0,24.0,4.0,0.0
2094,0.0284,0.03339974954724312,1.3514519309009911,0.8699781894683838,0.9271548390388489,0.8699781894683838,0.8052083253860474,24.0,24.0,0.0,0.0
2095,0.027,0.02974718064069748,0.966232591465002,1.6875848770141602,1.887852668762207,1.6875848770141602,0.8285937309265137,40.0,40.0,1.0,0.0
2096,0.0326,0.021968377754092216,0.8529716392112248,0.7223466634750366,0.7549809813499451,0.7223466634750366,0.8067708015441895,24.0,24.0,3.0,0.0
2097,0.0252,0.032004766166210175,0.6552559211559584,0.7612990140914917,0.8075954914093018,0.7612990140914917,0.8134999871253967,25.0,25.0,1.0,0.0
2098,0.0301,0.026959305629134178,1.3333880547657722,1.3120388984680176,1.3544260263442993,1.3120388984680176,0.828320324420929,32.0,32.0,1.0,0.0
2099,0.0156,0.01686873659491539,3.5023209413080383,4.0519938468933105,3.974977970123291,4.0519938468933105,0.8549479246139526,24.0,24.0,4.0,0.0
2100,0.017,0.017284972593188286,3.5618580178595396,4.1744704246521,4.090809345245361,4.1744704246521,0.8453125357627869,24.0,24.0,4.0,0.0
2101,0.0262,0.02041447162628174,1.050485062958198,0.8021161556243896,0.8319656848907471,0.8021161556243896,0.8197916746139526,24.0,24.0,1.0,0.0
2102,0.0163,0.011980895884335041,3.34204212104352,4.951319217681885,4.8811445236206055,4.951319217681885,0.8695312738418579,24.0,24.0,4.0,0.0
2103,0.0283,0.02711739018559456,0.6242982733546779,0.7207627892494202,0.7611720561981201,0.7207627892494202,0.8036458492279053,24.0,24.0,3.0,0.0
2104,0.0542,0.042200684547424316,3.2268709761074565,1.8116521835327148,1.9128531217575073,1.8116521835327148,0.8556640148162842,64.0,64.0,2.0,0.0
2105,0.0254,0.04697331786155701,0.9515625434260415,2.3814167976379395,2.620549201965332,2.3814167976379395,0.8291294574737549,56.0,56.0,1.0,0.0
2106,0.0539,0.05135100334882736,2.8033232456696107,2.0371341705322266,2.13034725189209,2.0371341705322266,0.8511718511581421,64.0,64.0,2.0,0.0
2107,0.0549,0.06577429175376892,3.39043716003869,2.2104239463806152,2.414416790008545,2.2104239463806152,0.84326171875,64.0,64.0,2.0,0.0
2108,0.0343,0.019728606566786766,1.9711631379772598,0.7149659395217896,0.7331459522247314,0.7149659395217896,0.8018229007720947,24.0,24.0,0.0,0.0
2109,0.0354,0.048360638320446014,2.1063863625259476,1.23102867603302,1.3976424932479858,1.23102867603302,0.7997395992279053,24.0,24.0,0.0,0.0
2110,0.017,0.031126750633120537,3.5374860803803676,5.282876014709473,5.113514423370361,5.282876014709473,0.880859375,64.0,64.0,4.0,0.0
2111,0.015,0.016836848109960556,2.497043984937765,4.683493614196777,4.637602806091309,4.683493614196777,0.8697916865348816,24.0,24.0,4.0,0.0
2112,0.0134,0.008166724815964699,2.5753722898704186,2.6603596210479736,2.650636672973633,2.6603596210479736,0.7742187976837158,8.0,8.0,4.0,0.0
2113,0.0512,0.03942481428384781,2.8906600829650695,2.09587025642395,2.153522491455078,2.09587025642395,0.8547852039337158,64.0,64.0,2.0,0.0
2114,0.0354,0.025519337505102158,2.0712915605995863,0.7982630729675293,0.8264452219009399,0.7982630729675293,0.8020000457763672,25.0,25.0,0.0,0.0
2115,0.0285,0.025895651429891586,0.8718775322989853,0.7235456705093384,0.7521049976348877,0.7235456705093384,0.812000036239624,25.0,25.0,3.0,0.0
2116,0.0135,0.01104111410677433,2.111751769277431,3.801410675048828,3.774545192718506,3.801410675048828,0.8225000500679016,10.0,10.0,4.0,0.0
2117,0.0137,0.01243472471833229,2.559349051077943,4.823208808898926,4.755173683166504,4.823208808898926,0.8669271469116211,24.0,24.0,4.0,0.0
2118,0.0324,0.02450490929186344,1.5693962605728582,2.7477505207061768,2.8071296215057373,2.7477505207061768,0.859082043170929,64.0,64.0,0.0,0.0
2119,0.0287,0.024792585521936417,0.6850317886423232,0.7364048957824707,0.7597451210021973,0.7364048957824707,0.8107500076293945,25.0,25.0,3.0,0.0
2120,0.0186,0.014270213432610035,3.0065104904835254,4.304445743560791,4.29757833480835,4.304445743560791,0.8645833730697632,24.0,24.0,4.0,0.0
2121,0.0235,0.02715601958334446,4.33686690234347,4.925724029541016,4.775420188903809,4.925724029541016,0.8612500429153442,40.0,40.0,4.0,0.0
2122,0.0296,0.04380892962217331,1.0785376688207478,0.9335626363754272,1.0834312438964844,0.9335626363754272,0.80078125,24.0,24.0,1.0,0.0
2123,0.0422,0.0432581827044487,0.9368812667583694,1.8764152526855469,1.919297695159912,1.8764152526855469,0.851269543170929,64.0,64.0,2.0,0.0
2124,0.0191,0.01015829760581255,3.113199699002529,4.408155918121338,4.367336273193359,4.408155918121338,0.8529412150382996,17.0,17.0,4.0,0.0
2125,0.0285,0.02160210907459259,0.8438618199179931,0.7899269461631775,0.8115249872207642,0.7899269461631775,0.8199999928474426,25.0,25.0,1.0,0.0
2126,0.0275,0.03078019805252552,0.8977838780930862,0.781587541103363,0.8112089037895203,0.781587541103363,0.809374988079071,24.0,24.0,3.0,0.0
2127,0.0242,0.03386886417865753,0.7657133768414676,0.8035497665405273,0.8328225016593933,0.8035497665405273,0.8127604126930237,24.0,24.0,1.0,0.0
2128,0.0273,0.024762466549873352,1.0569682065096855,2.25399112701416,2.309760570526123,2.25399112701416,0.8511718511581421,48.0,48.0,0.0,0.0
2129,0.0545,0.05619324743747711,3.0351127747295763,2.3802990913391113,2.4972987174987793,2.3802990913391113,0.8226562738418579,64.0,64.0,2.0,0.0
2130,0.0322,0.025848334655165672,0.8919344359448295,0.789614200592041,0.8138933777809143,0.789614200592041,0.8075520992279053,24.0,24.0,3.0,0.0
2131,0.0136,0.02160057984292507,1.1378443980048416,4.679756164550781,4.678159713745117,4.679756164550781,0.864062488079071,24.0,24.0,4.0,0.0
2132,0.0513,0.038049500435590744,2.740139922085562,2.176197052001953,2.1979780197143555,2.176197052001953,0.83642578125,64.0,64.0,2.0,0.0
2133,0.0331,0.06803587079048157,2.0646020208421616,1.139402151107788,1.3840140104293823,1.139402151107788,0.7982500195503235,25.0,25.0,0.0,0.0
2134,0.0129,0.015567244961857796,0.9978872421918604,4.378442764282227,4.360118389129639,4.378442764282227,0.85546875,32.0,32.0,4.0,0.0
2135,0.0283,0.042987216264009476,1.0327444944090827,2.3444974422454834,2.5441431999206543,2.3444974422454834,0.8263392448425293,56.0,56.0,1.0,0.0
2136,0.0601,0.03920648619532585,4.197115519742648,1.8485448360443115,1.9093194007873535,1.8485448360443115,0.8599609136581421,64.0,64.0,2.0,0.0
2137,0.0567,0.04719176143407822,4.118999965844491,2.3221282958984375,2.4325790405273438,2.3221282958984375,0.848339855670929,64.0,64.0,2.0,0.0
2138,0.0136,0.014753674156963825,1.3850576685840474,4.767970085144043,4.702014446258545,4.767970085144043,0.8571428656578064,28.0,28.0,4.0,0.0
2139,0.0318,0.0260549858212471,1.3820210175829135,2.191521406173706,2.2512598037719727,2.191521406173706,0.8451822996139526,48.0,48.0,0.0,0.0
2140,0.0353,0.034494370222091675,1.5349129370055088,0.8397064208984375,0.919727087020874,0.8397064208984375,0.8091145753860474,24.0,24.0,0.0,0.0
2141,0.0145,0.01496150903403759,2.489858837688168,4.289587020874023,4.281233787536621,4.289587020874023,0.8559895753860474,24.0,24.0,4.0,0.0
2142,0.0281,0.029218168929219246,1.0848763164750919,0.7150710821151733,0.748710036277771,0.7150710821151733,0.8067708611488342,24.0,24.0,3.0,0.0
2143,0.0274,0.023319793865084648,0.6120962067226793,0.7267126441001892,0.7448377013206482,0.7267126441001892,0.8044270873069763,24.0,24.0,3.0,0.0
2144,0.0301,0.03302502632141113,1.0383297716612285,1.0076144933700562,1.0609409809112549,1.0076144933700562,0.8078124523162842,24.0,24.0,3.0,0.0
2145,0.0148,0.011518262326717377,3.1086532418636867,4.8969597816467285,4.83479118347168,4.8969597816467285,0.8721354603767395,24.0,24.0,4.0,0.0
2146,0.0282,0.035833485424518585,0.71001252011969,2.982009172439575,2.937337875366211,2.982009172439575,0.8384765386581421,64.0,64.0,3.0,0.0
2147,0.0148,0.010139647871255875,2.578502079350737,3.1094906330108643,3.1014151573181152,3.1094906330108643,0.793749988079071,9.0,9.0,4.0,0.0
2148,0.0453,0.04067463427782059,1.464224217584168,2.1048855781555176,2.1554412841796875,2.1048855781555176,0.8333008289337158,64.0,64.0,2.0,0.0
2149,0.028,0.04799461364746094,1.186796428355029,2.3664474487304688,2.561075210571289,2.3664474487304688,0.8313615918159485,56.0,56.0,1.0,0.0
2150,0.0186,0.013929571025073528,2.9690744876100092,4.634970188140869,4.595007419586182,4.634970188140869,0.8695312738418579,24.0,24.0,4.0,0.0
2151,0.0154,0.018311116844415665,2.702152705224196,4.294036865234375,4.2506561279296875,4.294036865234375,0.8546875715255737,24.0,24.0,4.0,0.0
2152,0.0205,0.017209723591804504,3.5070878061943795,4.882343292236328,4.854727745056152,4.882343292236328,0.8708333373069763,24.0,24.0,4.0,0.0
2153,0.0128,0.00762184290215373,1.3665488089372673,2.9270918369293213,2.93241024017334,2.9270918369293213,0.7944444417953491,9.0,9.0,4.0,0.0
2154,0.0325,0.029340995475649834,0.8536309891740439,0.732271134853363,0.7597577571868896,0.732271134853363,0.8127604126930237,24.0,24.0,3.0,0.0
2155,0.0165,0.01792052388191223,2.6646933443990894,5.15643835067749,5.123825550079346,5.15643835067749,0.8792968988418579,48.0,48.0,4.0,0.0
2156,0.015,0.011869518086314201,1.5972104116008188,5.024174690246582,5.025504112243652,5.024174690246582,0.867968738079071,24.0,24.0,4.0,0.0
2157,0.0124,0.01335158757865429,1.3303654087072567,4.398980140686035,4.367931365966797,4.398980140686035,0.8575520515441895,24.0,24.0,4.0,0.0
2158,0.0118,0.010844378732144833,0.7619382806451772,5.1325531005859375,5.113698959350586,5.1325531005859375,0.874218761920929,24.0,24.0,4.0,0.0
2159,0.0284,0.03442338481545448,0.9065375064947855,3.0463809967041016,3.04359769821167,3.0463809967041016,0.8515625,64.0,64.0,3.0,0.0
2160,0.0252,0.021473761647939682,1.072271760402526,0.7425687909126282,0.7720472812652588,0.7425687909126282,0.8122395277023315,24.0,24.0,1.0,0.0
2161,0.0331,0.03772563487291336,2.139614263191679,1.4932583570480347,1.611872673034668,1.4932583570480347,0.8177734613418579,32.0,32.0,0.0,0.0
2162,0.0337,0.030572211369872093,0.9869709918636425,2.976607322692871,3.089670181274414,2.976607322692871,0.8516601920127869,64.0,64.0,3.0,0.0
2163,0.0194,0.02342582494020462,1.3953754519980697,3.6562719345092773,3.6597676277160645,3.6562719345092773,0.8385416865348816,24.0,24.0,4.0,0.0
2164,0.03,0.025705724954605103,1.6137599278115733,0.729494571685791,0.75831139087677,0.729494571685791,0.8030000329017639,25.0,25.0,0.0,0.0
2165,0.0306,0.029075272381305695,2.2204570809826065,0.9262043237686157,0.9830119609832764,0.9262043237686157,0.8112500309944153,25.0,25.0,0.0,0.0
2166,0.0294,0.024644721299409866,1.2842377478245708,0.7893697023391724,0.8215861320495605,0.7893697023391724,0.8145833015441895,24.0,24.0,1.0,0.0
2167,0.015,0.007369843311607838,1.0938914839441312,2.3092024326324463,2.326265335083008,2.3092024326324463,0.7625000476837158,9.0,9.0,4.0,0.0
2168,0.0296,0.02372426725924015,0.680180229666029,0.723268985748291,0.7572555541992188,0.723268985748291,0.8106771111488342,24.0,24.0,3.0,0.0
2169,0.0288,0.025219179689884186,1.1499271864000276,0.7362309694290161,0.7544757127761841,0.7362309694290161,0.8174479007720947,24.0,24.0,1.0,0.0
2170,0.0317,0.02540772408246994,1.6994634001695474,0.7446345090866089,0.777172327041626,0.7446345090866089,0.817187488079071,24.0,24.0,1.0,0.0
2171,0.0285,0.027472997084259987,0.856396088938145,1.5077636241912842,1.490790605545044,1.5077636241912842,0.830273449420929,32.0,32.0,3.0,0.0
2172,0.0174,0.016580210998654366,1.5358178006563685,4.315750598907471,4.346631050109863,4.315750598907471,0.8565104603767395,24.0,24.0,4.0,0.0
2173,0.0409,0.054387662559747696,2.5771946247931727,0.9132168292999268,1.061511754989624,0.9132168292999268,0.8062499761581421,24.0,24.0,0.0,0.0
2174,0.013,0.023827817291021347,0.9477665976473082,5.237475395202637,5.140270233154297,5.237475395202637,0.886914074420929,64.0,64.0,4.0,0.0
2175,0.0332,0.026013603433966637,1.5940707539271763,0.7086097002029419,0.7373715043067932,0.7086097002029419,0.8192500472068787,25.0,25.0,1.0,0.0
2176,0.0338,0.06456397473812103,1.878587528276867,1.0928711891174316,1.3420968055725098,1.0928711891174316,0.7930000424385071,25.0,25.0,0.0,0.0
2177,0.0274,0.019493160769343376,0.5915453793082928,0.7384519577026367,0.7670248746871948,0.7384519577026367,0.8083333969116211,24.0,24.0,3.0,0.0
2178,0.014,0.011683596298098564,1.2361860276129273,5.143032073974609,5.129025936126709,5.143032073974609,0.8809782862663269,23.0,23.0,4.0,0.0
2179,0.0133,0.014257563278079033,0.9819873324425636,2.7636797428131104,2.7994022369384766,2.7636797428131104,0.7805555462837219,9.0,9.0,4.0,0.0
2180,0.0312,0.024792347103357315,2.2025314418808555,0.6802453994750977,0.7210889458656311,0.6802453994750977,0.815500020980835,25.0,25.0,0.0,0.0
2181,0.027,0.022307561710476875,1.0018434168660735,0.7423171997070312,0.7883361577987671,0.7423171997070312,0.8135416507720947,24.0,24.0,1.0,0.0
2182,0.032,0.0385981947183609,1.624071391643629,0.8709031343460083,0.991459310054779,0.8709031343460083,0.7987500429153442,25.0,25.0,0.0,0.0
2183,0.03,0.019740542396903038,0.7191568222273633,0.7440885901451111,0.7727967500686646,0.7440885901451111,0.8138020634651184,24.0,24.0,3.0,0.0
2184,0.059,0.043813660740852356,3.3193094605854445,1.8355432748794556,1.865374207496643,1.8355432748794556,0.8482422232627869,64.0,64.0,2.0,0.0
2185,0.014,0.011028646491467953,1.4681367062852293,4.291176795959473,4.27064323425293,4.291176795959473,0.8528409004211426,22.0,22.0,4.0,0.0
2186,0.0554,0.052991945296525955,3.2177256820550117,1.9320507049560547,1.9994924068450928,1.9320507049560547,0.8420898914337158,64.0,64.0,2.0,0.0
2187,0.0287,0.026530489325523376,0.6400716109590605,0.7157037258148193,0.7499773502349854,0.7157037258148193,0.8138021230697632,24.0,24.0,3.0,0.0
2188,0.0175,0.019358720630407333,1.6502219971366119,4.268475532531738,4.226761817932129,4.268475532531738,0.846250057220459,25.0,25.0,4.0,0.0
2189,0.0528,0.04532430320978165,2.932295295311984,1.8694617748260498,1.9117190837860107,1.8694617748260498,0.8441406488418579,64.0,64.0,2.0,0.0
2190,0.0255,0.02569195255637169,1.1206251067845283,0.7832207083702087,0.7887653708457947,0.7832207083702087,0.8190104365348816,24.0,24.0,1.0,0.0
2191,0.0548,0.04469479247927666,3.881278735334719,2.2403643131256104,2.3826217651367188,2.2403643131256104,0.84521484375,64.0,64.0,2.0,0.0
2192,0.05,0.05146142467856407,2.6298284712901085,1.8283586502075195,1.905160903930664,1.8283586502075195,0.83349609375,64.0,64.0,2.0,0.0
2193,0.0309,0.02171606756746769,0.9461767634993027,0.7423849105834961,0.76615309715271,0.7423849105834961,0.8122395873069763,24.0,24.0,3.0,0.0
2194,0.0237,0.024393334984779358,0.6671042282132992,0.7611864805221558,0.7754356861114502,0.7611864805221558,0.821093738079071,24.0,24.0,1.0,0.0
2195,0.0248,0.0200904980301857,0.9908868968795237,0.7982872724533081,0.8230528235435486,0.7982872724533081,0.8101562261581421,24.0,24.0,1.0,0.0
2196,0.0578,0.06765246391296387,3.049735693751995,2.436461925506592,2.622450351715088,2.436461925506592,0.8182617425918579,64.0,64.0,2.0,0.0
2197,0.016,0.013152753002941608,2.479213153346309,3.880167245864868,3.8433728218078613,3.880167245864868,0.8203125,12.0,12.0,4.0,0.0
2198,0.0362,0.018720120191574097,2.016750378984931,0.7083998918533325,0.7406347990036011,0.7083998918533325,0.8107500076293945,25.0,25.0,0.0,0.0
2199,0.0286,0.02015654183924198,0.7462246374020137,0.7454953193664551,0.7578415870666504,0.7454953193664551,0.8119791746139526,24.0,24.0,3.0,0.0
2200,0.0131,0.014285469427704811,2.8929657871658274,4.794238090515137,4.694685459136963,4.794238090515137,0.8666666746139526,24.0,24.0,4.0,0.0
2201,0.016,0.014917552471160889,3.235998977079544,4.468032360076904,4.39814567565918,4.468032360076904,0.8585938215255737,24.0,24.0,4.0,0.0
2202,0.0399,0.01989815942943096,2.3184600527996424,0.7931089401245117,0.8216487169265747,0.7931089401245117,0.8111978769302368,24.0,24.0,1.0,0.0
2203,0.0161,0.010496912524104118,3.3429780110095546,4.78593635559082,4.706376075744629,4.78593635559082,0.866406261920929,24.0,24.0,4.0,0.0
2204,0.0174,0.011871559545397758,3.8103017069302454,4.6939592361450195,4.655915260314941,4.6939592361450195,0.8653646111488342,24.0,24.0,4.0,0.0
2205,0.0389,0.030143853276968002,2.927122829806541,0.867900550365448,0.9415318965911865,0.867900550365448,0.8109374642372131,24.0,24.0,1.0,0.0
2206,0.0168,0.012307987548410892,3.437827647813162,4.553519248962402,4.4978437423706055,4.553519248962402,0.8609375357627869,24.0,24.0,4.0,0.0
2207,0.025,0.024434847757220268,0.5839896540108732,0.679387092590332,0.7075098156929016,0.679387092590332,0.8148437738418579,24.0,24.0,3.0,0.0
2208,0.0255,0.027761761099100113,0.5615997585533328,0.7408435344696045,0.7580997347831726,0.7408435344696045,0.8115000128746033,25.0,25.0,3.0,0.0
2209,0.0347,0.03763361647725105,2.253858067199087,1.0436809062957764,1.1666810512542725,1.0436809062957764,0.7994791269302368,24.0,24.0,0.0,0.0
2210,0.0365,0.025354627519845963,1.2101469863828456,0.7042465806007385,0.7232270836830139,0.7042465806007385,0.8102500438690186,25.0,25.0,0.0,0.0
2211,0.0207,0.01318018976598978,3.1310421798271024,4.373429298400879,4.312908172607422,4.373429298400879,0.8481250405311584,20.0,20.0,4.0,0.0
2212,0.0522,0.04401758313179016,2.5959383216889647,1.9585587978363037,2.01560640335083,1.9585587978363037,0.85009765625,64.0,64.0,2.0,0.0
2213,0.0269,0.024965884163975716,0.9386052262176281,0.7113623023033142,0.7269363403320312,0.7113623023033142,0.8273438215255737,24.0,24.0,1.0,0.0
2214,0.0178,0.011603265069425106,3.376076739654072,4.18684196472168,4.147686958312988,4.18684196472168,0.855113685131073,22.0,22.0,4.0,0.0
2215,0.0566,0.06249019131064415,3.299895335496027,2.4686119556427,2.6860036849975586,2.4686119556427,0.8356446027755737,64.0,64.0,2.0,0.0
2216,0.0244,0.019378770142793655,0.8607201589478807,0.823369026184082,0.8565362691879272,0.823369026184082,0.8174999952316284,25.0,25.0,1.0,0.0
2217,0.015,0.012696400284767151,2.0686712063243067,4.975297927856445,4.953947067260742,4.975297927856445,0.8687500357627869,24.0,24.0,4.0,0.0
2218,0.0261,0.018399175256490707,0.8966265911223451,0.753508448600769,0.7828322649002075,0.753508448600769,0.8212500214576721,25.0,25.0,1.0,0.0
2219,0.0338,0.046084970235824585,1.8277683433097562,1.702775001525879,1.8676605224609375,1.702775001525879,0.8068360090255737,32.0,32.0,0.0,0.0
2220,0.023,0.011496685445308685,3.301844498726108,4.9863057136535645,4.925203323364258,4.9863057136535645,0.88671875,32.0,32.0,4.0,0.0
2221,0.0237,0.024447424337267876,0.7965769680640817,0.819818377494812,0.8373777270317078,0.819818377494812,0.8122395277023315,24.0,24.0,1.0,0.0
2222,0.014,0.016992397606372833,2.188869400113492,4.521218299865723,4.456319808959961,4.521218299865723,0.8596982955932617,29.0,29.0,4.0,0.0
2223,0.0353,0.046373359858989716,1.2681154759899458,0.982272744178772,1.0982682704925537,0.982272744178772,0.8119791746139526,24.0,24.0,3.0,0.0
2224,0.0127,0.011096082627773285,1.82702559433475,5.176772117614746,5.133343696594238,5.176772117614746,0.8876953721046448,32.0,32.0,4.0,0.0
2225,0.029,0.0201353020966053,1.0146882331975107,0.7387226223945618,0.7639831304550171,0.7387226223945618,0.809374988079071,24.0,24.0,3.0,0.0
2226,0.0349,0.02440272644162178,1.4717923827424162,1.2896621227264404,1.3104310035705566,1.2896621227264404,0.8294922113418579,32.0,32.0,0.0,0.0
2227,0.0281,0.021283989772200584,0.6562450962280991,0.7051504254341125,0.7328461408615112,0.7051504254341125,0.8088541626930237,24.0,24.0,3.0,0.0
2228,0.0279,0.025416070595383644,1.0273674374391355,0.7825195789337158,0.8095597624778748,0.7825195789337158,0.8192708492279053,24.0,24.0,1.0,0.0
2229,0.0345,0.026102237403392792,1.7991851728271773,0.6879640221595764,0.716985821723938,0.6879640221595764,0.8090000152587891,25.0,25.0,0.0,0.0
2230,0.0282,0.04604564607143402,1.418539369213439,2.620857000350952,2.8145008087158203,2.620857000350952,0.8241211175918579,64.0,64.0,1.0,0.0
2231,0.0179,0.013073381036520004,2.099416333422857,4.487078666687012,4.447414398193359,4.487078666687012,0.8518229126930237,24.0,24.0,4.0,0.0
2232,0.0281,0.025044135749340057,0.6307354035780893,0.6730964183807373,0.696016788482666,0.6730964183807373,0.8059896230697632,24.0,24.0,3.0,0.0
2233,0.0241,0.022046804428100586,1.0165823645391499,0.7582416534423828,0.7856948971748352,0.7582416534423828,0.8143229484558105,24.0,24.0,1.0,0.0
2234,0.027,0.027618519961833954,0.9064270930381138,0.7222225666046143,0.7599781155586243,0.7222225666046143,0.8174479007720947,24.0,24.0,0.0,0.0
2235,0.0193,0.022528281435370445,2.803247650437483,5.4528961181640625,5.378104209899902,5.4528961181640625,0.8948242664337158,64.0,64.0,4.0,0.0
2236,0.034,0.028370551764965057,1.9133996776017648,0.7229006290435791,0.7507068514823914,0.7229006290435791,0.8205000162124634,25.0,25.0,0.0,0.0
2237,0.0351,0.026917360723018646,2.296370168181247,2.740117073059082,2.8510212898254395,2.740117073059082,0.8631836175918579,64.0,64.0,0.0,0.0
2238,0.0164,0.019892102107405663,1.8423255523464477,4.749419689178467,4.665110111236572,4.749419689178467,0.8601562976837158,32.0,32.0,4.0,0.0
2239,0.0262,0.022450990974903107,1.113726830930114,0.7795692682266235,0.7974894046783447,0.7795692682266235,0.8210937976837158,24.0,24.0,1.0,0.0
2240,0.0252,0.028293143957853317,0.6174744642059311,0.7241343259811401,0.7516758441925049,0.7241343259811401,0.8041666746139526,24.0,24.0,3.0,0.0
2241,0.0277,0.022832438349723816,0.6299573338878882,0.7442777752876282,0.7743518352508545,0.7442777752876282,0.8148437738418579,24.0,24.0,3.0,0.0
2242,0.0154,0.012921619229018688,1.7601379960802253,4.946479797363281,4.912032127380371,4.946479797363281,0.8791667222976685,24.0,24.0,4.0,0.0
2243,0.0305,0.019168956205248833,1.4587376238182685,0.7973760366439819,0.8133196830749512,0.7973760366439819,0.8109375238418579,24.0,24.0,1.0,0.0
2244,0.0594,0.060749318450689316,4.103125799041669,1.7920788526535034,1.9330699443817139,1.7920788526535034,0.850878894329071,64.0,64.0,2.0,0.0
2245,0.0144,0.010465442202985287,1.7637137206641045,4.772601127624512,4.721515655517578,4.772601127624512,0.8625000715255737,24.0,24.0,4.0,0.0
2246,0.0249,0.0179334357380867,0.7647205570473895,0.7360727787017822,0.7594116926193237,0.7360727787017822,0.824999988079071,24.0,24.0,1.0,0.0
2247,0.0305,0.029724612832069397,1.3613930389782318,2.5830888748168945,2.588158369064331,2.5830888748168945,0.856738269329071,64.0,64.0,0.0,0.0
2248,0.0157,0.012459678575396538,1.669972351852597,4.4137349128723145,4.386861801147461,4.4137349128723145,0.8473958969116211,24.0,24.0,4.0,0.0
2249,0.0293,0.03211556002497673,1.72370922350588,0.832963228225708,0.8683104515075684,0.832963228225708,0.8208333253860474,24.0,24.0,1.0,0.0
2250,0.0204,0.022990461438894272,2.4020574199671128,2.9145736694335938,2.909010410308838,2.9145736694335938,0.8056818246841431,11.0,11.0,4.0,0.0
2251,0.014,0.009362801909446716,1.7610954420458023,3.4807796478271484,3.4983866214752197,3.4807796478271484,0.8323863744735718,11.0,11.0,4.0,0.0
2252,0.0287,0.02441371977329254,0.9775942569816256,0.7775008678436279,0.8132703900337219,0.7775008678436279,0.8119791746139526,24.0,24.0,1.0,0.0
2253,0.0278,0.029926367104053497,1.0809747521162263,0.8838412165641785,0.9328180551528931,0.8838412165641785,0.815625011920929,24.0,24.0,1.0,0.0
2254,0.0162,0.023454826325178146,1.6823540970932302,5.025546550750732,4.9574127197265625,5.025546550750732,0.8767856955528259,56.0,56.0,4.0,0.0
2255,0.0313,0.04529703035950661,0.9482002520339716,0.9262602925300598,1.0713539123535156,0.9262602925300598,0.8026041984558105,24.0,24.0,3.0,0.0
2256,0.0175,0.014552208594977856,1.8990381645552799,4.756022930145264,4.695987224578857,4.756022930145264,0.852173924446106,23.0,23.0,4.0,0.0
2257,0.0128,0.013376773335039616,1.0187248392817703,4.456109523773193,4.469134330749512,4.456109523773193,0.8596354722976685,24.0,24.0,4.0,0.0
2258,0.0188,0.027571901679039,1.9714988722001898,4.859902381896973,4.726819038391113,4.859902381896973,0.862500011920929,40.0,40.0,4.0,0.0
2259,0.0148,0.010718824341893196,1.9030109257730285,5.097309112548828,5.096921443939209,5.097309112548828,0.8822916746139526,24.0,24.0,4.0,0.0
2260,0.0518,0.07646249234676361,2.6521299387792636,2.342345714569092,2.5310702323913574,2.342345714569092,0.83203125,64.0,64.0,2.0,0.0
2261,0.0233,0.023633647710084915,0.5589760057181037,0.8048443794250488,0.8487699031829834,0.8048443794250488,0.8153645992279053,24.0,24.0,1.0,0.0
2262,0.0321,0.033830877393484116,1.3188329229178182,0.7325902581214905,0.7575002312660217,0.7325902581214905,0.8031250238418579,24.0,24.0,0.0,0.0
2263,0.031,0.03460560739040375,1.1235359940249416,1.798466444015503,1.8592051267623901,1.798466444015503,0.8425000309944153,40.0,40.0,0.0,0.0
2264,0.0409,0.056854069232940674,2.1436336003731635,1.0138276815414429,1.124511480331421,1.0138276815414429,0.8012500405311584,25.0,25.0,0.0,0.0
2265,0.0147,0.013071175664663315,1.2494731120730362,4.302272796630859,4.2923994064331055,4.302272796630859,0.8520833849906921,24.0,24.0,4.0,0.0
2266,0.0279,0.017076291143894196,1.0345551857560176,0.7113409042358398,0.728973388671875,0.7113409042358398,0.8143229484558105,24.0,24.0,1.0,0.0
2267,0.0301,0.027364904060959816,0.9493111869279249,0.8043683171272278,0.8367812633514404,0.8043683171272278,0.819531261920929,24.0,24.0,1.0,0.0
2268,0.014,0.025095216929912567,0.7586545543301673,4.522595405578613,4.489625453948975,4.522595405578613,0.8581522107124329,23.0,23.0,4.0,0.0
2269,0.0597,0.04901611804962158,3.6180475205237728,2.2516837120056152,2.3138184547424316,2.2516837120056152,0.8231445550918579,64.0,64.0,2.0,0.0
2270,0.0143,0.015581968240439892,1.3221289772801599,4.320949077606201,4.316091060638428,4.320949077606201,0.850781261920929,24.0,24.0,4.0,0.0
2271,0.0387,0.026637569069862366,1.7761570189772562,1.284749150276184,1.3323516845703125,1.284749150276184,0.826367199420929,32.0,32.0,0.0,0.0
2272,0.0297,0.022900940850377083,1.1398391583214065,0.8033967614173889,0.8175169229507446,0.8033967614173889,0.814182698726654,26.0,26.0,1.0,0.0
2273,0.012,0.007943501695990562,1.0382184235548295,3.118472099304199,3.1363205909729004,3.118472099304199,0.7958333492279053,9.0,9.0,4.0,0.0
2274,0.0347,0.03661330044269562,1.984131351799991,0.9382321238517761,1.0450396537780762,0.9382321238517761,0.7977499961853027,25.0,25.0,0.0,0.0
2275,0.0307,0.023850716650485992,1.2742281782204579,0.710903525352478,0.7400109767913818,0.710903525352478,0.811718761920929,24.0,24.0,1.0,0.0
2276,0.0143,0.010698232799768448,1.489268655268809,4.139723777770996,4.102956771850586,4.139723777770996,0.8507812023162842,24.0,24.0,4.0,0.0
2277,0.0313,0.0417504608631134,1.4595363544308586,0.9332834482192993,1.0543007850646973,0.9332834482192993,0.8192708492279053,24.0,24.0,0.0,0.0
2278,0.0207,0.011077184230089188,2.2775761420068834,4.458473205566406,4.449512481689453,4.458473205566406,0.8539062738418579,24.0,24.0,4.0,0.0
2279,0.056,0.03992101922631264,3.655694612397682,2.1010167598724365,2.1614432334899902,2.1010167598724365,0.8474609851837158,64.0,64.0,2.0,0.0
2280,0.0132,0.006573796272277832,1.0103439546734672,2.6780197620391846,2.6679108142852783,2.6780197620391846,0.7887499928474426,10.0,10.0,4.0,0.0
2281,0.0135,0.012682538479566574,1.1166953380516333,4.676111221313477,4.68571662902832,4.676111221313477,0.8617187738418579,24.0,24.0,4.0,0.0
2282,0.0517,0.05861830711364746,2.783040539414889,1.5875627994537354,1.7198619842529297,1.5875627994537354,0.8441406488418579,64.0,64.0,2.0,0.0
2283,0.0287,0.03240952640771866,1.0040874874720347,2.7672953605651855,2.719541549682617,2.7672953605651855,0.846875011920929,56.0,56.0,3.0,0.0
2284,0.0185,0.011718906462192535,2.704378516794936,5.0071001052856445,4.954063415527344,5.0071001052856445,0.8742188215255737,24.0,24.0,4.0,0.0
2285,0.0126,0.010591553524136543,1.2636777528205232,4.631236553192139,4.598711013793945,4.631236553192139,0.8588541746139526,24.0,24.0,4.0,0.0
2286,0.0614,0.05643090605735779,3.997692963731048,1.8367029428482056,1.951197624206543,1.8367029428482056,0.8472656011581421,64.0,64.0,2.0,0.0
2287,0.0572,0.056570157408714294,3.2113876870838878,1.9415597915649414,2.081263780593872,1.9415597915649414,0.8312499523162842,56.0,56.0,2.0,0.0
2288,0.0232,0.019574247300624847,0.6917266518187181,0.7312332391738892,0.7699956893920898,0.7312332391738892,0.8182291984558105,24.0,24.0,1.0,0.0
2289,0.0181,0.013636456802487373,2.5714444259698976,3.95737361907959,3.928257465362549,3.95737361907959,0.8417500257492065,25.0,25.0,4.0,0.0
2290,0.0267,0.026172857731580734,0.8070594754783501,0.7834367752075195,0.7945871353149414,0.7834367752075195,0.8226562738418579,24.0,24.0,1.0,0.0
2291,0.0406,0.03220292553305626,2.511318342478573,0.7615213990211487,0.7920246124267578,0.7615213990211487,0.8153645992279053,24.0,24.0,0.0,0.0
2292,0.0588,0.048355475068092346,4.245885176219233,1.623757004737854,1.7622588872909546,1.623757004737854,0.8438476324081421,64.0,64.0,2.0,0.0
2293,0.055,0.046753689646720886,3.6135648528264515,1.8500454425811768,1.9359667301177979,1.8500454425811768,0.8358259201049805,56.0,56.0,2.0,0.0
2294,0.0313,0.030187886208295822,1.2148805886311393,1.0445905923843384,1.1183764934539795,1.0445905923843384,0.8132812976837158,24.0,24.0,1.0,0.0
2295,0.0157,0.015485274605453014,2.251485874046932,4.512258529663086,4.44156551361084,4.512258529663086,0.8570312857627869,24.0,24.0,4.0,0.0
2296,0.0282,0.028195902705192566,0.9939919445281074,2.0718979835510254,1.981864094734192,2.0718979835510254,0.8337500095367432,40.0,40.0,3.0,0.0
2297,0.0158,0.019420381635427475,2.7424769129766493,5.0945281982421875,4.999074935913086,5.0945281982421875,0.87828129529953,40.0,40.0,4.0,0.0
2298,0.028,0.027561966329813004,0.8246077436652062,0.7690756320953369,0.7969002723693848,0.7690756320953369,0.811718761920929,24.0,24.0,3.0,0.0
2299,0.0303,0.024642260745167732,0.8161133679750708,0.7384241819381714,0.764357328414917,0.7384241819381714,0.8158854246139526,24.0,24.0,3.0,0.0
2300,0.0172,0.02147287130355835,3.058043401767975,4.820072174072266,4.728893280029297,4.820072174072266,0.8744791746139526,48.0,48.0,4.0,0.0
2301,0.0134,0.01266959123313427,1.9012633156043348,4.671745300292969,4.659695625305176,4.671745300292969,0.8612499833106995,20.0,20.0,4.0,0.0
2302,0.0286,0.02072092518210411,1.5587016952407313,0.7612674236297607,0.7881360054016113,0.7612674236297607,0.8096354007720947,24.0,24.0,1.0,0.0
2303,0.0123,0.01194305345416069,2.0129602771522146,5.100340843200684,5.047675132751465,5.100340843200684,0.8677083253860474,24.0,24.0,4.0,0.0
2304,0.0153,0.0189768448472023,2.422431588689591,4.5537109375,4.496260643005371,4.5537109375,0.8607422113418579,32.0,32.0,4.0,0.0
2305,0.031,0.023842252790927887,1.132436482549263,2.2079219818115234,2.222011089324951,2.2079219818115234,0.8467448353767395,48.0,48.0,0.0,0.0
2306,0.033,0.025490690022706985,1.8410339910103009,0.7625052332878113,0.7848786115646362,0.7625052332878113,0.8278645873069763,24.0,24.0,1.0,0.0
2307,0.0293,0.029453199356794357,1.0895188813732959,2.461686134338379,2.4211394786834717,2.461686134338379,0.8391927480697632,48.0,48.0,3.0,0.0
2308,0.0293,0.02770475670695305,1.071795677994685,0.7984730005264282,0.8372659087181091,0.7984730005264282,0.8139423131942749,26.0,26.0,0.0,0.0
2309,0.0225,0.02500065043568611,0.6126540621096926,0.7370599508285522,0.7674771547317505,0.7370599508285522,0.8049479722976685,24.0,24.0,3.0,0.0
2310,0.0312,0.03242536261677742,1.5951197412984517,0.9714298844337463,1.0729103088378906,0.9714298844337463,0.8078124523162842,24.0,24.0,1.0,0.0
2311,0.0279,0.027620399370789528,0.6027321400734825,0.7144952416419983,0.7475725412368774,0.7144952416419983,0.8104166388511658,24.0,24.0,3.0,0.0
2312,0.0549,0.06402970105409622,3.3187846864843045,2.0751731395721436,2.294975996017456,2.0751731395721436,0.837109386920929,64.0,64.0,2.0,0.0
2313,0.0527,0.03141427040100098,3.1498179758416422,1.8776522874832153,1.9088443517684937,1.8776522874832153,0.8568359613418579,64.0,64.0,2.0,0.0
2314,0.0277,0.028463687747716904,0.7202029102099705,0.7137652635574341,0.7455132007598877,0.7137652635574341,0.8169270753860474,24.0,24.0,3.0,0.0
2315,0.012,0.011537537910044193,1.3858625084463188,4.941815376281738,4.896621227264404,4.941815376281738,0.8666666746139526,24.0,24.0,4.0,0.0
2316,0.0276,0.02088433876633644,1.6281644142441847,0.7290831804275513,0.7636346220970154,0.7290831804275513,0.8221354484558105,24.0,24.0,1.0,0.0
2317,0.0518,0.05117601156234741,3.1277398157134826,1.7950090169906616,1.9189571142196655,1.7950090169906616,0.8516601324081421,64.0,64.0,2.0,0.0
2318,0.0557,0.05642714351415634,3.3288871268883757,2.2540972232818604,2.347470760345459,2.2540972232818604,0.853222668170929,64.0,64.0,2.0,0.0
2319,0.025,0.022020559757947922,0.6266147116289883,0.7182062864303589,0.7377472519874573,0.7182062864303589,0.8166666626930237,24.0,24.0,3.0,0.0
2320,0.0609,0.06890557706356049,4.017694661822206,2.1046946048736572,2.280643939971924,2.1046946048736572,0.8335937261581421,64.0,64.0,2.0,0.0
2321,0.034,0.04518476128578186,1.0212620334981173,0.9455894827842712,1.016337275505066,0.9455894827842712,0.7971354126930237,24.0,24.0,3.0,0.0
2322,0.026,0.02566557005047798,0.8443044788658657,0.7466657161712646,0.7812387347221375,0.7466657161712646,0.8026041984558105,24.0,24.0,3.0,0.0
2323,0.0153,0.02761225216090679,2.2317213119171604,4.765236854553223,4.680400848388672,4.765236854553223,0.8606250286102295,40.0,40.0,4.0,0.0
2324,0.0296,0.036761291325092316,0.8311229181421339,0.8666769862174988,0.9549004435539246,0.8666769862174988,0.8052083253860474,24.0,24.0,3.0,0.0
2325,0.0331,0.02927391603589058,1.4128388164112577,0.7361341118812561,0.7611275911331177,0.7361341118812561,0.8105000257492065,25.0,25.0,0.0,0.0
2326,0.0151,0.012352071702480316,2.4770484548796285,4.667782783508301,4.626467704772949,4.667782783508301,0.8591145873069763,24.0,24.0,4.0,0.0
2327,0.0148,0.010161831974983215,2.490390495382928,4.880124568939209,4.811866760253906,4.880124568939209,0.8671875,24.0,24.0,4.0,0.0
2328,0.0283,0.02376701310276985,1.454208030571761,0.6797252893447876,0.7132759094238281,0.6797252893447876,0.7977499961853027,25.0,25.0,3.0,0.0
2329,0.0254,0.020170459523797035,0.5889994521180862,0.7264484763145447,0.7484093904495239,0.7264484763145447,0.8111979365348816,24.0,24.0,3.0,0.0
2330,0.0363,0.05915200337767601,2.188336717513064,1.3389545679092407,1.5573151111602783,1.3389545679092407,0.789843738079071,24.0,24.0,0.0,0.0
2331,0.0157,0.018666721880435944,2.4774710340170345,4.140657901763916,4.071781158447266,4.140657901763916,0.8497396111488342,24.0,24.0,4.0,0.0
2332,0.0581,0.03839285299181938,3.1603695597997317,2.180300712585449,2.1799848079681396,2.180300712585449,0.8592773675918579,64.0,64.0,2.0,0.0
2333,0.0176,0.030839253216981888,2.2292978868836806,5.028757095336914,4.886884689331055,5.028757095336914,0.8822265863418579,64.0,64.0,4.0,0.0
2334,0.0184,0.007998459041118622,3.471228923661597,3.0694327354431152,3.054348945617676,3.0694327354431152,0.7828125357627869,8.0,8.0,4.0,0.0
2335,0.0284,0.01883564703166485,1.1325144564201635,0.769647479057312,0.7957967519760132,0.769647479057312,0.8197916746139526,24.0,24.0,1.0,0.0
2336,0.0507,0.05877554044127464,2.490641167209424,1.9179577827453613,2.060847520828247,1.9179577827453613,0.8581055402755737,64.0,64.0,2.0,0.0
2337,0.0135,0.014822886325418949,2.209071761577467,4.8691725730896,4.792302131652832,4.8691725730896,0.8880859613418579,32.0,32.0,4.0,0.0
2338,0.03,0.03129815682768822,0.9253918606260555,0.6917742490768433,0.7199909687042236,0.6917742490768433,0.8114999532699585,25.0,25.0,0.0,0.0
2339,0.0525,0.05110190063714981,2.4693252169206312,1.6727025508880615,1.780616283416748,1.6727025508880615,0.8546874523162842,64.0,64.0,2.0,0.0
2340,0.0147,0.03558485954999924,2.733100461565903,5.024076461791992,4.82133674621582,5.024076461791992,0.8685547113418579,64.0,64.0,4.0,0.0
2341,0.0363,0.06564781069755554,1.9122101367415612,1.2886793613433838,1.5441588163375854,1.2886793613433838,0.7890000343322754,25.0,25.0,0.0,0.0
2342,0.025,0.021530881524086,0.7548029055512966,0.7341349720954895,0.7605265378952026,0.7341349720954895,0.8187500238418579,25.0,25.0,1.0,0.0
2343,0.0341,0.03719121217727661,1.6779010294024888,0.7603607177734375,0.7474526762962341,0.7603607177734375,0.8025000095367432,25.0,25.0,0.0,0.0
2344,0.0259,0.026550648733973503,1.0316764835312624,1.7596805095672607,1.783154845237732,1.7596805095672607,0.839802622795105,38.0,38.0,0.0,0.0
2345,0.0655,0.052087463438510895,5.041188364774767,1.9547516107559204,2.110442638397217,1.9547516107559204,0.8363281488418579,64.0,64.0,2.0,0.0
2346,0.0283,0.02473071962594986,0.5973302507463116,0.7296667695045471,0.7558027505874634,0.7296667695045471,0.8125,24.0,24.0,3.0,0.0
2347,0.0346,0.040244072675704956,1.7574500188284072,0.8902087211608887,1.027242660522461,0.8902087211608887,0.8070000410079956,25.0,25.0,0.0,0.0
2348,0.0277,0.028500394895672798,1.0650719473152506,0.7428974509239197,0.7684960961341858,0.7428974509239197,0.8041667342185974,24.0,24.0,3.0,0.0
2349,0.0265,0.02519187331199646,0.7800665322917449,0.7599130868911743,0.7823371887207031,0.7599130868911743,0.8052083849906921,24.0,24.0,3.0,0.0
2350,0.0508,0.04080257564783096,2.379598031164789,2.2894396781921387,2.358383893966675,2.2894396781921387,0.8456054925918579,64.0,64.0,2.0,0.0
2351,0.0607,0.08483342826366425,3.253001603097852,1.985889196395874,2.1757469177246094,1.985889196395874,0.835742175579071,64.0,64.0,2.0,0.0
2352,0.0216,0.022770309820771217,3.521965176989574,5.2802019119262695,5.188497543334961,5.2802019119262695,0.8875976800918579,64.0,64.0,4.0,0.0
2353,0.0178,0.021344952285289764,3.5028316878291976,4.445100784301758,4.373672962188721,4.445100784301758,0.8575521111488342,24.0,24.0,4.0,0.0
2354,0.032,0.024169377982616425,1.5896693184097663,0.7093020677566528,0.7351118922233582,0.7093020677566528,0.8067708611488342,24.0,24.0,0.0,0.0
2355,0.0426,0.08589135855436325,2.7748180247336163,1.462390422821045,1.872931957244873,1.462390422821045,0.7786458730697632,24.0,24.0,0.0,0.0
2356,0.0151,0.009498536586761475,2.401150942851777,3.9210853576660156,3.877784252166748,3.9210853576660156,0.8269230723381042,13.0,13.0,4.0,0.0
2357,0.0176,0.013486886397004128,3.173215964226844,3.6784417629241943,3.6264805793762207,3.6784417629241943,0.8445312976837158,24.0,24.0,4.0,0.0
2358,0.055,0.034806013107299805,2.573988495159142,1.9090254306793213,1.929602861404419,1.9090254306793213,0.8414062857627869,56.0,56.0,2.0,0.0
2359,0.0169,0.009016484022140503,2.9744802113186948,3.318615436553955,3.291065216064453,3.318615436553955,0.8130682110786438,11.0,11.0,4.0,0.0
2360,0.0487,0.044738635420799255,1.9890247343861833,2.39548397064209,2.439035415649414,2.39548397064209,0.8326172232627869,64.0,64.0,2.0,0.0
2361,0.0332,0.051938436925411224,2.160706734430539,2.615997552871704,2.8604836463928223,2.615997552871704,0.8192383050918579,64.0,64.0,1.0,0.0
2362,0.0274,0.02159522846341133,0.6638195356382702,0.724821925163269,0.7536978721618652,0.724821925163269,0.8138021230697632,24.0,24.0,1.0,0.0
2363,0.0279,0.029910068958997726,0.6492978865506841,0.7425569295883179,0.7743498086929321,0.7425569295883179,0.8109375238418579,24.0,24.0,3.0,0.0
2364,0.0134,0.010686502791941166,2.554132751714872,5.070775032043457,5.006173133850098,5.070775032043457,0.8783854246139526,24.0,24.0,4.0,0.0
2365,0.0301,0.02750256098806858,0.7718396690870986,0.7593430280685425,0.8018983602523804,0.7593430280685425,0.8122395873069763,24.0,24.0,1.0,0.0
2366,0.0363,0.06775909662246704,1.8318504850494703,1.1449722051620483,1.364647626876831,1.1449722051620483,0.7922499775886536,25.0,25.0,0.0,0.0
2367,0.0276,0.021029405295848846,0.5763711490081725,0.7557133436203003,0.786306619644165,0.7557133436203003,0.8148437738418579,24.0,24.0,3.0,0.0
2368,0.0297,0.03044598549604416,0.7562936451394157,0.74897301197052,0.7863938808441162,0.74897301197052,0.8143229484558105,24.0,24.0,3.0,0.0
2369,0.0328,0.03458993136882782,1.7262107166527414,0.9219257831573486,1.0318801403045654,0.9219257831573486,0.8077499866485596,25.0,25.0,0.0,0.0
2370,0.0238,0.04070238769054413,4.7234643125463975,4.805726051330566,4.621433258056641,4.805726051330566,0.8721680045127869,64.0,64.0,4.0,0.0
2371,0.0239,0.02538786083459854,0.6174505050903224,0.7675356864929199,0.7909080386161804,0.7675356864929199,0.8195312023162842,24.0,24.0,1.0,0.0
2372,0.0192,0.014480127021670341,3.589966507840263,5.096097469329834,4.983645915985107,5.096097469329834,0.8871093988418579,32.0,32.0,4.0,0.0
2373,0.0197,0.011921504512429237,3.5483958100432638,3.0809078216552734,3.0638256072998047,3.0809078216552734,0.7847222089767456,9.0,9.0,4.0,0.0
2374,0.0134,0.009665467776358128,1.9196381012442743,4.6930670738220215,4.6848039627075195,4.6930670738220215,0.8609375357627869,24.0,24.0,4.0,0.0
2375,0.0155,0.006590360775589943,2.6222407921146162,2.5362234115600586,2.5252175331115723,2.5362234115600586,0.7823864221572876,11.0,11.0,4.0,0.0
2376,0.0203,0.0460820347070694,3.4134871564685842,4.637052059173584,4.406858444213867,4.637052059173584,0.8757812976837158,64.0,64.0,4.0,0.0
2377,0.0138,0.016071930527687073,2.139192125202271,3.938344955444336,3.8720009326934814,3.938344955444336,0.8440104126930237,24.0,24.0,4.0,0.0
2378,0.0252,0.028492361307144165,0.8288878177070359,2.7566864490509033,2.8264880180358887,2.7566864490509033,0.8612304925918579,64.0,64.0,0.0,0.0
2379,0.0303,0.030700478702783585,1.3361493217675497,0.7637631893157959,0.7806177139282227,0.7637631893157959,0.8218749761581421,24.0,24.0,1.0,0.0
2380,0.0287,0.043509431183338165,0.7622343064644174,1.0166479349136353,1.1315970420837402,1.0166479349136353,0.8057692050933838,26.0,26.0,0.0,0.0
2381,0.0185,0.011121872812509537,2.8138364808809766,4.7709856033325195,4.734099388122559,4.7709856033325195,0.8544270992279053,24.0,24.0,4.0,0.0
2382,0.0496,0.042243633419275284,2.4349913974072384,1.9672973155975342,2.027355670928955,1.9672973155975342,0.840527355670929,64.0,64.0,2.0,0.0
2383,0.0308,0.01647990383207798,0.879707510923315,0.7137038707733154,0.7366539239883423,0.7137038707733154,0.8145833611488342,24.0,24.0,0.0,0.0
2384,0.0182,0.013065410777926445,3.119186859192509,4.339430809020996,4.2830705642700195,4.339430809020996,0.8497396111488342,24.0,24.0,4.0,0.0
2385,0.0129,0.015603557229042053,2.1492669657847117,4.295072555541992,4.259052753448486,4.295072555541992,0.8598958849906921,24.0,24.0,4.0,0.0
2386,0.0187,0.0137864975258708,2.881150396906938,5.304643630981445,5.237882614135742,5.304643630981445,0.8828125,32.0,32.0,4.0,0.0
2387,0.018,0.028222382068634033,2.723126973429955,5.215940475463867,5.083736419677734,5.215940475463867,0.8876953125,64.0,64.0,4.0,0.0
2388,0.0178,0.014940217137336731,2.9960891793151756,4.448352813720703,4.364039421081543,4.448352813720703,0.8557292222976685,24.0,24.0,4.0,0.0
2389,0.0271,0.026344450190663338,0.6959401130273208,0.7065567970275879,0.7448945045471191,0.7065567970275879,0.815625011920929,24.0,24.0,3.0,0.0
2390,0.0266,0.02143845707178116,0.7423956779367724,0.7036839723587036,0.7345647215843201,0.7036839723587036,0.8104166388511658,24.0,24.0,3.0,0.0
2391,0.03,0.027851590886712074,1.0663589774608129,0.7694066762924194,0.8014798164367676,0.7694066762924194,0.823437511920929,24.0,24.0,1.0,0.0
2392,0.0325,0.026041630655527115,1.7075673654708479,0.734898030757904,0.7728642225265503,0.734898030757904,0.8091145753860474,24.0,24.0,1.0,0.0
2393,0.0156,0.013574707321822643,2.439068119412671,4.803818702697754,4.764992713928223,4.803818702697754,0.8692708611488342,24.0,24.0,4.0,0.0
2394,0.0263,0.02366109937429428,1.1075308411253588,1.262823462486267,1.3273217678070068,1.262823462486267,0.831250011920929,32.0,32.0,0.0,0.0
2395,0.0527,0.047216031700372696,3.5463572420091123,2.2245683670043945,2.3415122032165527,2.2245683670043945,0.841992199420929,64.0,64.0,2.0,0.0
2396,0.03,0.029087066650390625,1.1673276512765465,0.7110193967819214,0.7455235123634338,0.7110193967819214,0.8231770992279053,24.0,24.0,1.0,0.0
2397,0.0144,0.008942684158682823,1.6978257921131068,3.5683064460754395,3.5676748752593994,3.5683064460754395,0.8197115659713745,13.0,13.0,4.0,0.0
2398,0.016,0.014646416530013084,2.3431778223651825,4.719553470611572,4.694136619567871,4.719553470611572,0.873242199420929,32.0,32.0,4.0,0.0
2399,0.0547,0.03280583769083023,3.2606557755945773,2.095785617828369,2.1512556076049805,2.095785617828369,0.8541015982627869,64.0,64.0,2.0,0.0
2400,0.0169,0.010476479306817055,2.8508433420261388,4.906711101531982,4.861252784729004,4.906711101531982,0.874218761920929,24.0,24.0,4.0,0.0
2401,0.0307,0.042894355952739716,0.9036845510450048,0.7279262542724609,0.7556213736534119,0.7279262542724609,0.8044270277023315,24.0,24.0,3.0,0.0
2402,0.0273,0.031057314947247505,1.2046369140389435,0.783656120300293,0.8339014053344727,0.783656120300293,0.821093738079071,24.0,24.0,1.0,0.0
2403,0.0396,0.024047477170825005,2.1471769577128765,1.2375707626342773,1.266717553138733,1.2375707626342773,0.8337891101837158,32.0,32.0,0.0,0.0
2404,0.0299,0.02834424190223217,1.72681526877449,1.3279712200164795,1.3978601694107056,1.3279712200164795,0.8240234851837158,32.0,32.0,0.0,0.0
2405,0.0304,0.02523062564432621,1.3733550467873692,0.7931463718414307,0.8236329555511475,0.7931463718414307,0.8179687261581421,24.0,24.0,1.0,0.0
2406,0.012,0.006489620544016361,2.0273464477145158,2.738797187805176,2.7404842376708984,2.738797187805176,0.7925000190734863,10.0,10.0,4.0,0.0
2407,0.0131,0.0064917360432446,1.9557224554536852,3.0645976066589355,3.066168785095215,3.0645976066589355,0.8012499809265137,10.0,10.0,4.0,0.0
2408,0.0335,0.02980584092438221,0.8414468503625623,0.7352296710014343,0.7741315364837646,0.7352296710014343,0.8109375238418579,24.0,24.0,3.0,0.0
2409,0.0386,0.050952766090631485,2.4862585230801106,2.1750307083129883,2.303565502166748,2.1750307083129883,0.8259375095367432,40.0,40.0,0.0,0.0
2410,0.0259,0.03120429627597332,0.8849803512104265,1.0019150972366333,1.0777831077575684,1.0019150972366333,0.811718761920929,24.0,24.0,1.0,0.0
2411,0.0574,0.07065509259700775,3.5567353068908,1.9889352321624756,2.178769588470459,1.9889352321624756,0.827929675579071,64.0,64.0,2.0,0.0
2412,0.0334,0.0279760230332613,1.9926645103197365,2.7153756618499756,2.8277950286865234,2.7153756618499756,0.859667956829071,64.0,64.0,0.0,0.0
2413,0.0117,0.018625613301992416,1.5143986503256297,4.321284294128418,4.284609794616699,4.321284294128418,0.8510416746139526,24.0,24.0,4.0,0.0
2414,0.0284,0.03039303421974182,1.0550173122980753,2.706672191619873,2.6618971824645996,2.706672191619873,0.8439732193946838,56.0,56.0,3.0,0.0
2415,0.0352,0.030854595825076103,1.9953918881195218,0.7309348583221436,0.7672789096832275,0.7309348583221436,0.8202500343322754,25.0,25.0,0.0,0.0
2416,0.0187,0.012525576166808605,3.4479025380648083,4.600437164306641,4.574315071105957,4.600437164306641,0.8666666746139526,24.0,24.0,4.0,0.0
2417,0.0224,0.01868385821580887,0.705518147116071,0.7482078075408936,0.7708475589752197,0.7482078075408936,0.8127604722976685,24.0,24.0,1.0,0.0
2418,0.0336,0.03764890134334564,1.9441633595886767,2.860042095184326,3.0250296592712402,2.860042095184326,0.8564453125,64.0,64.0,0.0,0.0
2419,0.016,0.02345692738890648,2.5678893822806756,5.04362678527832,4.9521708488464355,5.04362678527832,0.8851562738418579,64.0,64.0,4.0,0.0
2420,0.0171,0.01379384659230709,2.4427193002856984,4.910761833190918,4.874257564544678,4.910761833190918,0.8674479126930237,24.0,24.0,4.0,0.0
2421,0.0154,0.008781603537499905,2.171095492087922,3.3790340423583984,3.380248546600342,3.3790340423583984,0.7912499904632568,10.0,10.0,4.0,0.0
2422,0.0351,0.02883193828165531,1.4507363817384542,0.7213579416275024,0.7376744747161865,0.7213579416275024,0.8167499899864197,25.0,25.0,1.0,0.0
2423,0.026,0.02420349419116974,0.5567824097771998,0.6973228454589844,0.7353666424751282,0.6973228454589844,0.8065000176429749,25.0,25.0,3.0,0.0
2424,0.0325,0.05171654745936394,1.9328984189894711,1.071471929550171,1.2618014812469482,1.071471929550171,0.7984375357627869,24.0,24.0,0.0,0.0
2425,0.0171,0.026976261287927628,2.7650682995313987,4.840612411499023,4.667291641235352,4.840612411499023,0.869270920753479,48.0,48.0,4.0,0.0
2426,0.0266,0.039445798844099045,0.9250696457177819,1.5014053583145142,1.6136101484298706,1.5014053583145142,0.8285156488418579,32.0,32.0,1.0,0.0
2427,0.0399,0.031081128865480423,2.7759093644381556,0.6916710138320923,0.7351175546646118,0.6916710138320923,0.8065103888511658,24.0,24.0,0.0,0.0
2428,0.0167,0.012525823898613453,3.003930352195101,4.561638832092285,4.508620262145996,4.561638832092285,0.8580728769302368,24.0,24.0,4.0,0.0
2429,0.0172,0.013772636651992798,2.9495235600229424,4.515097618103027,4.478884696960449,4.515097618103027,0.8507813215255737,24.0,24.0,4.0,0.0
2430,0.0534,0.05972329527139664,3.011106123664619,2.236182928085327,2.4245479106903076,2.236182928085327,0.822070300579071,64.0,64.0,2.0,0.0
2431,0.0516,0.04673009738326073,2.299382915965805,2.299234628677368,2.3650450706481934,2.299234628677368,0.8503906726837158,64.0,64.0,2.0,0.0
2432,0.026,0.02109837345778942,1.0368702831886714,0.7900253534317017,0.8067604303359985,0.7900253534317017,0.812000036239624,25.0,25.0,3.0,0.0
2433,0.0365,0.06302858144044876,2.2363936171596848,1.1002881526947021,1.352876901626587,1.1002881526947021,0.7952499985694885,25.0,25.0,0.0,0.0
2434,0.028,0.01912274770438671,0.8955757119778643,0.7758609652519226,0.8047656416893005,0.7758609652519226,0.8153645992279053,24.0,24.0,3.0,0.0
2435,0.0256,0.01887122169137001,0.9735498748247129,0.7012253999710083,0.7340316772460938,0.7012253999710083,0.7963541746139526,24.0,24.0,0.0,0.0
2436,0.0647,0.03982218727469444,4.546050436111839,1.9429347515106201,1.9944769144058228,1.9429347515106201,0.853222668170929,64.0,64.0,2.0,0.0
2437,0.019,0.022221555933356285,2.674284556808797,4.92697811126709,4.798980236053467,4.92697811126709,0.8700000047683716,40.0,40.0,4.0,0.0
2438,0.026,0.029338132590055466,0.7460842112723051,1.3471380472183228,1.42124605178833,1.3471380472183228,0.8326172232627869,32.0,32.0,1.0,0.0
2439,0.0325,0.023235009983181953,0.9417194448829591,0.7767436504364014,0.7940083742141724,0.7767436504364014,0.8125,24.0,24.0,3.0,0.0
2440,0.0272,0.033553365617990494,0.7682172273511115,2.0625054836273193,1.9925068616867065,2.0625054836273193,0.8287500143051147,40.0,40.0,3.0,0.0
2441,0.0294,0.03277844190597534,1.957156349241439,1.7025854587554932,1.917079210281372,1.7025854587554932,0.8335937261581421,40.0,40.0,1.0,0.0
2442,0.0372,0.031158331781625748,2.1333863786228826,0.7338995933532715,0.7728896141052246,0.7338995933532715,0.8250000476837158,24.0,24.0,0.0,0.0
2443,0.0268,0.025045448914170265,0.6207164464204806,0.7577880620956421,0.7724165916442871,0.7577880620956421,0.8111978769302368,24.0,24.0,3.0,0.0
2444,0.0531,0.04080967605113983,2.8485550615201136,2.006974697113037,2.090574264526367,2.006974697113037,0.8521484136581421,64.0,64.0,2.0,0.0
2445,0.0135,0.012256255373358727,1.9912784535043648,4.411466121673584,4.372323989868164,4.411466121673584,0.8533854484558105,24.0,24.0,4.0,0.0
2446,0.0269,0.02684636041522026,0.7285292097181958,0.7132770419120789,0.7423431873321533,0.7132770419120789,0.8130208253860474,24.0,24.0,3.0,0.0
2447,0.0256,0.020668867975473404,0.856195980315517,0.7274792194366455,0.7601731419563293,0.7274792194366455,0.8278645873069763,24.0,24.0,1.0,0.0
2448,0.0279,0.017775822430849075,1.134584790192562,0.6457272171974182,0.6732496023178101,0.6457272171974182,0.8087500333786011,25.0,25.0,0.0,0.0
2449,0.0137,0.01431320235133171,2.027676943791249,4.073073863983154,4.065460681915283,4.073073863983154,0.8505208492279053,24.0,24.0,4.0,0.0
2450,0.0162,0.02211710810661316,2.587294560172841,3.6412353515625,3.595602512359619,3.6412353515625,0.8416666984558105,24.0,24.0,4.0,0.0
2451,0.0313,0.019049543887376785,1.2368469831594129,0.7531353831291199,0.7668377757072449,0.7531353831291199,0.8184895515441895,24.0,24.0,1.0,0.0
2452,0.0144,0.016863491386175156,1.9986413067751785,4.114402770996094,4.067289352416992,4.114402770996094,0.8419270515441895,24.0,24.0,4.0,0.0
2453,0.0304,0.0348508283495903,1.3249005105842364,1.0032002925872803,1.0985246896743774,1.0032002925872803,0.80078125,24.0,24.0,1.0,0.0
2454,0.0166,0.011798599734902382,2.662815995782484,4.945794105529785,4.930502414703369,4.945794105529785,0.8752604126930237,24.0,24.0,4.0,0.0
2455,0.0506,0.067869171500206,2.598007254295028,2.326195001602173,2.5427393913269043,2.326195001602173,0.83251953125,64.0,64.0,2.0,0.0
2456,0.0345,0.05698491632938385,1.8031942070859894,0.9294328689575195,1.0500766038894653,0.9294328689575195,0.7984374761581421,24.0,24.0,0.0,0.0
2457,0.015,0.007231354713439941,2.0600774287471686,3.37636137008667,3.371145248413086,3.37636137008667,0.8119791746139526,12.0,12.0,4.0,0.0
2458,0.0259,0.01853439025580883,1.6836199636509641,0.7562198042869568,0.7803751230239868,0.7562198042869568,0.8234375715255737,24.0,24.0,1.0,0.0
2459,0.0334,0.027924487367272377,1.8874002263972725,0.7464607954025269,0.7747055888175964,0.7464607954025269,0.8140624761581421,24.0,24.0,1.0,0.0
2460,0.0138,0.00785590149462223,2.0861146950912954,3.4471302032470703,3.419036865234375,3.4471302032470703,0.8104166984558105,12.0,12.0,4.0,0.0
2461,0.0348,0.03374258801341057,1.3902625954503778,0.7580651044845581,0.7755111455917358,0.7580651044845581,0.8130208849906921,24.0,24.0,0.0,0.0
2462,0.0167,0.011821250431239605,2.607327327040248,4.925440788269043,4.913095474243164,4.925440788269043,0.8758522868156433,22.0,22.0,4.0,0.0
2463,0.0503,0.0649600476026535,2.3343680084818303,2.3744287490844727,2.6061112880706787,2.3744287490844727,0.8456054925918579,64.0,64.0,2.0,0.0
2464,0.0311,0.021427247673273087,1.5220185650702531,0.6979304552078247,0.7288897037506104,0.6979304552078247,0.8119791746139526,24.0,24.0,0.0,0.0
2465,0.0579,0.051994439214468,3.2554566577996695,1.76594078540802,1.8545606136322021,1.76594078540802,0.8526367545127869,64.0,64.0,2.0,0.0
2466,0.0299,0.02320851944386959,1.2867830080046934,1.8271288871765137,1.886587142944336,1.8271288871765137,0.8303124904632568,40.0,40.0,0.0,0.0
2467,0.0268,0.033581577241420746,0.6582590545893191,0.7736988663673401,0.8018972873687744,0.7736988663673401,0.8101562261581421,24.0,24.0,3.0,0.0
2468,0.0315,0.030414365231990814,1.6387956204770027,1.869236946105957,1.9188531637191772,1.869236946105957,0.832812488079071,40.0,40.0,0.0,0.0
2469,0.0193,0.03557800501585007,3.0213069719054837,4.8734283447265625,4.671247482299805,4.8734283447265625,0.8641741275787354,56.0,56.0,4.0,0.0
2470,0.0594,0.07526710629463196,4.14888151635542,2.3407185077667236,2.560661792755127,2.3407185077667236,0.82177734375,64.0,64.0,2.0,0.0
2471,0.0202,0.01231363695114851,2.986545702597718,1.9267982244491577,1.9330105781555176,1.9267982244491577,0.7162500023841858,5.0,5.0,4.0,0.0
2472,0.0265,0.019112704321742058,0.9655442006332342,0.8044490814208984,0.831771969795227,0.8044490814208984,0.8151041269302368,24.0,24.0,1.0,0.0
2473,0.0541,0.052193496376276016,2.450471321131766,2.0916779041290283,2.2017452716827393,2.0916779041290283,0.8431640863418579,64.0,64.0,2.0,0.0
2474,0.0178,0.016666803508996964,2.5974040682007375,4.643995761871338,4.601288318634033,4.643995761871338,0.873046875,32.0,32.0,4.0,0.0
2475,0.0139,0.010220385156571865,1.9950056886074654,4.636551856994629,4.575085639953613,4.636551856994629,0.8703804612159729,23.0,23.0,4.0,0.0
2476,0.0285,0.03208392113447189,0.5508220043950485,0.7285365462303162,0.7468920946121216,0.7285365462303162,0.8088541626930237,24.0,24.0,3.0,0.0
2477,0.0368,0.030652282759547234,2.3291586078652733,0.8004702925682068,0.8242150545120239,0.8004702925682068,0.8182291984558105,24.0,24.0,1.0,0.0
2478,0.0311,0.038720645010471344,1.297620785414795,0.934326708316803,1.0698390007019043,0.934326708316803,0.8025000095367432,25.0,25.0,0.0,0.0
2479,0.0274,0.018453188240528107,0.9492087127522603,0.7489084005355835,0.7711607813835144,0.7489084005355835,0.8132812976837158,24.0,24.0,1.0,0.0
2480,0.0163,0.016890529543161392,2.9969481310251584,4.984963893890381,4.878150939941406,4.984963893890381,0.8701562881469727,40.0,40.0,4.0,0.0
2481,0.0259,0.024750828742980957,0.9404261587935819,0.7672686576843262,0.7822468280792236,0.7672686576843262,0.8169270753860474,24.0,24.0,1.0,0.0
2482,0.0365,0.0445956215262413,2.2500731671227747,1.1536707878112793,1.333188533782959,1.1536707878112793,0.7945312261581421,24.0,24.0,0.0,0.0
2483,0.0525,0.04127305746078491,3.297671440376594,2.3011670112609863,2.3418662548065186,2.3011670112609863,0.831347644329071,64.0,64.0,2.0,0.0
2484,0.0184,0.009969579987227917,2.7119451365307627,4.979487895965576,4.929098606109619,4.979487895965576,0.87890625,24.0,24.0,4.0,0.0
2485,0.0478,0.03517436981201172,2.08037410263009,2.1255927085876465,2.1835274696350098,2.1255927085876465,0.8586914539337158,64.0,64.0,2.0,0.0
2486,0.0135,0.010838005691766739,2.00312453580385,2.7729833126068115,2.759115219116211,2.7729833126068115,0.8106250166893005,10.0,10.0,4.0,0.0
2487,0.0533,0.03324618935585022,3.061691684837227,2.085064172744751,2.1095008850097656,2.085064172744751,0.8421875238418579,64.0,64.0,2.0,0.0
2488,0.0297,0.027297288179397583,1.325633644931846,0.714342474937439,0.7376080751419067,0.714342474937439,0.8182291984558105,24.0,24.0,3.0,0.0
2489,0.027,0.029179073870182037,0.8159925645413191,0.7302947044372559,0.7497273683547974,0.7302947044372559,0.8184895515441895,24.0,24.0,1.0,0.0
2490,0.0331,0.03731826692819595,0.8673349930417676,0.9177479147911072,1.0054173469543457,0.9177479147911072,0.7989583611488342,24.0,24.0,3.0,0.0
2491,0.0129,0.011721434071660042,1.7963168340395346,5.029669284820557,4.988930702209473,5.029669284820557,0.8705729246139526,24.0,24.0,4.0,0.0
2492,0.0455,0.056152235716581345,1.6414562946580407,2.1830999851226807,2.322211742401123,2.1830999851226807,0.8209821581840515,56.0,56.0,2.0,0.0
2493,0.0278,0.029194027185440063,0.7888982869954033,0.8129546642303467,0.8477331399917603,0.8129546642303467,0.8216146230697632,24.0,24.0,1.0,0.0
2494,0.0329,0.03653582185506821,0.9569399549405034,0.8097620010375977,0.8878955245018005,0.8097620010375977,0.8059895634651184,24.0,24.0,3.0,0.0
2495,0.0469,0.042341746389865875,1.7908028544301746,2.233973503112793,2.3464999198913574,2.233973503112793,0.8324218988418579,64.0,64.0,2.0,0.0
2496,0.0256,0.024286745116114616,0.5717593525219236,0.7564910054206848,0.7910298109054565,0.7564910054206848,0.8187500238418579,24.0,24.0,3.0,0.0
2497,0.0285,0.04724393039941788,1.0639215257702936,2.3272721767425537,2.550858497619629,2.3272721767425537,0.8388392925262451,56.0,56.0,1.0,0.0
2498,0.015,0.025691846385598183,2.203563642236845,5.369649887084961,5.236649990081787,5.369649887084961,0.8850586414337158,64.0,64.0,4.0,0.0
2499,0.0267,0.027889758348464966,0.674930862645973,0.698366641998291,0.727756142616272,0.698366641998291,0.803906261920929,24.0,24.0,3.0,0.0
2500,0.0288,0.020671557635068893,0.6716484121681308,0.7299731969833374,0.7602532505989075,0.7299731969833374,0.8065104484558105,24.0,24.0,3.0,0.0
