1780023249	0	858
1780023249	1	858
1780023249	2	858
1780023249	3	858
1780023249	4	858
1780023249	5	858
1780023249	6	858
1780023249	7	858
1780023255	0	859
1780023255	1	859
1780023255	2	859
1780023255	3	859
1780023255	4	859
1780023255	5	859
1780023255	6	859
1780023255	7	859
1780023261	0	859
1780023261	1	859
1780023261	2	859
1780023261	3	859
1780023261	4	859
1780023261	5	859
1780023261	6	859
1780023261	7	859
1780023266	0	859
1780023266	1	859
1780023266	2	859
1780023266	3	859
1780023266	4	859
1780023266	5	859
1780023266	6	859
1780023266	7	859
1780023272	0	859
1780023272	1	859
1780023272	2	859
1780023272	3	859
1780023272	4	859
1780023272	5	859
1780023272	6	859
1780023272	7	859
1780023277	0	859
1780023277	1	859
1780023277	2	859
1780023277	3	859
1780023277	4	859
1780023277	5	859
1780023277	6	859
1780023277	7	859
1780023283	0	860
1780023283	1	860
1780023283	2	860
1780023283	3	860
1780023283	4	860
1780023283	5	860
1780023283	6	860
1780023283	7	860
1780023288	0	860
1780023288	1	860
1780023288	2	860
1780023288	3	860
1780023288	4	860
1780023288	5	860
1780023288	6	860
1780023288	7	860
1780023294	0	860
1780023294	1	860
1780023294	2	860
1780023294	3	860
1780023294	4	860
1780023294	5	860
1780023294	6	860
1780023294	7	860
1780023300	0	860
1780023300	1	860
1780023300	2	860
1780023300	3	860
1780023300	4	860
1780023300	5	860
1780023300	6	860
1780023300	7	860
1780023305	0	860
1780023305	1	860
1780023305	2	860
1780023305	3	860
1780023305	4	860
1780023305	5	860
1780023305	6	860
1780023305	7	860
1780023311	0	860
1780023311	1	860
1780023311	2	860
1780023311	3	860
1780023311	4	860
1780023311	5	860
1780023311	6	860
1780023311	7	860
1780023316	0	866
1780023316	1	866
1780023316	2	866
1780023316	3	866
1780023316	4	866
1780023316	5	866
1780023316	6	866
1780023316	7	866
1780023322	0	866
1780023322	1	866
1780023322	2	866
1780023322	3	866
1780023322	4	866
1780023322	5	866
1780023322	6	866
1780023322	7	866
1780023328	0	866
1780023328	1	866
1780023328	2	866
1780023328	3	866
1780023328	4	866
1780023328	5	866
1780023328	6	866
1780023328	7	866
1780023333	0	866
1780023333	1	866
1780023333	2	866
1780023333	3	866
1780023333	4	866
1780023333	5	866
1780023333	6	866
1780023333	7	866
1780023339	0	866
1780023339	1	866
1780023339	2	866
1780023339	3	866
1780023339	4	866
1780023339	5	866
1780023339	6	866
1780023339	7	866
1780023344	0	866
1780023344	1	866
1780023344	2	866
1780023344	3	866
1780023344	4	866
1780023344	5	866
1780023344	6	866
1780023344	7	866
1780023350	0	866
1780023350	1	866
1780023350	2	866
1780023350	3	866
1780023350	4	866
1780023350	5	866
1780023350	6	866
1780023350	7	866
1780023356	0	866
1780023356	1	866
1780023356	2	866
1780023356	3	866
1780023356	4	866
1780023356	5	866
1780023356	6	866
1780023356	7	866
1780023361	0	866
1780023361	1	866
1780023361	2	866
1780023361	3	866
1780023361	4	866
1780023361	5	866
1780023361	6	866
1780023361	7	866
1780023367	0	866
1780023367	1	866
1780023367	2	866
1780023367	3	866
1780023367	4	866
1780023367	5	866
1780023367	6	866
1780023367	7	866
1780023372	0	866
1780023372	1	866
1780023372	2	866
1780023372	3	866
1780023372	4	866
1780023372	5	866
1780023372	6	866
1780023372	7	866
1780023378	0	866
1780023378	1	866
1780023378	2	866
1780023378	3	866
1780023378	4	866
1780023378	5	866
1780023378	6	866
1780023378	7	866
1780023383	0	866
1780023383	1	866
1780023383	2	866
1780023383	3	866
1780023383	4	866
1780023383	5	866
1780023383	6	866
1780023383	7	866
1780023389	0	866
1780023389	1	866
1780023389	2	866
1780023389	3	866
1780023389	4	866
1780023389	5	866
1780023389	6	866
1780023389	7	866
1780023395	0	866
1780023395	1	866
1780023395	2	866
1780023395	3	866
1780023395	4	866
1780023395	5	866
1780023395	6	866
1780023395	7	866
1780023402	0	866
1780023402	1	866
1780023402	2	866
1780023402	3	866
1780023402	4	866
1780023402	5	866
1780023402	6	866
1780023402	7	866
1780023408	0	866
1780023408	1	866
1780023408	2	866
1780023408	3	866
1780023408	4	866
1780023408	5	866
1780023408	6	866
1780023408	7	866
1780023414	0	866
1780023414	1	866
1780023414	2	866
1780023414	3	866
1780023414	4	866
1780023414	5	866
1780023414	6	866
1780023414	7	866
1780023420	0	866
1780023420	1	866
1780023420	2	866
1780023420	3	866
1780023420	4	866
1780023420	5	866
1780023420	6	866
1780023420	7	866
1780023426	0	866
1780023426	1	866
1780023426	2	866
1780023426	3	866
1780023426	4	866
1780023426	5	866
1780023426	6	866
1780023426	7	866
1780023432	0	866
1780023432	1	866
1780023432	2	866
1780023432	3	866
1780023432	4	866
1780023432	5	866
1780023432	6	866
1780023432	7	866
1780023437	0	866
1780023437	1	866
1780023437	2	866
1780023437	3	866
1780023437	4	866
1780023437	5	866
1780023437	6	866
1780023437	7	866
1780023443	0	867
1780023443	1	1229
1780023443	2	867
1780023443	3	1249
1780023443	4	1249
1780023443	5	1249
1780023443	6	1249
1780023443	7	1249
1780023449	0	3170
1780023449	1	3171
1780023449	2	3171
1780023449	3	3171
1780023449	4	3171
1780023449	5	3171
1780023449	6	3171
1780023449	7	3171
1780023454	0	3169
1780023454	1	3170
1780023454	2	3170
1780023454	3	3170
1780023454	4	3170
1780023454	5	3170
1780023454	6	3170
1780023454	7	3170
1780023460	0	4069
1780023460	1	4069
1780023460	2	4069
1780023460	3	4069
1780023460	4	4069
1780023460	5	4069
1780023460	6	4070
1780023460	7	4070
1780023465	0	5009
1780023465	1	5010
1780023465	2	5010
1780023465	3	5010
1780023465	4	5010
1780023465	5	5010
1780023465	6	5010
1780023465	7	5010
1780023471	0	5909
1780023471	1	5910
1780023471	2	5910
1780023471	3	5910
1780023471	4	5910
1780023471	5	5929
1780023471	6	6009
1780023471	7	6009
1780023476	0	6849
1780023476	1	6850
1780023476	2	6850
1780023476	3	6850
1780023476	4	6849
1780023476	5	6869
1780023476	6	6869
1780023476	7	6869
1780023482	0	7849
1780023482	1	7849
1780023482	2	7849
1780023482	3	7849
1780023482	4	7849
1780023482	5	7849
1780023482	6	7849
1780023482	7	7849
1780023488	0	8709
1780023488	1	8769
1780023488	2	8769
1780023488	3	8769
1780023488	4	8769
1780023488	5	8769
1780023488	6	8769
1780023488	7	8769
1780023493	0	9690
1780023493	1	9690
1780023493	2	9789
1780023493	3	9789
1780023493	4	9789
1780023493	5	9789
1780023493	6	9789
1780023493	7	9789
1780023499	0	10709
1780023499	1	10709
1780023499	2	10709
1780023499	3	10709
1780023499	4	10709
1780023499	5	10709
1780023499	6	10710
1780023499	7	10710
1780023504	0	11629
1780023504	1	11630
1780023504	2	11630
1780023504	3	11630
1780023504	4	11630
1780023504	5	11630
1780023504	6	11630
1780023504	7	11630
1780023510	0	12569
1780023510	1	12629
1780023510	2	12629
1780023510	3	12629
1780023510	4	12629
1780023510	5	12629
1780023510	6	12629
1780023510	7	12629
1780023515	0	13509
1780023515	1	13549
1780023515	2	13549
1780023515	3	13549
1780023515	4	13649
1780023515	5	13649
1780023515	6	13649
1780023515	7	13649
1780023521	0	14569
1780023521	1	14570
1780023521	2	14570
1780023521	3	14570
1780023521	4	14570
1780023521	5	14570
1780023521	6	14570
1780023521	7	14570
1780023527	0	15490
1780023527	1	15490
1780023527	2	15490
1780023527	3	15490
1780023527	4	15510
1780023527	5	15509
1780023527	6	15589
1780023527	7	15589
1780023532	0	16410
1780023532	1	16410
1780023532	2	16410
1780023532	3	16409
1780023532	4	16409
1780023532	5	16409
1780023532	6	16409
1780023532	7	16409
1780023538	0	17610
1780023538	1	17611
1780023538	2	17611
1780023538	3	17611
1780023538	4	17611
1780023538	5	17611
1780023538	6	17611
1780023538	7	17611
1780023543	0	18954
1780023543	1	18954
1780023543	2	18954
1780023543	3	18954
1780023543	4	18954
1780023543	5	18954
1780023543	6	18954
1780023543	7	18954
1780023549	0	18954
1780023549	1	18954
1780023549	2	18954
1780023549	3	18954
1780023549	4	18954
1780023549	5	18954
1780023549	6	18954
1780023549	7	18954
1780023554	0	18954
1780023554	1	18954
1780023554	2	18954
1780023554	3	18954
1780023554	4	18954
1780023554	5	18954
1780023554	6	18954
1780023554	7	18954
1780023559	0	18954
1780023559	1	18954
1780023559	2	18954
1780023559	3	18954
1780023559	4	18954
1780023559	5	18954
1780023559	6	18954
1780023559	7	18954
1780023565	0	18954
1780023565	1	18954
1780023565	2	18954
1780023565	3	18954
1780023565	4	18954
1780023565	5	18954
1780023565	6	18954
1780023565	7	18954
1780023570	0	18954
1780023570	1	18954
1780023570	2	18954
1780023570	3	18954
1780023570	4	18954
1780023570	5	18954
1780023570	6	18954
1780023570	7	18954
1780023575	0	20351
1780023575	1	20359
1780023575	2	20359
1780023575	3	20359
1780023575	4	20359
1780023575	5	20359
1780023575	6	20359
1780023575	7	20359
1780023581	0	20401
1780023581	1	21331
1780023581	2	20691
1780023581	3	21043
1780023581	4	21043
1780023581	5	21331
1780023581	6	21075
1780023581	7	21043
1780023586	0	20401
1780023586	1	21331
1780023586	2	20691
1780023586	3	21043
1780023586	4	21043
1780023586	5	21331
1780023586	6	21075
1780023586	7	21043
1780023591	0	20401
1780023591	1	21331
1780023591	2	20691
1780023591	3	21043
1780023591	4	21043
1780023591	5	21331
1780023591	6	21075
1780023591	7	21043
1780023597	0	20403
1780023597	1	21331
1780023597	2	20691
1780023597	3	21043
1780023597	4	21043
1780023597	5	21331
1780023597	6	21075
1780023597	7	21043
1780023602	0	20403
1780023602	1	21331
1780023602	2	20691
1780023602	3	21043
1780023602	4	21043
1780023602	5	21331
1780023602	6	21075
1780023602	7	21043
1780023607	0	20403
1780023607	1	21331
1780023607	2	20691
1780023607	3	21043
1780023607	4	21043
1780023607	5	21331
1780023607	6	21075
1780023607	7	21043
1780023613	0	21043
1780023613	1	21331
1780023613	2	21075
1780023613	3	21043
1780023613	4	21043
1780023613	5	21331
1780023613	6	21075
1780023613	7	21043
1780023618	0	21043
1780023618	1	21331
1780023618	2	21075
1780023618	3	21043
1780023618	4	21043
1780023618	5	21331
1780023618	6	21075
1780023618	7	21043
1780023623	0	21043
1780023623	1	21331
1780023623	2	21075
1780023623	3	21043
1780023623	4	21043
1780023623	5	21331
1780023623	6	21075
1780023623	7	21043
1780023629	0	6291
1780023629	1	12559
1780023629	2	12303
1780023629	3	12271
1780023629	4	12271
1780023629	5	12559
1780023629	6	12303
1780023629	7	12271
1780023634	0	6291
1780023634	1	12559
1780023634	2	12303
1780023634	3	12271
1780023634	4	12271
1780023634	5	12559
1780023634	6	12303
1780023634	7	12271
1780023639	0	6291
1780023639	1	12559
1780023639	2	12303
1780023639	3	12271
1780023639	4	12271
1780023639	5	12559
1780023639	6	12303
1780023639	7	12271
1780023645	0	6291
1780023645	1	12559
1780023645	2	12303
1780023645	3	12271
1780023645	4	12271
1780023645	5	12559
1780023645	6	12303
1780023645	7	12271
1780023650	0	12271
1780023650	1	12559
1780023650	2	12303
1780023650	3	12271
1780023650	4	12271
1780023650	5	12559
1780023650	6	12303
1780023650	7	12271
1780023655	0	12271
1780023655	1	12559
1780023655	2	12303
1780023655	3	12271
1780023655	4	12271
1780023655	5	12559
1780023655	6	12303
1780023655	7	12271
1780023661	0	12271
1780023661	1	12559
1780023661	2	12303
1780023661	3	12271
1780023661	4	12271
1780023661	5	12559
1780023661	6	12303
1780023661	7	12271
1780023666	0	12271
1780023666	1	16539
1780023666	2	16283
1780023666	3	16251
1780023666	4	16251
1780023666	5	16539
1780023666	6	16283
1780023666	7	16251
1780023671	0	12271
1780023671	1	16539
1780023671	2	16283
1780023671	3	16251
1780023671	4	16251
1780023671	5	16539
1780023671	6	16283
1780023671	7	16251
1780023677	0	16251
1780023677	1	16539
1780023677	2	16283
1780023677	3	16251
1780023677	4	16251
1780023677	5	16539
1780023677	6	16283
1780023677	7	16251
1780023682	0	16251
1780023682	1	16539
1780023682	2	16283
1780023682	3	16251
1780023682	4	16251
1780023682	5	16539
1780023682	6	16283
1780023682	7	16251
1780023687	0	16251
1780023687	1	16565
1780023687	2	16309
1780023687	3	16277
1780023687	4	16277
1780023687	5	16565
1780023687	6	16309
1780023687	7	16277
1780023693	0	16251
1780023693	1	16565
1780023693	2	16309
1780023693	3	16277
1780023693	4	16277
1780023693	5	16565
1780023693	6	16309
1780023693	7	16277
1780023698	0	16367
1780023698	1	16657
1780023698	2	16401
1780023698	3	16369
1780023698	4	16369
1780023698	5	16659
1780023698	6	16403
1780023698	7	16371
1780023703	0	16444
1780023703	1	16732
1780023703	2	16476
1780023703	3	16444
1780023703	4	16444
1780023703	5	16732
1780023703	6	16476
1780023703	7	16444
1780023708	0	16984
1780023708	1	17272
1780023708	2	17016
1780023708	3	16984
1780023708	4	16984
1780023708	5	17272
1780023708	6	17016
1780023708	7	16984
1780023714	0	16984
1780023714	1	17272
1780023714	2	17016
1780023714	3	16984
1780023714	4	16984
1780023714	5	17272
1780023714	6	17016
1780023714	7	16984
1780023719	0	16984
1780023719	1	17272
1780023719	2	17016
1780023719	3	16984
1780023719	4	16984
1780023719	5	17272
1780023719	6	17016
1780023719	7	16984
1780023724	0	16984
1780023724	1	17272
1780023724	2	17016
1780023724	3	16984
1780023724	4	16984
1780023724	5	17272
1780023724	6	17016
1780023724	7	16984
1780023730	0	16984
1780023730	1	17272
1780023730	2	17016
1780023730	3	16984
1780023730	4	16984
1780023730	5	17272
1780023730	6	17016
1780023730	7	16984
1780023735	0	16984
1780023735	1	17272
1780023735	2	17016
1780023735	3	16984
1780023735	4	16984
1780023735	5	17272
1780023735	6	17016
1780023735	7	16984
1780023740	0	16984
1780023740	1	17272
1780023740	2	17016
1780023740	3	16984
1780023740	4	16984
1780023740	5	17272
1780023740	6	17016
1780023740	7	16984
1780023746	0	16984
1780023746	1	17272
1780023746	2	17016
1780023746	3	16984
1780023746	4	16984
1780023746	5	17272
1780023746	6	17016
1780023746	7	16984
1780023751	0	16984
1780023751	1	17272
1780023751	2	17016
1780023751	3	16984
1780023751	4	16984
1780023751	5	17272
1780023751	6	17016
1780023751	7	16984
1780023756	0	16984
1780023756	1	17272
1780023756	2	17016
1780023756	3	16984
1780023756	4	16984
1780023756	5	17272
1780023756	6	17016
1780023756	7	16984
1780023762	0	16984
1780023762	1	17272
1780023762	2	17016
1780023762	3	16984
1780023762	4	16984
1780023762	5	17272
1780023762	6	17016
1780023762	7	16984
1780023767	0	16984
1780023767	1	17272
1780023767	2	17016
1780023767	3	16984
1780023767	4	16984
1780023767	5	17272
1780023767	6	17016
1780023767	7	16984
1780023772	0	16984
1780023772	1	17272
1780023772	2	17016
1780023772	3	16984
1780023772	4	16984
1780023772	5	17272
1780023772	6	17016
1780023772	7	16984
1780023778	0	16984
1780023778	1	17272
1780023778	2	17016
1780023778	3	16984
1780023778	4	16984
1780023778	5	17272
1780023778	6	17016
1780023778	7	16984
1780023783	0	16984
1780023783	1	17272
1780023783	2	17016
1780023783	3	16984
1780023783	4	16984
1780023783	5	17272
1780023783	6	17016
1780023783	7	16984
1780023788	0	16984
1780023788	1	17272
1780023788	2	17016
1780023788	3	16984
1780023788	4	16984
1780023788	5	17272
1780023788	6	17016
1780023788	7	16984
1780023794	0	16984
1780023794	1	17272
1780023794	2	17016
1780023794	3	16984
1780023794	4	16984
1780023794	5	17272
1780023794	6	17016
1780023794	7	16984
1780023799	0	16984
1780023799	1	17272
1780023799	2	17016
1780023799	3	16984
1780023799	4	16984
1780023799	5	17272
1780023799	6	17016
1780023799	7	16984
1780023804	0	16984
1780023804	1	17272
1780023804	2	17016
1780023804	3	16984
1780023804	4	16984
1780023804	5	17272
1780023804	6	17016
1780023804	7	16984
1780023809	0	16984
1780023809	1	17272
1780023809	2	17016
1780023809	3	16984
1780023809	4	16984
1780023809	5	17272
1780023809	6	17016
1780023809	7	16984
1780023815	0	17692
1780023815	1	17980
1780023815	2	17724
1780023815	3	17692
1780023815	4	17692
1780023815	5	17980
1780023815	6	17724
1780023815	7	17692
1780023820	0	17832
1780023820	1	18120
1780023820	2	17864
1780023820	3	17832
1780023820	4	17832
1780023820	5	18120
1780023820	6	17864
1780023820	7	17832
1780023825	0	19012
1780023825	1	19300
1780023825	2	19044
1780023825	3	19012
1780023825	4	19012
1780023825	5	19300
1780023825	6	19044
1780023825	7	19012
1780023831	0	19012
1780023831	1	19300
1780023831	2	19044
1780023831	3	19012
1780023831	4	19012
1780023831	5	19300
1780023831	6	19044
1780023831	7	19012
1780023836	0	19012
1780023836	1	19300
1780023836	2	19044
1780023836	3	19012
1780023836	4	19012
1780023836	5	19300
1780023836	6	19044
1780023836	7	19012
1780023841	0	19012
1780023841	1	19300
1780023841	2	19044
1780023841	3	19012
1780023841	4	19012
1780023841	5	19300
1780023841	6	19044
1780023841	7	19012
1780023847	0	19012
1780023847	1	19300
1780023847	2	19044
1780023847	3	19012
1780023847	4	19012
1780023847	5	19300
1780023847	6	19044
1780023847	7	19012
1780023852	0	19012
1780023852	1	19300
1780023852	2	19044
1780023852	3	19012
1780023852	4	19012
1780023852	5	19300
1780023852	6	19044
1780023852	7	19012
1780023857	0	19012
1780023857	1	19300
1780023857	2	19044
1780023857	3	19012
1780023857	4	19012
1780023857	5	19300
1780023857	6	19044
1780023857	7	19012
1780023863	0	19012
1780023863	1	19300
1780023863	2	19044
1780023863	3	19012
1780023863	4	19012
1780023863	5	19300
1780023863	6	19044
1780023863	7	19012
1780023868	0	19012
1780023868	1	19300
1780023868	2	19044
1780023868	3	19012
1780023868	4	19012
1780023868	5	19300
1780023868	6	19044
1780023868	7	19012
1780023873	0	19012
1780023873	1	19300
1780023873	2	19044
1780023873	3	19012
1780023873	4	19012
1780023873	5	19300
1780023873	6	19044
1780023873	7	19012
1780023879	0	19012
1780023879	1	19300
1780023879	2	19044
1780023879	3	19012
1780023879	4	19012
1780023879	5	19300
1780023879	6	19044
1780023879	7	19012
1780023884	0	19012
1780023884	1	19300
1780023884	2	19044
1780023884	3	19012
1780023884	4	19012
1780023884	5	19300
1780023884	6	19044
1780023884	7	19012
1780023889	0	19012
1780023889	1	19300
1780023889	2	19044
1780023889	3	19012
1780023889	4	19012
1780023889	5	19300
1780023889	6	19044
1780023889	7	19012
1780023895	0	19012
1780023895	1	19300
1780023895	2	19044
1780023895	3	19012
1780023895	4	19012
1780023895	5	19300
1780023895	6	19044
1780023895	7	19012
1780023900	0	19012
1780023900	1	19300
1780023900	2	19044
1780023900	3	19012
1780023900	4	19012
1780023900	5	19300
1780023900	6	19044
1780023900	7	19012
1780023905	0	19012
1780023905	1	19300
1780023905	2	19044
1780023905	3	19012
1780023905	4	19012
1780023905	5	19300
1780023905	6	19044
1780023905	7	19012
1780023911	0	19012
1780023911	1	19300
1780023911	2	19044
1780023911	3	19012
1780023911	4	19012
1780023911	5	19300
1780023911	6	19044
1780023911	7	19012
1780023916	0	19012
1780023916	1	19300
1780023916	2	19044
1780023916	3	19012
1780023916	4	19012
1780023916	5	19300
1780023916	6	19044
1780023916	7	19012
1780023921	0	19012
1780023921	1	19300
1780023921	2	19044
1780023921	3	19012
1780023921	4	19012
1780023921	5	19300
1780023921	6	19044
1780023921	7	19012
1780023927	0	19012
1780023927	1	19300
1780023927	2	19044
1780023927	3	19012
1780023927	4	19012
1780023927	5	19300
1780023927	6	19044
1780023927	7	19012
1780023932	0	19092
1780023932	1	19386
1780023932	2	19132
1780023932	3	19100
1780023932	4	19100
1780023932	5	19388
1780023932	6	19132
1780023932	7	19100
1780023937	0	19980
1780023937	1	20268
1780023937	2	20012
1780023937	3	19980
1780023937	4	19980
1780023937	5	20268
1780023937	6	20012
1780023937	7	19980
1780023943	0	21160
1780023943	1	21448
1780023943	2	21192
1780023943	3	21160
1780023943	4	21160
1780023943	5	21448
1780023943	6	21192
1780023943	7	21160
1780023948	0	21160
1780023948	1	21448
1780023948	2	21192
1780023948	3	21160
1780023948	4	21160
1780023948	5	21448
1780023948	6	21192
1780023948	7	21160
1780023953	0	21160
1780023953	1	21448
1780023953	2	21192
1780023953	3	21160
1780023953	4	21160
1780023953	5	21448
1780023953	6	21192
1780023953	7	21160
1780023959	0	21160
1780023959	1	21448
1780023959	2	21192
1780023959	3	21160
1780023959	4	21160
1780023959	5	21448
1780023959	6	21192
1780023959	7	21160
1780023964	0	21160
1780023964	1	21448
1780023964	2	21192
1780023964	3	21160
1780023964	4	21160
1780023964	5	21448
1780023964	6	21192
1780023964	7	21160
1780023969	0	21160
1780023969	1	21448
1780023969	2	21192
1780023969	3	21160
1780023969	4	21160
1780023969	5	21448
1780023969	6	21192
1780023969	7	21160
1780023975	0	21160
1780023975	1	21448
1780023975	2	21192
1780023975	3	21160
1780023975	4	21160
1780023975	5	21448
1780023975	6	21192
1780023975	7	21160
1780023980	0	21160
1780023980	1	21448
1780023980	2	21192
1780023980	3	21160
1780023980	4	21160
1780023980	5	21448
1780023980	6	21192
1780023980	7	21160
1780023985	0	21160
1780023985	1	21448
1780023985	2	21192
1780023985	3	21160
1780023985	4	21160
1780023985	5	21448
1780023985	6	21192
1780023985	7	21160
1780023990	0	21160
1780023990	1	21448
1780023990	2	21192
1780023990	3	21160
1780023990	4	21160
1780023990	5	21448
1780023990	6	21192
1780023990	7	21160
1780023996	0	21160
1780023996	1	21448
1780023996	2	21192
1780023996	3	21160
1780023996	4	21160
1780023996	5	21448
1780023996	6	21192
1780023996	7	21160
1780024001	0	21160
1780024001	1	21448
1780024001	2	21192
1780024001	3	21160
1780024001	4	21160
1780024001	5	21448
1780024001	6	21192
1780024001	7	21160
1780024006	0	21160
1780024006	1	21448
1780024006	2	21192
1780024006	3	21160
1780024006	4	21160
1780024006	5	21448
1780024006	6	21192
1780024006	7	21160
1780024012	0	21160
1780024012	1	21448
1780024012	2	21192
1780024012	3	21160
1780024012	4	21160
1780024012	5	21448
1780024012	6	21192
1780024012	7	21160
1780024017	0	21160
1780024017	1	21448
1780024017	2	21192
1780024017	3	21160
1780024017	4	21160
1780024017	5	21448
1780024017	6	21192
1780024017	7	21160
1780024022	0	21160
1780024022	1	21448
1780024022	2	21192
1780024022	3	21160
1780024022	4	21160
1780024022	5	21448
1780024022	6	21192
1780024022	7	21160
1780024028	0	21160
1780024028	1	21448
1780024028	2	21192
1780024028	3	21160
1780024028	4	21160
1780024028	5	21448
1780024028	6	21192
1780024028	7	21160
1780024033	0	21160
1780024033	1	21448
1780024033	2	21192
1780024033	3	21160
1780024033	4	21160
1780024033	5	21448
1780024033	6	21192
1780024033	7	21160
1780024038	0	21160
1780024038	1	21448
1780024038	2	21192
1780024038	3	21160
1780024038	4	21160
1780024038	5	21448
1780024038	6	21192
1780024038	7	21160
1780024044	0	21160
1780024044	1	21448
1780024044	2	21192
1780024044	3	21160
1780024044	4	21160
1780024044	5	21448
1780024044	6	21192
1780024044	7	21160
1780024049	0	21986
1780024049	1	22274
1780024049	2	22018
1780024049	3	21986
1780024049	4	21986
1780024049	5	22274
1780024049	6	22018
1780024049	7	21986
1780024054	0	21986
1780024054	1	22274
1780024054	2	22018
1780024054	3	21986
1780024054	4	23166
1780024054	5	23454
1780024054	6	23198
1780024054	7	23166
1780024060	0	23166
1780024060	1	23454
1780024060	2	23198
1780024060	3	23166
1780024060	4	23166
1780024060	5	23454
1780024060	6	23198
1780024060	7	23166
1780024065	0	23166
1780024065	1	23454
1780024065	2	23198
1780024065	3	23166
1780024065	4	23166
1780024065	5	23454
1780024065	6	23198
1780024065	7	23166
1780024070	0	23166
1780024070	1	23454
1780024070	2	23198
1780024070	3	23166
1780024070	4	23166
1780024070	5	23454
1780024070	6	23198
1780024070	7	23166
1780024076	0	23166
1780024076	1	23454
1780024076	2	23198
1780024076	3	23166
1780024076	4	23166
1780024076	5	23454
1780024076	6	23198
1780024076	7	23166
1780024081	0	23166
1780024081	1	23454
1780024081	2	23198
1780024081	3	23166
1780024081	4	23166
1780024081	5	23454
1780024081	6	23198
1780024081	7	23166
1780024086	0	23166
1780024086	1	23454
1780024086	2	23198
1780024086	3	23166
1780024086	4	23166
1780024086	5	23454
1780024086	6	23198
1780024086	7	23166
1780024091	0	23166
1780024091	1	23454
1780024091	2	23198
1780024091	3	23166
1780024091	4	23166
1780024091	5	23454
1780024091	6	23198
1780024091	7	23166
1780024097	0	23166
1780024097	1	23454
1780024097	2	23198
1780024097	3	23166
1780024097	4	23166
1780024097	5	23454
1780024097	6	23198
1780024097	7	23166
1780024102	0	23166
1780024102	1	23454
1780024102	2	23198
1780024102	3	23166
1780024102	4	23166
1780024102	5	23454
1780024102	6	23198
1780024102	7	23166
1780024107	0	23166
1780024107	1	23454
1780024107	2	23198
1780024107	3	23166
1780024107	4	23166
1780024107	5	23454
1780024107	6	23198
1780024107	7	23166
1780024113	0	23166
1780024113	1	23454
1780024113	2	23198
1780024113	3	23166
1780024113	4	23166
1780024113	5	23454
1780024113	6	23198
1780024113	7	23166
1780024118	0	23166
1780024118	1	23454
1780024118	2	23198
1780024118	3	23166
1780024118	4	23166
1780024118	5	23454
1780024118	6	23198
1780024118	7	23166
1780024123	0	23166
1780024123	1	23454
1780024123	2	23198
1780024123	3	23166
1780024123	4	23166
1780024123	5	23454
1780024123	6	23198
1780024123	7	23166
1780024129	0	23166
1780024129	1	23454
1780024129	2	23198
1780024129	3	23166
1780024129	4	23166
1780024129	5	23454
1780024129	6	23198
1780024129	7	23166
1780024134	0	23166
1780024134	1	23454
1780024134	2	23198
1780024134	3	23166
1780024134	4	23166
1780024134	5	23454
1780024134	6	23198
1780024134	7	23166
1780024139	0	23166
1780024139	1	23454
1780024139	2	23198
1780024139	3	23166
1780024139	4	23166
1780024139	5	23454
1780024139	6	23198
1780024139	7	23166
1780024145	0	23166
1780024145	1	23454
1780024145	2	23198
1780024145	3	23166
1780024145	4	23166
1780024145	5	23454
1780024145	6	23198
1780024145	7	23166
1780024150	0	23166
1780024150	1	23454
1780024150	2	23198
1780024150	3	23166
1780024150	4	23166
1780024150	5	23454
1780024150	6	23198
1780024150	7	23166
1780024155	0	23166
1780024155	1	23454
1780024155	2	23198
1780024155	3	23166
1780024155	4	23166
1780024155	5	23454
1780024155	6	23198
1780024155	7	23166
1780024161	0	23166
1780024161	1	23454
1780024161	2	23198
1780024161	3	23168
1780024161	4	23168
1780024161	5	23456
1780024161	6	23200
1780024161	7	23168
1780024166	0	24154
1780024166	1	24442
1780024166	2	24186
1780024166	3	24154
1780024166	4	24154
1780024166	5	24442
1780024166	6	24186
1780024166	7	24154
1780024171	0	25334
1780024171	1	25622
1780024171	2	25366
1780024171	3	25334
1780024171	4	25334
1780024171	5	25622
1780024171	6	25366
1780024171	7	25334
1780024177	0	25334
1780024177	1	25622
1780024177	2	25366
1780024177	3	25334
1780024177	4	25334
1780024177	5	25622
1780024177	6	25366
1780024177	7	25334
1780024182	0	25334
1780024182	1	25622
1780024182	2	25366
1780024182	3	25334
1780024182	4	25334
1780024182	5	25622
1780024182	6	25366
1780024182	7	25334
1780024187	0	25334
1780024187	1	25622
1780024187	2	25366
1780024187	3	25334
1780024187	4	25334
1780024187	5	25622
1780024187	6	25366
1780024187	7	25334
1780024193	0	25334
1780024193	1	25622
1780024193	2	25366
1780024193	3	25334
1780024193	4	25334
1780024193	5	25622
1780024193	6	25366
1780024193	7	25334
1780024198	0	25334
1780024198	1	25622
1780024198	2	25366
1780024198	3	25334
1780024198	4	25334
1780024198	5	25622
1780024198	6	25366
1780024198	7	25334
1780024203	0	25334
1780024203	1	25622
1780024203	2	25366
1780024203	3	25334
1780024203	4	25334
1780024203	5	25622
1780024203	6	25366
1780024203	7	25334
1780024208	0	25334
1780024208	1	25622
1780024208	2	25366
1780024208	3	25334
1780024208	4	25334
1780024208	5	25622
1780024208	6	25366
1780024208	7	25334
1780024214	0	25334
1780024214	1	25622
1780024214	2	25366
1780024214	3	25334
1780024214	4	25334
1780024214	5	25622
1780024214	6	25366
1780024214	7	25334
1780024219	0	25334
1780024219	1	25622
1780024219	2	25366
1780024219	3	25334
1780024219	4	25334
1780024219	5	25622
1780024219	6	25366
1780024219	7	25334
1780024224	0	25334
1780024224	1	25622
1780024224	2	25366
1780024224	3	25334
1780024224	4	25334
1780024224	5	25622
1780024224	6	25366
1780024224	7	25334
1780024230	0	25334
1780024230	1	25622
1780024230	2	25366
1780024230	3	25334
1780024230	4	25334
1780024230	5	25622
1780024230	6	25366
1780024230	7	25334
1780024235	0	25334
1780024235	1	25622
1780024235	2	25366
1780024235	3	25334
1780024235	4	25334
1780024235	5	25622
1780024235	6	25366
1780024235	7	25334
1780024240	0	25334
1780024240	1	25622
1780024240	2	25366
1780024240	3	25334
1780024240	4	25334
1780024240	5	25622
1780024240	6	25366
1780024240	7	25334
1780024246	0	25334
1780024246	1	25622
1780024246	2	25366
1780024246	3	25334
1780024246	4	25334
1780024246	5	25622
1780024246	6	25366
1780024246	7	25334
1780024251	0	25334
1780024251	1	25676
1780024251	2	25420
1780024251	3	25388
1780024251	4	25388
1780024251	5	25676
1780024251	6	25420
1780024251	7	25388
1780024256	0	25334
1780024256	1	25676
1780024256	2	25420
1780024256	3	25388
1780024256	4	25388
1780024256	5	25676
1780024256	6	25420
1780024256	7	25388
1780024262	0	25334
1780024262	1	25676
1780024262	2	25420
1780024262	3	25388
1780024262	4	25388
1780024262	5	25676
1780024262	6	25420
1780024262	7	25388
1780024267	0	25334
1780024267	1	25676
1780024267	2	25420
1780024267	3	25388
1780024267	4	25388
1780024267	5	25676
1780024267	6	25420
1780024267	7	25388
1780024272	0	25334
1780024272	1	25676
1780024272	2	25420
1780024272	3	25388
1780024272	4	25388
1780024272	5	25676
1780024272	6	25420
1780024272	7	25388
1780024278	0	25420
1780024278	1	25708
1780024278	2	25452
1780024278	3	25420
1780024278	4	25420
1780024278	5	25708
1780024278	6	25452
1780024278	7	25420
1780024283	0	26198
1780024283	1	26486
1780024283	2	26230
1780024283	3	26198
1780024283	4	26198
1780024283	5	26486
1780024283	6	26230
1780024283	7	26198
1780024288	0	28080
1780024288	1	28348
1780024288	2	27912
1780024288	3	28000
1780024288	4	27920
1780024288	5	29248
1780024288	6	29252
1780024288	7	28080
1780024294	0	28080
1780024294	1	28368
1780024294	2	28092
1780024294	3	28100
1780024294	4	28000
1780024294	5	29248
1780024294	6	29252
1780024294	7	28080
1780024299	0	28280
1780024299	1	28388
1780024299	2	28852
1780024299	3	28880
1780024299	4	28340
1780024299	5	29248
1780024299	6	29252
1780024299	7	28380
1780024304	0	28280
1780024304	1	28388
1780024304	2	28852
1780024304	3	28880
1780024304	4	28340
1780024304	5	29248
1780024304	6	29252
1780024304	7	28380
1780024309	0	28480
1780024309	1	28508
1780024309	2	28852
1780024309	3	28880
1780024309	4	28340
1780024309	5	29248
1780024309	6	29252
1780024309	7	28380
1780024315	0	28480
1780024315	1	28508
1780024315	2	28852
1780024315	3	28880
1780024315	4	28340
1780024315	5	29248
1780024315	6	29712
1780024315	7	29060
1780024320	0	28860
1780024320	1	28748
1780024320	2	28852
1780024320	3	28880
1780024320	4	28340
1780024320	5	29248
1780024320	6	29712
1780024320	7	29060
1780024325	0	29800
1780024325	1	28928
1780024325	2	29832
1780024325	3	29840
1780024325	4	29680
1780024325	5	29488
1780024325	6	29712
1780024325	7	29060
1780024331	0	29800
1780024331	1	28928
1780024331	2	29832
1780024331	3	29840
1780024331	4	29680
1780024331	5	29488
1780024331	6	29712
1780024331	7	29060
1780024336	0	32862
1780024336	1	32850
1780024336	2	32894
1780024336	3	33242
1780024336	4	32682
1780024336	5	33250
1780024336	6	32134
1780024336	7	33014
1780024341	0	38906
1780024341	1	39774
1780024341	2	39198
1780024341	3	39566
1780024341	4	39606
1780024341	5	39614
1780024341	6	39818
1780024341	7	39526
1780024347	0	43717
1780024347	1	44293
1780024347	2	43781
1780024347	3	43717
1780024347	4	45517
1780024347	5	44295
1780024347	6	45583
1780024347	7	43717
1780024352	0	43717
1780024352	1	44293
1780024352	2	43781
1780024352	3	43717
1780024352	4	45517
1780024352	5	44295
1780024352	6	45583
1780024352	7	43717
1780024357	0	43719
1780024357	1	44293
1780024357	2	43781
1780024357	3	43719
1780024357	4	45517
1780024357	5	44297
1780024357	6	45583
1780024357	7	43717
1780024363	0	49359
1780024363	1	49973
1780024363	2	49841
1780024363	3	49459
1780024363	4	49777
1780024363	5	50037
1780024363	6	49563
1780024363	7	49657
1780024368	0	49359
1780024368	1	49973
1780024368	2	49843
1780024368	3	49459
1780024368	4	49779
1780024368	5	50037
1780024368	6	49563
1780024368	7	49657
1780024373	0	49359
1780024373	1	49973
1780024373	2	49843
1780024373	3	49459
1780024373	4	49779
1780024373	5	50037
1780024373	6	49563
1780024373	7	49657
1780024379	0	49359
1780024379	1	49975
1780024379	2	49843
1780024379	3	49459
1780024379	4	49779
1780024379	5	50037
1780024379	6	49563
1780024379	7	49659
1780024384	0	49859
1780024384	1	50635
1780024384	2	50403
1780024384	3	49659
1780024384	4	49919
1780024384	5	50757
1780024384	6	49683
1780024384	7	49799
1780024389	0	49859
1780024389	1	50635
1780024389	2	50403
1780024389	3	49659
1780024389	4	49919
1780024389	5	50757
1780024389	6	49683
1780024389	7	49799
1780024394	0	49859
1780024394	1	50635
1780024394	2	50403
1780024394	3	49659
1780024394	4	49919
1780024394	5	50757
1780024394	6	49683
1780024394	7	49799
1780024400	0	49859
1780024400	1	50635
1780024400	2	50403
1780024400	3	49659
1780024400	4	49919
1780024400	5	50757
1780024400	6	49683
1780024400	7	49799
1780024405	0	49859
1780024405	1	50635
1780024405	2	50403
1780024405	3	49659
1780024405	4	49919
1780024405	5	50757
1780024405	6	49683
1780024405	7	49799
1780024410	0	49859
1780024410	1	50635
1780024410	2	50403
1780024410	3	49659
1780024410	4	49919
1780024410	5	50757
1780024410	6	49683
1780024410	7	49799
1780024416	0	49859
1780024416	1	50635
1780024416	2	50403
1780024416	3	49659
1780024416	4	49919
1780024416	5	50757
1780024416	6	49683
1780024416	7	49799
1780024421	0	49861
1780024421	1	50635
1780024421	2	50405
1780024421	3	49659
1780024421	4	49919
1780024421	5	50757
1780024421	6	49683
1780024421	7	49799
1780024426	0	49861
1780024426	1	50635
1780024426	2	50405
1780024426	3	49659
1780024426	4	49919
1780024426	5	50757
1780024426	6	49683
1780024426	7	49799
1780024432	0	49861
1780024432	1	50635
1780024432	2	50405
1780024432	3	49659
1780024432	4	49919
1780024432	5	50757
1780024432	6	49683
1780024432	7	49799
1780024437	0	49861
1780024437	1	50635
1780024437	2	50405
1780024437	3	49659
1780024437	4	49919
1780024437	5	50757
1780024437	6	49683
1780024437	7	49799
1780024442	0	49861
1780024442	1	50635
1780024442	2	50405
1780024442	3	49659
1780024442	4	49919
1780024442	5	50757
1780024442	6	49683
1780024442	7	49799
1780024448	0	49861
1780024448	1	50635
1780024448	2	50405
1780024448	3	49659
1780024448	4	49919
1780024448	5	50757
1780024448	6	49683
1780024448	7	49799
1780024453	0	49861
1780024453	1	50635
1780024453	2	50405
1780024453	3	49659
1780024453	4	49919
1780024453	5	50757
1780024453	6	49683
1780024453	7	49799
1780024458	0	49861
1780024458	1	50635
1780024458	2	50405
1780024458	3	49659
1780024458	4	49919
1780024458	5	50757
1780024458	6	49683
1780024458	7	49799
1780024464	0	49861
1780024464	1	50635
1780024464	2	50405
1780024464	3	49659
1780024464	4	49919
1780024464	5	50757
1780024464	6	49685
1780024464	7	49799
1780024469	0	49861
1780024469	1	50637
1780024469	2	50405
1780024469	3	50079
1780024469	4	49919
1780024469	5	50757
1780024469	6	49785
1780024469	7	50339
1780024474	0	49861
1780024474	1	50637
1780024474	2	50405
1780024474	3	50079
1780024474	4	49919
1780024474	5	50757
1780024474	6	49785
1780024474	7	50339
1780024479	0	49861
1780024479	1	50637
1780024479	2	50405
1780024479	3	50079
1780024479	4	49919
1780024479	5	50757
1780024479	6	49785
1780024479	7	50339
1780024485	0	49861
1780024485	1	50637
1780024485	2	50405
1780024485	3	50079
1780024485	4	49919
1780024485	5	50757
1780024485	6	49785
1780024485	7	50339
1780024490	0	49861
1780024490	1	50637
1780024490	2	50405
1780024490	3	50079
1780024490	4	49919
1780024490	5	50757
1780024490	6	49785
1780024490	7	50339
1780024495	0	49861
1780024495	1	50637
1780024495	2	50405
1780024495	3	50079
1780024495	4	49919
1780024495	5	50757
1780024495	6	49785
1780024495	7	50339
1780024501	0	49861
1780024501	1	51137
1780024501	2	50405
1780024501	3	50139
1780024501	4	49919
1780024501	5	50757
1780024501	6	49785
1780024501	7	50339
1780024506	0	49861
1780024506	1	51137
1780024506	2	50405
1780024506	3	50139
1780024506	4	49919
1780024506	5	50757
1780024506	6	49785
1780024506	7	50339
1780024511	0	49861
1780024511	1	51137
1780024511	2	50405
1780024511	3	50139
1780024511	4	49919
1780024511	5	50757
1780024511	6	49785
1780024511	7	50339
1780024517	0	49861
1780024517	1	51137
1780024517	2	50405
1780024517	3	50139
1780024517	4	49919
1780024517	5	50757
1780024517	6	49785
1780024517	7	50339
1780024522	0	49861
1780024522	1	51137
1780024522	2	50405
1780024522	3	50139
1780024522	4	49919
1780024522	5	50757
1780024522	6	49785
1780024522	7	50339
1780024527	0	49861
1780024527	1	51137
1780024527	2	50525
1780024527	3	50899
1780024527	4	50139
1780024527	5	50757
1780024527	6	50485
1780024527	7	50339
1780024533	0	49861
1780024533	1	51137
1780024533	2	50525
1780024533	3	50899
1780024533	4	50139
1780024533	5	50757
1780024533	6	50485
1780024533	7	50339
1780024538	0	49861
1780024538	1	51137
1780024538	2	50525
1780024538	3	50899
1780024538	4	50139
1780024538	5	50757
1780024538	6	50485
1780024538	7	50339
1780024544	0	49861
1780024544	1	51137
1780024544	2	50525
1780024544	3	50899
1780024544	4	50139
1780024544	5	50757
1780024544	6	50485
1780024544	7	50339
1780024549	0	49861
1780024549	1	51137
1780024549	2	50525
1780024549	3	50899
1780024549	4	50139
1780024549	5	50757
1780024549	6	50485
1780024549	7	50339
1780024554	0	49861
1780024554	1	51137
1780024554	2	50525
1780024554	3	50899
1780024554	4	50139
1780024554	5	50757
1780024554	6	50485
1780024554	7	50339
1780024560	0	49861
1780024560	1	51137
1780024560	2	50525
1780024560	3	50899
1780024560	4	50139
1780024560	5	50757
1780024560	6	50485
1780024560	7	50339
1780024565	0	49861
1780024565	1	51137
1780024565	2	50525
1780024565	3	50899
1780024565	4	50139
1780024565	5	50757
1780024565	6	50485
1780024565	7	50339
1780024570	0	50121
1780024570	1	51137
1780024570	2	50525
1780024570	3	50899
1780024570	4	50141
1780024570	5	50837
1780024570	6	50485
1780024570	7	50341
1780024576	0	50121
1780024576	1	51137
1780024576	2	50525
1780024576	3	50899
1780024576	4	50141
1780024576	5	50837
1780024576	6	50485
1780024576	7	50341
1780024581	0	50121
1780024581	1	51137
1780024581	2	50525
1780024581	3	50899
1780024581	4	50141
1780024581	5	50837
1780024581	6	50485
1780024581	7	50341
1780024586	0	50121
1780024586	1	51137
1780024586	2	50525
1780024586	3	50899
1780024586	4	50141
1780024586	5	50837
1780024586	6	50485
1780024586	7	50341
1780024592	0	50121
1780024592	1	51137
1780024592	2	50525
1780024592	3	50899
1780024592	4	50141
1780024592	5	50837
1780024592	6	50485
1780024592	7	50341
1780024597	0	50121
1780024597	1	51137
1780024597	2	50525
1780024597	3	50899
1780024597	4	50141
1780024597	5	50837
1780024597	6	50485
1780024597	7	50341
1780024602	0	50121
1780024602	1	51137
1780024602	2	50525
1780024602	3	50899
1780024602	4	50141
1780024602	5	50837
1780024602	6	50485
1780024602	7	50341
1780024607	0	50121
1780024607	1	51137
1780024607	2	50525
1780024607	3	50899
1780024607	4	50141
1780024607	5	50837
1780024607	6	50485
1780024607	7	50341
1780024613	0	50121
1780024613	1	51137
1780024613	2	50525
1780024613	3	50899
1780024613	4	50141
1780024613	5	50837
1780024613	6	50485
1780024613	7	50341
1780024618	0	50121
1780024618	1	51137
1780024618	2	50525
1780024618	3	50899
1780024618	4	50141
1780024618	5	50837
1780024618	6	50485
1780024618	7	50341
1780024623	0	50121
1780024623	1	51137
1780024623	2	50525
1780024623	3	50899
1780024623	4	50141
1780024623	5	50837
1780024623	6	50485
1780024623	7	50341
1780024629	0	50121
1780024629	1	51137
1780024629	2	50525
1780024629	3	50899
1780024629	4	50141
1780024629	5	50837
1780024629	6	50485
1780024629	7	50341
1780024634	0	50121
1780024634	1	51137
1780024634	2	50525
1780024634	3	50899
1780024634	4	50141
1780024634	5	50837
1780024634	6	50485
1780024634	7	50341
1780024639	0	50121
1780024639	1	51137
1780024639	2	50525
1780024639	3	50899
1780024639	4	50141
1780024639	5	50837
1780024639	6	50485
1780024639	7	50341
1780024645	0	50121
1780024645	1	51137
1780024645	2	50525
1780024645	3	50899
1780024645	4	50141
1780024645	5	50837
1780024645	6	50485
1780024645	7	50341
1780024650	0	50121
1780024650	1	51137
1780024650	2	50525
1780024650	3	50901
1780024650	4	50141
1780024650	5	50877
1780024650	6	50485
1780024650	7	50341
1780024655	0	50121
1780024655	1	51137
1780024655	2	50525
1780024655	3	50901
1780024655	4	50141
1780024655	5	50877
1780024655	6	50485
1780024655	7	50341
1780024661	0	50121
1780024661	1	51137
1780024661	2	50525
1780024661	3	50901
1780024661	4	50141
1780024661	5	50877
1780024661	6	50485
1780024661	7	50341
1780024666	0	50121
1780024666	1	51137
1780024666	2	50525
1780024666	3	50901
1780024666	4	50141
1780024666	5	50877
1780024666	6	50485
1780024666	7	50341
1780024671	0	50121
1780024671	1	51137
1780024671	2	50525
1780024671	3	50901
1780024671	4	50141
1780024671	5	50877
1780024671	6	50485
1780024671	7	50341
1780024677	0	50121
1780024677	1	51137
1780024677	2	50525
1780024677	3	50901
1780024677	4	50141
1780024677	5	50877
1780024677	6	50485
1780024677	7	50341
1780024682	0	50121
1780024682	1	51137
1780024682	2	50525
1780024682	3	50901
1780024682	4	50141
1780024682	5	50877
1780024682	6	50485
1780024682	7	50341
1780024687	0	50121
1780024687	1	51137
1780024687	2	50525
1780024687	3	50901
1780024687	4	50141
1780024687	5	50877
1780024687	6	50485
1780024687	7	50341
1780024693	0	50121
1780024693	1	51137
1780024693	2	50525
1780024693	3	50901
1780024693	4	50141
1780024693	5	50877
1780024693	6	50485
1780024693	7	50341
1780024698	0	50121
1780024698	1	51137
1780024698	2	50525
1780024698	3	50901
1780024698	4	50141
1780024698	5	50877
1780024698	6	50485
1780024698	7	50341
1780024703	0	50121
1780024703	1	51137
1780024703	2	50525
1780024703	3	50901
1780024703	4	50141
1780024703	5	50877
1780024703	6	50485
1780024703	7	50341
1780024708	0	50121
1780024708	1	51137
1780024708	2	50525
1780024708	3	50901
1780024708	4	50141
1780024708	5	50877
1780024708	6	50485
1780024708	7	50341
1780024714	0	50121
1780024714	1	51137
1780024714	2	50525
1780024714	3	50901
1780024714	4	50141
1780024714	5	50877
1780024714	6	50485
1780024714	7	50341
1780024719	0	50121
1780024719	1	51137
1780024719	2	50525
1780024719	3	50901
1780024719	4	50141
1780024719	5	50877
1780024719	6	50485
1780024719	7	50341
1780024724	0	50121
1780024724	1	51137
1780024724	2	50525
1780024724	3	50901
1780024724	4	50141
1780024724	5	50877
1780024724	6	50485
1780024724	7	50341
1780024730	0	50121
1780024730	1	51137
1780024730	2	50525
1780024730	3	50901
1780024730	4	50141
1780024730	5	50877
1780024730	6	50485
1780024730	7	50341
1780024735	0	50121
1780024735	1	51137
1780024735	2	50525
1780024735	3	50901
1780024735	4	50141
1780024735	5	50877
1780024735	6	50485
1780024735	7	50341
1780024740	0	50121
1780024740	1	51137
1780024740	2	50525
1780024740	3	50901
1780024740	4	50141
1780024740	5	50877
1780024740	6	50485
1780024740	7	50341
1780024746	0	50121
1780024746	1	51137
1780024746	2	50525
1780024746	3	50901
1780024746	4	50141
1780024746	5	50877
1780024746	6	50485
1780024746	7	50341
1780024751	0	50121
1780024751	1	51137
1780024751	2	50525
1780024751	3	50901
1780024751	4	50141
1780024751	5	50877
1780024751	6	50485
1780024751	7	50341
1780024756	0	50121
1780024756	1	51137
1780024756	2	50525
1780024756	3	50901
1780024756	4	50141
1780024756	5	50877
1780024756	6	50485
1780024756	7	50341
1780024761	0	50121
1780024761	1	51137
1780024761	2	50525
1780024761	3	50901
1780024761	4	50141
1780024761	5	50877
1780024761	6	50485
1780024761	7	50341
1780024767	0	50121
1780024767	1	51137
1780024767	2	50525
1780024767	3	50901
1780024767	4	50141
1780024767	5	50877
1780024767	6	50485
1780024767	7	50441
1780024772	0	50121
1780024772	1	51137
1780024772	2	50525
1780024772	3	50901
1780024772	4	50141
1780024772	5	50877
1780024772	6	50485
1780024772	7	50441
1780024777	0	50121
1780024777	1	51137
1780024777	2	50525
1780024777	3	50901
1780024777	4	50141
1780024777	5	50877
1780024777	6	50485
1780024777	7	50441
1780024783	0	50301
1780024783	1	51137
1780024783	2	50525
1780024783	3	50901
1780024783	4	50141
1780024783	5	50877
1780024783	6	50645
1780024783	7	50441
1780024788	0	50301
1780024788	1	51137
1780024788	2	50525
1780024788	3	50901
1780024788	4	50141
1780024788	5	50877
1780024788	6	50645
1780024788	7	50441
1780024793	0	50301
1780024793	1	51137
1780024793	2	50525
1780024793	3	50901
1780024793	4	50141
1780024793	5	50877
1780024793	6	50645
1780024793	7	50441
1780024799	0	50301
1780024799	1	51137
1780024799	2	50525
1780024799	3	50901
1780024799	4	50141
1780024799	5	50877
1780024799	6	50645
1780024799	7	50441
1780024804	0	50301
1780024804	1	51137
1780024804	2	50525
1780024804	3	50901
1780024804	4	50141
1780024804	5	50877
1780024804	6	50645
1780024804	7	50441
1780024809	0	50301
1780024809	1	51137
1780024809	2	50525
1780024809	3	50901
1780024809	4	50141
1780024809	5	50877
1780024809	6	50645
1780024809	7	50441
1780024815	0	50301
1780024815	1	51137
1780024815	2	50525
1780024815	3	50901
1780024815	4	50141
1780024815	5	50877
1780024815	6	50645
1780024815	7	50441
1780024820	0	50301
1780024820	1	51137
1780024820	2	50525
1780024820	3	50901
1780024820	4	50141
1780024820	5	50877
1780024820	6	50645
1780024820	7	50441
1780024825	0	50301
1780024825	1	51137
1780024825	2	50525
1780024825	3	50901
1780024825	4	50141
1780024825	5	50877
1780024825	6	50645
1780024825	7	50441
1780024831	0	50301
1780024831	1	51137
1780024831	2	50525
1780024831	3	50901
1780024831	4	50141
1780024831	5	50877
1780024831	6	50645
1780024831	7	50441
1780024836	0	50301
1780024836	1	51137
1780024836	2	50525
1780024836	3	50901
1780024836	4	50141
1780024836	5	50877
1780024836	6	50645
1780024836	7	50441
1780024841	0	50301
1780024841	1	51137
1780024841	2	50525
1780024841	3	50901
1780024841	4	50141
1780024841	5	50877
1780024841	6	50645
1780024841	7	50441
1780024847	0	50301
1780024847	1	51137
1780024847	2	50525
1780024847	3	50901
1780024847	4	50141
1780024847	5	50877
1780024847	6	50645
1780024847	7	50441
1780024852	0	50301
1780024852	1	51137
1780024852	2	50525
1780024852	3	50901
1780024852	4	50141
1780024852	5	50877
1780024852	6	50645
1780024852	7	50441
1780024857	0	50301
1780024857	1	51137
1780024857	2	50525
1780024857	3	50901
1780024857	4	50141
1780024857	5	50877
1780024857	6	50645
1780024857	7	50441
1780024862	0	50301
1780024862	1	51137
1780024862	2	50525
1780024862	3	50901
1780024862	4	50141
1780024862	5	50877
1780024862	6	50645
1780024862	7	50441
1780024868	0	50301
1780024868	1	51137
1780024868	2	50525
1780024868	3	50901
1780024868	4	50141
1780024868	5	50877
1780024868	6	50645
1780024868	7	50441
1780024873	0	50301
1780024873	1	51137
1780024873	2	50525
1780024873	3	50901
1780024873	4	50141
1780024873	5	50877
1780024873	6	50645
1780024873	7	50441
1780024878	0	50301
1780024878	1	51137
1780024878	2	50525
1780024878	3	50901
1780024878	4	50141
1780024878	5	50877
1780024878	6	50645
1780024878	7	50441
1780024884	0	50301
1780024884	1	51137
1780024884	2	50525
1780024884	3	50901
1780024884	4	50141
1780024884	5	50877
1780024884	6	50645
1780024884	7	50441
1780024889	0	50301
1780024889	1	51137
1780024889	2	50525
1780024889	3	50901
1780024889	4	50141
1780024889	5	50877
1780024889	6	50645
1780024889	7	50441
1780024894	0	50301
1780024894	1	51137
1780024894	2	50525
1780024894	3	50901
1780024894	4	50141
1780024894	5	50877
1780024894	6	50645
1780024894	7	50441
1780024900	0	50301
1780024900	1	51137
1780024900	2	50525
1780024900	3	50901
1780024900	4	50141
1780024900	5	50877
1780024900	6	50645
1780024900	7	50441
1780024905	0	50301
1780024905	1	51137
1780024905	2	50525
1780024905	3	50901
1780024905	4	50141
1780024905	5	50877
1780024905	6	50645
1780024905	7	50441
1780024910	0	50301
1780024910	1	51197
1780024910	2	50645
1780024910	3	50901
1780024910	4	50141
1780024910	5	50877
1780024910	6	50645
1780024910	7	50441
1780024916	0	50301
1780024916	1	51197
1780024916	2	50645
1780024916	3	50901
1780024916	4	50141
1780024916	5	50877
1780024916	6	50645
1780024916	7	50441
1780024921	0	50301
1780024921	1	51197
1780024921	2	50645
1780024921	3	50901
1780024921	4	50141
1780024921	5	50877
1780024921	6	50645
1780024921	7	50441
1780024926	0	50301
1780024926	1	51197
1780024926	2	50645
1780024926	3	50901
1780024926	4	50141
1780024926	5	50877
1780024926	6	50645
1780024926	7	50441
1780024932	0	50301
1780024932	1	51197
1780024932	2	50645
1780024932	3	50901
1780024932	4	50141
1780024932	5	50877
1780024932	6	50645
1780024932	7	50441
1780024937	0	50301
1780024937	1	51197
1780024937	2	50645
1780024937	3	50901
1780024937	4	50141
1780024937	5	50877
1780024937	6	50645
1780024937	7	50441
1780024942	0	50301
1780024942	1	51197
1780024942	2	50645
1780024942	3	50901
1780024942	4	50141
1780024942	5	50877
1780024942	6	50645
1780024942	7	50441
1780024948	0	50301
1780024948	1	51197
1780024948	2	50645
1780024948	3	50901
1780024948	4	50141
1780024948	5	50877
1780024948	6	50645
1780024948	7	50441
1780024953	0	50301
1780024953	1	51197
1780024953	2	50645
1780024953	3	50901
1780024953	4	50141
1780024953	5	50877
1780024953	6	50645
1780024953	7	50441
1780024958	0	50301
1780024958	1	51197
1780024958	2	50645
1780024958	3	50901
1780024958	4	50141
1780024958	5	50877
1780024958	6	50645
1780024958	7	50441
1780024963	0	50301
1780024963	1	51197
1780024963	2	50645
1780024963	3	50901
1780024963	4	50141
1780024963	5	50877
1780024963	6	50645
1780024963	7	50441
1780024969	0	50301
1780024969	1	51197
1780024969	2	50645
1780024969	3	50901
1780024969	4	50141
1780024969	5	50877
1780024969	6	50645
1780024969	7	50441
1780024974	0	50301
1780024974	1	51197
1780024974	2	50645
1780024974	3	50901
1780024974	4	50141
1780024974	5	50877
1780024974	6	50645
1780024974	7	50441
1780024980	0	50301
1780024980	1	51197
1780024980	2	50645
1780024980	3	50901
1780024980	4	50141
1780024980	5	50877
1780024980	6	50645
1780024980	7	50441
1780024985	0	50301
1780024985	1	51197
1780024985	2	50645
1780024985	3	50901
1780024985	4	50141
1780024985	5	50877
1780024985	6	50645
1780024985	7	50441
1780024990	0	50301
1780024990	1	51197
1780024990	2	50645
1780024990	3	50901
1780024990	4	50141
1780024990	5	50877
1780024990	6	50645
1780024990	7	50441
1780024995	0	50301
1780024995	1	51197
1780024995	2	50645
1780024995	3	50901
1780024995	4	50141
1780024995	5	50877
1780024995	6	50645
1780024995	7	50441
1780025001	0	50301
1780025001	1	51197
1780025001	2	50645
1780025001	3	50901
1780025001	4	50141
1780025001	5	50877
1780025001	6	50645
1780025001	7	50441
1780025006	0	50301
1780025006	1	51197
1780025006	2	50645
1780025006	3	50901
1780025006	4	50141
1780025006	5	50877
1780025006	6	50645
1780025006	7	50441
1780025011	0	50301
1780025011	1	51197
1780025011	2	50645
1780025011	3	50901
1780025011	4	50141
1780025011	5	50877
1780025011	6	50645
1780025011	7	50441
1780025017	0	50301
1780025017	1	51197
1780025017	2	50645
1780025017	3	50901
1780025017	4	50141
1780025017	5	50877
1780025017	6	50645
1780025017	7	50441
1780025022	0	50301
1780025022	1	51197
1780025022	2	50645
1780025022	3	50901
1780025022	4	50141
1780025022	5	50877
1780025022	6	50645
1780025022	7	50441
1780025027	0	50301
1780025027	1	51197
1780025027	2	50645
1780025027	3	50901
1780025027	4	50141
1780025027	5	50877
1780025027	6	50645
1780025027	7	50441
1780025033	0	50301
1780025033	1	51197
1780025033	2	50645
1780025033	3	50901
1780025033	4	50141
1780025033	5	50877
1780025033	6	50645
1780025033	7	50441
1780025038	0	50301
1780025038	1	51197
1780025038	2	50645
1780025038	3	50901
1780025038	4	50141
1780025038	5	50877
1780025038	6	50645
1780025038	7	50441
1780025043	0	50301
1780025043	1	51197
1780025043	2	50645
1780025043	3	50901
1780025043	4	50141
1780025043	5	50877
1780025043	6	50645
1780025043	7	50441
1780025049	0	50301
1780025049	1	51197
1780025049	2	50645
1780025049	3	50901
1780025049	4	50141
1780025049	5	50877
1780025049	6	50645
1780025049	7	50441
1780025054	0	50301
1780025054	1	51197
1780025054	2	50645
1780025054	3	50901
1780025054	4	50141
1780025054	5	50877
1780025054	6	50645
1780025054	7	50441
1780025059	0	50301
1780025059	1	51197
1780025059	2	50645
1780025059	3	50901
1780025059	4	50141
1780025059	5	50877
1780025059	6	50645
1780025059	7	50441
1780025065	0	50301
1780025065	1	51197
1780025065	2	50645
1780025065	3	50901
1780025065	4	50141
1780025065	5	50877
1780025065	6	50645
1780025065	7	50441
1780025070	0	50301
1780025070	1	51197
1780025070	2	50645
1780025070	3	50901
1780025070	4	50141
1780025070	5	50877
1780025070	6	50645
1780025070	7	50441
1780025075	0	50301
1780025075	1	51197
1780025075	2	50645
1780025075	3	50901
1780025075	4	50141
1780025075	5	50877
1780025075	6	50645
1780025075	7	50441
1780025080	0	50301
1780025080	1	51197
1780025080	2	50645
1780025080	3	50901
1780025080	4	50141
1780025080	5	50877
1780025080	6	50645
1780025080	7	50441
1780025086	0	50301
1780025086	1	51197
1780025086	2	50645
1780025086	3	50901
1780025086	4	50141
1780025086	5	50877
1780025086	6	50645
1780025086	7	50441
1780025091	0	50301
1780025091	1	51197
1780025091	2	50645
1780025091	3	50901
1780025091	4	50141
1780025091	5	50877
1780025091	6	50645
1780025091	7	50441
1780025096	0	50301
1780025096	1	51197
1780025096	2	50645
1780025096	3	50901
1780025096	4	50141
1780025096	5	50877
1780025096	6	50645
1780025096	7	50441
1780025102	0	50301
1780025102	1	51197
1780025102	2	50645
1780025102	3	50901
1780025102	4	50141
1780025102	5	50877
1780025102	6	50645
1780025102	7	50441
1780025107	0	50301
1780025107	1	51197
1780025107	2	50645
1780025107	3	50901
1780025107	4	50141
1780025107	5	50877
1780025107	6	50645
1780025107	7	50441
1780025112	0	50301
1780025112	1	51197
1780025112	2	50645
1780025112	3	50901
1780025112	4	50141
1780025112	5	50877
1780025112	6	50645
1780025112	7	50441
1780025118	0	50301
1780025118	1	51197
1780025118	2	50645
1780025118	3	50901
1780025118	4	50141
1780025118	5	50877
1780025118	6	50645
1780025118	7	50441
1780025123	0	50301
1780025123	1	51197
1780025123	2	50645
1780025123	3	50901
1780025123	4	50141
1780025123	5	50877
1780025123	6	50645
1780025123	7	50441
1780025128	0	50301
1780025128	1	51197
1780025128	2	50645
1780025128	3	50901
1780025128	4	50141
1780025128	5	50877
1780025128	6	50645
1780025128	7	50441
1780025134	0	50301
1780025134	1	51197
1780025134	2	50645
1780025134	3	50901
1780025134	4	50141
1780025134	5	50877
1780025134	6	50645
1780025134	7	50441
1780025139	0	50301
1780025139	1	51197
1780025139	2	50645
1780025139	3	50901
1780025139	4	50141
1780025139	5	50877
1780025139	6	50645
1780025139	7	50441
1780025144	0	50301
1780025144	1	51197
1780025144	2	50645
1780025144	3	50901
1780025144	4	50141
1780025144	5	50877
1780025144	6	50645
1780025144	7	50441
1780025149	0	50301
1780025149	1	51197
1780025149	2	50645
1780025149	3	50901
1780025149	4	50141
1780025149	5	50877
1780025149	6	50645
1780025149	7	50441
1780025155	0	50301
1780025155	1	51197
1780025155	2	50645
1780025155	3	50901
1780025155	4	50141
1780025155	5	50877
1780025155	6	50645
1780025155	7	50441
1780025160	0	50301
1780025160	1	51197
1780025160	2	50645
1780025160	3	50901
1780025160	4	50141
1780025160	5	50877
1780025160	6	50645
1780025160	7	50441
1780025165	0	50301
1780025165	1	51197
1780025165	2	50645
1780025165	3	50901
1780025165	4	50141
1780025165	5	50877
1780025165	6	50645
1780025165	7	50441
1780025171	0	50301
1780025171	1	51197
1780025171	2	50645
1780025171	3	50901
1780025171	4	50141
1780025171	5	50877
1780025171	6	50645
1780025171	7	50441
1780025176	0	50301
1780025176	1	51197
1780025176	2	50645
1780025176	3	50901
1780025176	4	50141
1780025176	5	50877
1780025176	6	50645
1780025176	7	50441
1780025182	0	50301
1780025182	1	51197
1780025182	2	50645
1780025182	3	50901
1780025182	4	50141
1780025182	5	50877
1780025182	6	50645
1780025182	7	50441
1780025187	0	50301
1780025187	1	51197
1780025187	2	50645
1780025187	3	50901
1780025187	4	50141
1780025187	5	50877
1780025187	6	50645
1780025187	7	50441
1780025192	0	50301
1780025192	1	51197
1780025192	2	50645
1780025192	3	50901
1780025192	4	50141
1780025192	5	50877
1780025192	6	50645
1780025192	7	50441
1780025198	0	50301
1780025198	1	51197
1780025198	2	50645
1780025198	3	50901
1780025198	4	50141
1780025198	5	50877
1780025198	6	50645
1780025198	7	50441
1780025203	0	50301
1780025203	1	51357
1780025203	2	50645
1780025203	3	50901
1780025203	4	50461
1780025203	5	50877
1780025203	6	50645
1780025203	7	50441
1780025208	0	50301
1780025208	1	51357
1780025208	2	50645
1780025208	3	50901
1780025208	4	50461
1780025208	5	50877
1780025208	6	50645
1780025208	7	50441
1780025214	0	50301
1780025214	1	51357
1780025214	2	50645
1780025214	3	50901
1780025214	4	50461
1780025214	5	50877
1780025214	6	50645
1780025214	7	50441
1780025219	0	50301
1780025219	1	51357
1780025219	2	50645
1780025219	3	50901
1780025219	4	50461
1780025219	5	50877
1780025219	6	50645
1780025219	7	50441
1780025224	0	50301
1780025224	1	51357
1780025224	2	50645
1780025224	3	50901
1780025224	4	50461
1780025224	5	50877
1780025224	6	50645
1780025224	7	50441
1780025230	0	50301
1780025230	1	51357
1780025230	2	50645
1780025230	3	50901
1780025230	4	50461
1780025230	5	50877
1780025230	6	50645
1780025230	7	50441
1780025235	0	50301
1780025235	1	51357
1780025235	2	50645
1780025235	3	50901
1780025235	4	50461
1780025235	5	50877
1780025235	6	50645
1780025235	7	50441
1780025240	0	50301
1780025240	1	51357
1780025240	2	50645
1780025240	3	50901
1780025240	4	50461
1780025240	5	50877
1780025240	6	50645
1780025240	7	50441
1780025245	0	50301
1780025245	1	51357
1780025245	2	50645
1780025245	3	50901
1780025245	4	50461
1780025245	5	50877
1780025245	6	50645
1780025245	7	50441
1780025251	0	50301
1780025251	1	51357
1780025251	2	50645
1780025251	3	50901
1780025251	4	50461
1780025251	5	50877
1780025251	6	50645
1780025251	7	50441
1780025256	0	50301
1780025256	1	51357
1780025256	2	50645
1780025256	3	50901
1780025256	4	50461
1780025256	5	50877
1780025256	6	50645
1780025256	7	50441
1780025261	0	50301
1780025261	1	51357
1780025261	2	50645
1780025261	3	50901
1780025261	4	50461
1780025261	5	50877
1780025261	6	50645
1780025261	7	50441
1780025267	0	50301
1780025267	1	51357
1780025267	2	50645
1780025267	3	50901
1780025267	4	50461
1780025267	5	50877
1780025267	6	50645
1780025267	7	50441
1780025272	0	50301
1780025272	1	51357
1780025272	2	50645
1780025272	3	50901
1780025272	4	50461
1780025272	5	50877
1780025272	6	50645
1780025272	7	50441
1780025277	0	50301
1780025277	1	51357
1780025277	2	50645
1780025277	3	50901
1780025277	4	50461
1780025277	5	50877
1780025277	6	50645
1780025277	7	50441
1780025283	0	50301
1780025283	1	51357
1780025283	2	50645
1780025283	3	50901
1780025283	4	50461
1780025283	5	50877
1780025283	6	50645
1780025283	7	50441
1780025288	0	50301
1780025288	1	51357
1780025288	2	50645
1780025288	3	50901
1780025288	4	50461
1780025288	5	50877
1780025288	6	50645
1780025288	7	50441
1780025294	0	50301
1780025294	1	51357
1780025294	2	50645
1780025294	3	50901
1780025294	4	50461
1780025294	5	50877
1780025294	6	50645
1780025294	7	50441
1780025299	0	50301
1780025299	1	51357
1780025299	2	50645
1780025299	3	50901
1780025299	4	50461
1780025299	5	50877
1780025299	6	50645
1780025299	7	50441
1780025304	0	50301
1780025304	1	51357
1780025304	2	50645
1780025304	3	50901
1780025304	4	50461
1780025304	5	50877
1780025304	6	50645
1780025304	7	50441
1780025310	0	50301
1780025310	1	51357
1780025310	2	50645
1780025310	3	50901
1780025310	4	50461
1780025310	5	50877
1780025310	6	50645
1780025310	7	50441
1780025315	0	50301
1780025315	1	51357
1780025315	2	50645
1780025315	3	50901
1780025315	4	50461
1780025315	5	50877
1780025315	6	50645
1780025315	7	50441
1780025320	0	50301
1780025320	1	51357
1780025320	2	50645
1780025320	3	50901
1780025320	4	50461
1780025320	5	50877
1780025320	6	50645
1780025320	7	50441
1780025326	0	50301
1780025326	1	51357
1780025326	2	50645
1780025326	3	50901
1780025326	4	50461
1780025326	5	50877
1780025326	6	50645
1780025326	7	50441
1780025331	0	50301
1780025331	1	51357
1780025331	2	50645
1780025331	3	50901
1780025331	4	50461
1780025331	5	50877
1780025331	6	50645
1780025331	7	50441
1780025336	0	50301
1780025336	1	51357
1780025336	2	50645
1780025336	3	50901
1780025336	4	50461
1780025336	5	50877
1780025336	6	50645
1780025336	7	50441
1780025342	0	50301
1780025342	1	51357
1780025342	2	50645
1780025342	3	50901
1780025342	4	50461
1780025342	5	50877
1780025342	6	50645
1780025342	7	50441
1780025347	0	50301
1780025347	1	51357
1780025347	2	50645
1780025347	3	50901
1780025347	4	50461
1780025347	5	50877
1780025347	6	50645
1780025347	7	50441
1780025352	0	50301
1780025352	1	51357
1780025352	2	50645
1780025352	3	50901
1780025352	4	50461
1780025352	5	50877
1780025352	6	50645
1780025352	7	50441
1780025358	0	50301
1780025358	1	51357
1780025358	2	50645
1780025358	3	50901
1780025358	4	50461
1780025358	5	50877
1780025358	6	50645
1780025358	7	50441
1780025363	0	50301
1780025363	1	51357
1780025363	2	50645
1780025363	3	50901
1780025363	4	50461
1780025363	5	50877
1780025363	6	50645
1780025363	7	50441
1780025368	0	50301
1780025368	1	51357
1780025368	2	50645
1780025368	3	50901
1780025368	4	50461
1780025368	5	50877
1780025368	6	50645
1780025368	7	50441
1780025373	0	50301
1780025373	1	51357
1780025373	2	50645
1780025373	3	50901
1780025373	4	50461
1780025373	5	50877
1780025373	6	50645
1780025373	7	50441
1780025379	0	50301
1780025379	1	51357
1780025379	2	50645
1780025379	3	50901
1780025379	4	50461
1780025379	5	50877
1780025379	6	50645
1780025379	7	50441
1780025384	0	50301
1780025384	1	51357
1780025384	2	50645
1780025384	3	50901
1780025384	4	50461
1780025384	5	50877
1780025384	6	50645
1780025384	7	50441
1780025389	0	50301
1780025389	1	51357
1780025389	2	50645
1780025389	3	50901
1780025389	4	50461
1780025389	5	50877
1780025389	6	50645
1780025389	7	50441
1780025395	0	50301
1780025395	1	51357
1780025395	2	50645
1780025395	3	50901
1780025395	4	50461
1780025395	5	50877
1780025395	6	50645
1780025395	7	50441
1780025400	0	50301
1780025400	1	51357
1780025400	2	50645
1780025400	3	50901
1780025400	4	50461
1780025400	5	50877
1780025400	6	50645
1780025400	7	50441
1780025405	0	50301
1780025405	1	51357
1780025405	2	50645
1780025405	3	50901
1780025405	4	50461
1780025405	5	50877
1780025405	6	50645
1780025405	7	50441
1780025411	0	50301
1780025411	1	51357
1780025411	2	50645
1780025411	3	50901
1780025411	4	50461
1780025411	5	50877
1780025411	6	50645
1780025411	7	50441
1780025416	0	50301
1780025416	1	51357
1780025416	2	50645
1780025416	3	50901
1780025416	4	50461
1780025416	5	50877
1780025416	6	50645
1780025416	7	50441
1780025421	0	50301
1780025421	1	51357
1780025421	2	50645
1780025421	3	50901
1780025421	4	50461
1780025421	5	50877
1780025421	6	50645
1780025421	7	50441
1780025427	0	50301
1780025427	1	51357
1780025427	2	50645
1780025427	3	50901
1780025427	4	50461
1780025427	5	50877
1780025427	6	50645
1780025427	7	50441
1780025432	0	50481
1780025432	1	51357
1780025432	2	50645
1780025432	3	50901
1780025432	4	50461
1780025432	5	50877
1780025432	6	50645
1780025432	7	50441
1780025437	0	50481
1780025437	1	51357
1780025437	2	50645
1780025437	3	50901
1780025437	4	50461
1780025437	5	50877
1780025437	6	50645
1780025437	7	50441
1780025442	0	50481
1780025442	1	51357
1780025442	2	50645
1780025442	3	50901
1780025442	4	50461
1780025442	5	50877
1780025442	6	50645
1780025442	7	50441
1780025448	0	50481
1780025448	1	51357
1780025448	2	50645
1780025448	3	50901
1780025448	4	50461
1780025448	5	50877
1780025448	6	50645
1780025448	7	50441
1780025453	0	50481
1780025453	1	51357
1780025453	2	50645
1780025453	3	50901
1780025453	4	50461
1780025453	5	50877
1780025453	6	50645
1780025453	7	50441
1780025458	0	50481
1780025458	1	51357
1780025458	2	50645
1780025458	3	50901
1780025458	4	50461
1780025458	5	50877
1780025458	6	50645
1780025458	7	50441
1780025464	0	50481
1780025464	1	51357
1780025464	2	50645
1780025464	3	50901
1780025464	4	50461
1780025464	5	50877
1780025464	6	50645
1780025464	7	50441
1780025469	0	50481
1780025469	1	51357
1780025469	2	50645
1780025469	3	50901
1780025469	4	50461
1780025469	5	50877
1780025469	6	50645
1780025469	7	50441
1780025474	0	50481
1780025474	1	51357
1780025474	2	50645
1780025474	3	50901
1780025474	4	50461
1780025474	5	50877
1780025474	6	50645
1780025474	7	50441
1780025480	0	50481
1780025480	1	51357
1780025480	2	50645
1780025480	3	50901
1780025480	4	50461
1780025480	5	50877
1780025480	6	50645
1780025480	7	50441
1780025485	0	50481
1780025485	1	51357
1780025485	2	50645
1780025485	3	50901
1780025485	4	50461
1780025485	5	50877
1780025485	6	50645
1780025485	7	50441
1780025490	0	50481
1780025490	1	51357
1780025490	2	50645
1780025490	3	50901
1780025490	4	50461
1780025490	5	50877
1780025490	6	50645
1780025490	7	50441
1780025496	0	50481
1780025496	1	51357
1780025496	2	50645
1780025496	3	50901
1780025496	4	50461
1780025496	5	50877
1780025496	6	50645
1780025496	7	50441
1780025501	0	50481
1780025501	1	51357
1780025501	2	50645
1780025501	3	50901
1780025501	4	50461
1780025501	5	50877
1780025501	6	50645
1780025501	7	50441
1780025506	0	50481
1780025506	1	51357
1780025506	2	50645
1780025506	3	50901
1780025506	4	50461
1780025506	5	50877
1780025506	6	50645
1780025506	7	50441
1780025512	0	50481
1780025512	1	51357
1780025512	2	50645
1780025512	3	50901
1780025512	4	50461
1780025512	5	50877
1780025512	6	50645
1780025512	7	50441
1780025517	0	50481
1780025517	1	51357
1780025517	2	50645
1780025517	3	50901
1780025517	4	50461
1780025517	5	50877
1780025517	6	50645
1780025517	7	50441
1780025522	0	50481
1780025522	1	51357
1780025522	2	50645
1780025522	3	50901
1780025522	4	50461
1780025522	5	50877
1780025522	6	50645
1780025522	7	50441
1780025527	0	50481
1780025527	1	51357
1780025527	2	50645
1780025527	3	50901
1780025527	4	50461
1780025527	5	50877
1780025527	6	50645
1780025527	7	50441
1780025533	0	50481
1780025533	1	51357
1780025533	2	50645
1780025533	3	50901
1780025533	4	50461
1780025533	5	50877
1780025533	6	50645
1780025533	7	50441
1780025538	0	50481
1780025538	1	51357
1780025538	2	50645
1780025538	3	50901
1780025538	4	50461
1780025538	5	50877
1780025538	6	50645
1780025538	7	50441
1780025543	0	50481
1780025543	1	51357
1780025543	2	50645
1780025543	3	50901
1780025543	4	50461
1780025543	5	50877
1780025543	6	50645
1780025543	7	50441
1780025549	0	50481
1780025549	1	51357
1780025549	2	50645
1780025549	3	50901
1780025549	4	50461
1780025549	5	50877
1780025549	6	50645
1780025549	7	50441
1780025554	0	50481
1780025554	1	51357
1780025554	2	50645
1780025554	3	50901
1780025554	4	50461
1780025554	5	50877
1780025554	6	50645
1780025554	7	50441
1780025559	0	50481
1780025559	1	51357
1780025559	2	50645
1780025559	3	50901
1780025559	4	50461
1780025559	5	50877
1780025559	6	50645
1780025559	7	50441
1780025565	0	50481
1780025565	1	51357
1780025565	2	50645
1780025565	3	50901
1780025565	4	50461
1780025565	5	50877
1780025565	6	50645
1780025565	7	50441
1780025570	0	50481
1780025570	1	51357
1780025570	2	50645
1780025570	3	50901
1780025570	4	50461
1780025570	5	50877
1780025570	6	50645
1780025570	7	50441
1780025575	0	50481
1780025575	1	51357
1780025575	2	50645
1780025575	3	50901
1780025575	4	50461
1780025575	5	50877
1780025575	6	50645
1780025575	7	50441
1780025581	0	50481
1780025581	1	51357
1780025581	2	50645
1780025581	3	50901
1780025581	4	50461
1780025581	5	50877
1780025581	6	50645
1780025581	7	50441
1780025586	0	50481
1780025586	1	51357
1780025586	2	50645
1780025586	3	50901
1780025586	4	50461
1780025586	5	50877
1780025586	6	50645
1780025586	7	50441
1780025591	0	50481
1780025591	1	51357
1780025591	2	50645
1780025591	3	50901
1780025591	4	50461
1780025591	5	50877
1780025591	6	50645
1780025591	7	50441
1780025596	0	50481
1780025596	1	51357
1780025596	2	50645
1780025596	3	50901
1780025596	4	50461
1780025596	5	50877
1780025596	6	50645
1780025596	7	50441
1780025602	0	50481
1780025602	1	51357
1780025602	2	50645
1780025602	3	50901
1780025602	4	50461
1780025602	5	50877
1780025602	6	50645
1780025602	7	50441
1780025607	0	50481
1780025607	1	51357
1780025607	2	50645
1780025607	3	50901
1780025607	4	50461
1780025607	5	50877
1780025607	6	50645
1780025607	7	50441
1780025612	0	50481
1780025612	1	51357
1780025612	2	50645
1780025612	3	50901
1780025612	4	50461
1780025612	5	50877
1780025612	6	50645
1780025612	7	50441
1780025618	0	50481
1780025618	1	51357
1780025618	2	50645
1780025618	3	50901
1780025618	4	50461
1780025618	5	50877
1780025618	6	50645
1780025618	7	50441
1780025623	0	50481
1780025623	1	51357
1780025623	2	50645
1780025623	3	50901
1780025623	4	50461
1780025623	5	50877
1780025623	6	50645
1780025623	7	50441
1780025628	0	50481
1780025628	1	51357
1780025628	2	50645
1780025628	3	50901
1780025628	4	50461
1780025628	5	50877
1780025628	6	50645
1780025628	7	50441
1780025634	0	50481
1780025634	1	51357
1780025634	2	50645
1780025634	3	50901
1780025634	4	50461
1780025634	5	50877
1780025634	6	50645
1780025634	7	50441
1780025639	0	50481
1780025639	1	51357
1780025639	2	50645
1780025639	3	50901
1780025639	4	50461
1780025639	5	50877
1780025639	6	50645
1780025639	7	50441
1780025644	0	50481
1780025644	1	51357
1780025644	2	50645
1780025644	3	50901
1780025644	4	50461
1780025644	5	50877
1780025644	6	50645
1780025644	7	50441
1780025649	0	50481
1780025649	1	51357
1780025649	2	50645
1780025649	3	50901
1780025649	4	50461
1780025649	5	50877
1780025649	6	50645
1780025649	7	50441
1780025655	0	50481
1780025655	1	51357
1780025655	2	50645
1780025655	3	50901
1780025655	4	50461
1780025655	5	50877
1780025655	6	50645
1780025655	7	50441
1780025660	0	50481
1780025660	1	51357
1780025660	2	50645
1780025660	3	50901
1780025660	4	50461
1780025660	5	50877
1780025660	6	50645
1780025660	7	50441
1780025665	0	50481
1780025665	1	51357
1780025665	2	50645
1780025665	3	50901
1780025665	4	50461
1780025665	5	50877
1780025665	6	50645
1780025665	7	50441
1780025671	0	50481
1780025671	1	51357
1780025671	2	50645
1780025671	3	50901
1780025671	4	50461
1780025671	5	50877
1780025671	6	50645
1780025671	7	50441
1780025676	0	50481
1780025676	1	51357
1780025676	2	50645
1780025676	3	50901
1780025676	4	50461
1780025676	5	50877
1780025676	6	50645
1780025676	7	50441
1780025681	0	50481
1780025681	1	51357
1780025681	2	50645
1780025681	3	50901
1780025681	4	50461
1780025681	5	50877
1780025681	6	50645
1780025681	7	50441
1780025687	0	50481
1780025687	1	51357
1780025687	2	50645
1780025687	3	50901
1780025687	4	50461
1780025687	5	50877
1780025687	6	50645
1780025687	7	50441
1780025692	0	50481
1780025692	1	51357
1780025692	2	50645
1780025692	3	50901
1780025692	4	50461
1780025692	5	50877
1780025692	6	50645
1780025692	7	50441
1780025697	0	50481
1780025697	1	51357
1780025697	2	50645
1780025697	3	50901
1780025697	4	50461
1780025697	5	50877
1780025697	6	50645
1780025697	7	50441
1780025703	0	50481
1780025703	1	51357
1780025703	2	50645
1780025703	3	50901
1780025703	4	50461
1780025703	5	50877
1780025703	6	50645
1780025703	7	50441
1780025708	0	50481
1780025708	1	51357
1780025708	2	50645
1780025708	3	50901
1780025708	4	50461
1780025708	5	50877
1780025708	6	50645
1780025708	7	50441
1780025713	0	50481
1780025713	1	51357
1780025713	2	50645
1780025713	3	50901
1780025713	4	50461
1780025713	5	50877
1780025713	6	50645
1780025713	7	50441
1780025719	0	50481
1780025719	1	51357
1780025719	2	50645
1780025719	3	50901
1780025719	4	50461
1780025719	5	50877
1780025719	6	50645
1780025719	7	50441
1780025724	0	50481
1780025724	1	51357
1780025724	2	50645
1780025724	3	50901
1780025724	4	50461
1780025724	5	50877
1780025724	6	50645
1780025724	7	50441
1780025730	0	50481
1780025730	1	51357
1780025730	2	50645
1780025730	3	50901
1780025730	4	50461
1780025730	5	50877
1780025730	6	50645
1780025730	7	50441
1780025735	0	50481
1780025735	1	51357
1780025735	2	50645
1780025735	3	50901
1780025735	4	50461
1780025735	5	50877
1780025735	6	50645
1780025735	7	50441
1780025740	0	50481
1780025740	1	51357
1780025740	2	50645
1780025740	3	50901
1780025740	4	50461
1780025740	5	50877
1780025740	6	50645
1780025740	7	50441
1780025745	0	50481
1780025745	1	51357
1780025745	2	50645
1780025745	3	50901
1780025745	4	50461
1780025745	5	50877
1780025745	6	50645
1780025745	7	50441
1780025751	0	50481
1780025751	1	51357
1780025751	2	50645
1780025751	3	50901
1780025751	4	50461
1780025751	5	50877
1780025751	6	50645
1780025751	7	50441
1780025756	0	50481
1780025756	1	51357
1780025756	2	50645
1780025756	3	50901
1780025756	4	50461
1780025756	5	50877
1780025756	6	50645
1780025756	7	50441
1780025761	0	50481
1780025761	1	51357
1780025761	2	50645
1780025761	3	50901
1780025761	4	50461
1780025761	5	50877
1780025761	6	50645
1780025761	7	50441
1780025767	0	50481
1780025767	1	51357
1780025767	2	50645
1780025767	3	50901
1780025767	4	50461
1780025767	5	50877
1780025767	6	50645
1780025767	7	50441
1780025772	0	50481
1780025772	1	51357
1780025772	2	50645
1780025772	3	50901
1780025772	4	50461
1780025772	5	50877
1780025772	6	50645
1780025772	7	50441
1780025777	0	50481
1780025777	1	51357
1780025777	2	50645
1780025777	3	50901
1780025777	4	50461
1780025777	5	50877
1780025777	6	50645
1780025777	7	50441
1780025783	0	50481
1780025783	1	51357
1780025783	2	50645
1780025783	3	50901
1780025783	4	50461
1780025783	5	50877
1780025783	6	50645
1780025783	7	50441
1780025788	0	50481
1780025788	1	51357
1780025788	2	50645
1780025788	3	50901
1780025788	4	50461
1780025788	5	50877
1780025788	6	50645
1780025788	7	50441
1780025793	0	50481
1780025793	1	51357
1780025793	2	50645
1780025793	3	50901
1780025793	4	50461
1780025793	5	50877
1780025793	6	50645
1780025793	7	50441
1780025799	0	50481
1780025799	1	51357
1780025799	2	50645
1780025799	3	50901
1780025799	4	50461
1780025799	5	50877
1780025799	6	50645
1780025799	7	50441
1780025804	0	50481
1780025804	1	51357
1780025804	2	50645
1780025804	3	50901
1780025804	4	50461
1780025804	5	50877
1780025804	6	50645
1780025804	7	50441
1780025809	0	50481
1780025809	1	51357
1780025809	2	50645
1780025809	3	50901
1780025809	4	50461
1780025809	5	50877
1780025809	6	50645
1780025809	7	50441
1780025814	0	50481
1780025814	1	51357
1780025814	2	50645
1780025814	3	50901
1780025814	4	50461
1780025814	5	50877
1780025814	6	50645
1780025814	7	50441
1780025820	0	50481
1780025820	1	51357
1780025820	2	50645
1780025820	3	50901
1780025820	4	50461
1780025820	5	50877
1780025820	6	50645
1780025820	7	50441
1780025825	0	50481
1780025825	1	51357
1780025825	2	50645
1780025825	3	50901
1780025825	4	50461
1780025825	5	50877
1780025825	6	50645
1780025825	7	50441
1780025830	0	50481
1780025830	1	51357
1780025830	2	50645
1780025830	3	50901
1780025830	4	50461
1780025830	5	50877
1780025830	6	50645
1780025830	7	50441
1780025836	0	50481
1780025836	1	51357
1780025836	2	50645
1780025836	3	50901
1780025836	4	50461
1780025836	5	50877
1780025836	6	50645
1780025836	7	50441
1780025841	0	50481
1780025841	1	51357
1780025841	2	50645
1780025841	3	50901
1780025841	4	50461
1780025841	5	50877
1780025841	6	50645
1780025841	7	50441
1780025846	0	50481
1780025846	1	51357
1780025846	2	50645
1780025846	3	50901
1780025846	4	50461
1780025846	5	50877
1780025846	6	50645
1780025846	7	50441
1780025852	0	50481
1780025852	1	51357
1780025852	2	50645
1780025852	3	50901
1780025852	4	50461
1780025852	5	50877
1780025852	6	50645
1780025852	7	50441
1780025857	0	50481
1780025857	1	51357
1780025857	2	50645
1780025857	3	50901
1780025857	4	50461
1780025857	5	50877
1780025857	6	50645
1780025857	7	50441
1780025862	0	50481
1780025862	1	51357
1780025862	2	50645
1780025862	3	50901
1780025862	4	50461
1780025862	5	50877
1780025862	6	50645
1780025862	7	50441
1780025868	0	50481
1780025868	1	51357
1780025868	2	50645
1780025868	3	50901
1780025868	4	50461
1780025868	5	50877
1780025868	6	50645
1780025868	7	50441
1780025873	0	50481
1780025873	1	51357
1780025873	2	50645
1780025873	3	50901
1780025873	4	50461
1780025873	5	50877
1780025873	6	50645
1780025873	7	50441
1780025878	0	50481
1780025878	1	51357
1780025878	2	50645
1780025878	3	50901
1780025878	4	50461
1780025878	5	50877
1780025878	6	50645
1780025878	7	50441
1780025884	0	50481
1780025884	1	51357
1780025884	2	50645
1780025884	3	50901
1780025884	4	50461
1780025884	5	50877
1780025884	6	50645
1780025884	7	50441
1780025889	0	50481
1780025889	1	51357
1780025889	2	50645
1780025889	3	50901
1780025889	4	50461
1780025889	5	50877
1780025889	6	50645
1780025889	7	50441
1780025894	0	50481
1780025894	1	51357
1780025894	2	50645
1780025894	3	50901
1780025894	4	50461
1780025894	5	50877
1780025894	6	50645
1780025894	7	50441
1780025900	0	50481
1780025900	1	51357
1780025900	2	50645
1780025900	3	50901
1780025900	4	50461
1780025900	5	50877
1780025900	6	50645
1780025900	7	50441
1780025905	0	50481
1780025905	1	51357
1780025905	2	50645
1780025905	3	50901
1780025905	4	50461
1780025905	5	50877
1780025905	6	50645
1780025905	7	50441
1780025910	0	50481
1780025910	1	51357
1780025910	2	50645
1780025910	3	50901
1780025910	4	50461
1780025910	5	50877
1780025910	6	50645
1780025910	7	50441
1780025916	0	50481
1780025916	1	51357
1780025916	2	50645
1780025916	3	50901
1780025916	4	50461
1780025916	5	50877
1780025916	6	50645
1780025916	7	50441
1780025921	0	50481
1780025921	1	51357
1780025921	2	50645
1780025921	3	50901
1780025921	4	50461
1780025921	5	50877
1780025921	6	50645
1780025921	7	50441
1780025926	0	50481
1780025926	1	51357
1780025926	2	50645
1780025926	3	50901
1780025926	4	50461
1780025926	5	50877
1780025926	6	50645
1780025926	7	50441
1780025931	0	50481
1780025931	1	51357
1780025931	2	50645
1780025931	3	50901
1780025931	4	50461
1780025931	5	50877
1780025931	6	50645
1780025931	7	50441
1780025937	0	50481
1780025937	1	51357
1780025937	2	50645
1780025937	3	50901
1780025937	4	50461
1780025937	5	50877
1780025937	6	50645
1780025937	7	50441
1780025942	0	50481
1780025942	1	51357
1780025942	2	50645
1780025942	3	50901
1780025942	4	50461
1780025942	5	50877
1780025942	6	50645
1780025942	7	50441
1780025947	0	50481
1780025947	1	51357
1780025947	2	50645
1780025947	3	50901
1780025947	4	50461
1780025947	5	50877
1780025947	6	50645
1780025947	7	50441
1780025953	0	50481
1780025953	1	51357
1780025953	2	50645
1780025953	3	50901
1780025953	4	50461
1780025953	5	50877
1780025953	6	50645
1780025953	7	50441
1780025958	0	50481
1780025958	1	51357
1780025958	2	50645
1780025958	3	50901
1780025958	4	50461
1780025958	5	50877
1780025958	6	50645
1780025958	7	50441
1780025963	0	50481
1780025963	1	51357
1780025963	2	50645
1780025963	3	50901
1780025963	4	50461
1780025963	5	50877
1780025963	6	50645
1780025963	7	50441
1780025969	0	50481
1780025969	1	51357
1780025969	2	50645
1780025969	3	50901
1780025969	4	50461
1780025969	5	50877
1780025969	6	50645
1780025969	7	50441
1780025974	0	50481
1780025974	1	51357
1780025974	2	50645
1780025974	3	50901
1780025974	4	50461
1780025974	5	50877
1780025974	6	50645
1780025974	7	50441
1780025979	0	50481
1780025979	1	51357
1780025979	2	50645
1780025979	3	50901
1780025979	4	50461
1780025979	5	50877
1780025979	6	50645
1780025979	7	50441
1780025985	0	50481
1780025985	1	51357
1780025985	2	50645
1780025985	3	50901
1780025985	4	50461
1780025985	5	50877
1780025985	6	50645
1780025985	7	50441
1780025990	0	50481
1780025990	1	51357
1780025990	2	50645
1780025990	3	50901
1780025990	4	50461
1780025990	5	50877
1780025990	6	50645
1780025990	7	50441
1780025995	0	50481
1780025995	1	51357
1780025995	2	50645
1780025995	3	50901
1780025995	4	50461
1780025995	5	50877
1780025995	6	50645
1780025995	7	50441
1780026000	0	50481
1780026000	1	51357
1780026000	2	50645
1780026000	3	50901
1780026000	4	50461
1780026000	5	50877
1780026000	6	50645
1780026000	7	50441
1780026006	0	50481
1780026006	1	51357
1780026006	2	50645
1780026006	3	50901
1780026006	4	50461
1780026006	5	50877
1780026006	6	50645
1780026006	7	50441
1780026011	0	50481
1780026011	1	51357
1780026011	2	50645
1780026011	3	50901
1780026011	4	50461
1780026011	5	50877
1780026011	6	50645
1780026011	7	50441
1780026016	0	50481
1780026016	1	51357
1780026016	2	50645
1780026016	3	50901
1780026016	4	50461
1780026016	5	50877
1780026016	6	50645
1780026016	7	50441
1780026022	0	50481
1780026022	1	51357
1780026022	2	50645
1780026022	3	50901
1780026022	4	50461
1780026022	5	50877
1780026022	6	50645
1780026022	7	50441
1780026027	0	50481
1780026027	1	51357
1780026027	2	50645
1780026027	3	50901
1780026027	4	50461
1780026027	5	50877
1780026027	6	50645
1780026027	7	50441
1780026032	0	50481
1780026032	1	51357
1780026032	2	50645
1780026032	3	50901
1780026032	4	50461
1780026032	5	50897
1780026032	6	50645
1780026032	7	50441
1780026038	0	50481
1780026038	1	51357
1780026038	2	50645
1780026038	3	50901
1780026038	4	50461
1780026038	5	50897
1780026038	6	50645
1780026038	7	50441
1780026043	0	50481
1780026043	1	51357
1780026043	2	50645
1780026043	3	50901
1780026043	4	50461
1780026043	5	50897
1780026043	6	50645
1780026043	7	50441
1780026048	0	50481
1780026048	1	51357
1780026048	2	50645
1780026048	3	50901
1780026048	4	50461
1780026048	5	50897
1780026048	6	50645
1780026048	7	50441
1780026054	0	50481
1780026054	1	51357
1780026054	2	50645
1780026054	3	50901
1780026054	4	50461
1780026054	5	50897
1780026054	6	50645
1780026054	7	50441
1780026059	0	50481
1780026059	1	51357
1780026059	2	50645
1780026059	3	50901
1780026059	4	50461
1780026059	5	50897
1780026059	6	50645
1780026059	7	50441
1780026064	0	50481
1780026064	1	51357
1780026064	2	50645
1780026064	3	50901
1780026064	4	50461
1780026064	5	50897
1780026064	6	50645
1780026064	7	50441
1780026069	0	50481
1780026069	1	51357
1780026069	2	50645
1780026069	3	50901
1780026069	4	50461
1780026069	5	50897
1780026069	6	50645
1780026069	7	50441
1780026075	0	50481
1780026075	1	51357
1780026075	2	50645
1780026075	3	50901
1780026075	4	50461
1780026075	5	50897
1780026075	6	50645
1780026075	7	50441
1780026080	0	50481
1780026080	1	51357
1780026080	2	50645
1780026080	3	50901
1780026080	4	50461
1780026080	5	50897
1780026080	6	50645
1780026080	7	50441
1780026085	0	50481
1780026085	1	51357
1780026085	2	50645
1780026085	3	50901
1780026085	4	50461
1780026085	5	50897
1780026085	6	50645
1780026085	7	50441
1780026091	0	50641
1780026091	1	51357
1780026091	2	50645
1780026091	3	50901
1780026091	4	50461
1780026091	5	50897
1780026091	6	50645
1780026091	7	50441
1780026096	0	50641
1780026096	1	51357
1780026096	2	50645
1780026096	3	50901
1780026096	4	50461
1780026096	5	50897
1780026096	6	50645
1780026096	7	50441
1780026101	0	50641
1780026101	1	51357
1780026101	2	50645
1780026101	3	50901
1780026101	4	50461
1780026101	5	50897
1780026101	6	50645
1780026101	7	50441
1780026107	0	50641
1780026107	1	51357
1780026107	2	50645
1780026107	3	50901
1780026107	4	50461
1780026107	5	50897
1780026107	6	50645
1780026107	7	50441
1780026112	0	50641
1780026112	1	51357
1780026112	2	50645
1780026112	3	50901
1780026112	4	50461
1780026112	5	50897
1780026112	6	50645
1780026112	7	50441
1780026117	0	50641
1780026117	1	51357
1780026117	2	50645
1780026117	3	50901
1780026117	4	50461
1780026117	5	50897
1780026117	6	50645
1780026117	7	50441
1780026123	0	50641
1780026123	1	51357
1780026123	2	50645
1780026123	3	50901
1780026123	4	50461
1780026123	5	50897
1780026123	6	50645
1780026123	7	50441
1780026128	0	50641
1780026128	1	51357
1780026128	2	50645
1780026128	3	50901
1780026128	4	50461
1780026128	5	50897
1780026128	6	50645
1780026128	7	50441
1780026133	0	50641
1780026133	1	51357
1780026133	2	50645
1780026133	3	50901
1780026133	4	50461
1780026133	5	50897
1780026133	6	50645
1780026133	7	50441
1780026139	0	50641
1780026139	1	51357
1780026139	2	50645
1780026139	3	50901
1780026139	4	50461
1780026139	5	50897
1780026139	6	50645
1780026139	7	50441
1780026144	0	50641
1780026144	1	51357
1780026144	2	50645
1780026144	3	50901
1780026144	4	50461
1780026144	5	50897
1780026144	6	50645
1780026144	7	50441
1780026149	0	50641
1780026149	1	51357
1780026149	2	50645
1780026149	3	50901
1780026149	4	50461
1780026149	5	50897
1780026149	6	50645
1780026149	7	50441
1780026154	0	50641
1780026154	1	51357
1780026154	2	50645
1780026154	3	50901
1780026154	4	50461
1780026154	5	50897
1780026154	6	50645
1780026154	7	50441
1780026160	0	50641
1780026160	1	51357
1780026160	2	50645
1780026160	3	50901
1780026160	4	50461
1780026160	5	50897
1780026160	6	50645
1780026160	7	50441
1780026165	0	50641
1780026165	1	51357
1780026165	2	50645
1780026165	3	50901
1780026165	4	50461
1780026165	5	50897
1780026165	6	50645
1780026165	7	50441
1780026170	0	50641
1780026170	1	51357
1780026170	2	50645
1780026170	3	50901
1780026170	4	50461
1780026170	5	50897
1780026170	6	50645
1780026170	7	50441
1780026176	0	50641
1780026176	1	51357
1780026176	2	50645
1780026176	3	50901
1780026176	4	50461
1780026176	5	50897
1780026176	6	50645
1780026176	7	50441
1780026181	0	50641
1780026181	1	51357
1780026181	2	50645
1780026181	3	50901
1780026181	4	50461
1780026181	5	50897
1780026181	6	50645
1780026181	7	50441
1780026186	0	50641
1780026186	1	51357
1780026186	2	50645
1780026186	3	50901
1780026186	4	50461
1780026186	5	50897
1780026186	6	50645
1780026186	7	50441
1780026192	0	50641
1780026192	1	51357
1780026192	2	50645
1780026192	3	50901
1780026192	4	50461
1780026192	5	50897
1780026192	6	50645
1780026192	7	50441
1780026197	0	50641
1780026197	1	51357
1780026197	2	50645
1780026197	3	50901
1780026197	4	50461
1780026197	5	50897
1780026197	6	50645
1780026197	7	50441
1780026202	0	50641
1780026202	1	51357
1780026202	2	50645
1780026202	3	50901
1780026202	4	50461
1780026202	5	50897
1780026202	6	50645
1780026202	7	50441
1780026208	0	50641
1780026208	1	51357
1780026208	2	50645
1780026208	3	50901
1780026208	4	50461
1780026208	5	50897
1780026208	6	50645
1780026208	7	50441
1780026213	0	50641
1780026213	1	51357
1780026213	2	50645
1780026213	3	50901
1780026213	4	50461
1780026213	5	50897
1780026213	6	50645
1780026213	7	50441
1780026218	0	50641
1780026218	1	51357
1780026218	2	50645
1780026218	3	50901
1780026218	4	50461
1780026218	5	50897
1780026218	6	50645
1780026218	7	50441
1780026224	0	50641
1780026224	1	51357
1780026224	2	50645
1780026224	3	50901
1780026224	4	50461
1780026224	5	50897
1780026224	6	50645
1780026224	7	50441
1780026229	0	50641
1780026229	1	51357
1780026229	2	50645
1780026229	3	50901
1780026229	4	50461
1780026229	5	50897
1780026229	6	50645
1780026229	7	50441
1780026234	0	50641
1780026234	1	51357
1780026234	2	50645
1780026234	3	50901
1780026234	4	50461
1780026234	5	50897
1780026234	6	50645
1780026234	7	50441
1780026239	0	50641
1780026239	1	51357
1780026239	2	50645
1780026239	3	50901
1780026239	4	50461
1780026239	5	50897
1780026239	6	50645
1780026239	7	50441
1780026245	0	50641
1780026245	1	51357
1780026245	2	50645
1780026245	3	50901
1780026245	4	50461
1780026245	5	50897
1780026245	6	50645
1780026245	7	50441
1780026250	0	50641
1780026250	1	51357
1780026250	2	50645
1780026250	3	50901
1780026250	4	50461
1780026250	5	50897
1780026250	6	50645
1780026250	7	50441
1780026255	0	50641
1780026255	1	51357
1780026255	2	50645
1780026255	3	50901
1780026255	4	50461
1780026255	5	50897
1780026255	6	50645
1780026255	7	50441
1780026261	0	50641
1780026261	1	51357
1780026261	2	50645
1780026261	3	50901
1780026261	4	50461
1780026261	5	50897
1780026261	6	50645
1780026261	7	50441
1780026266	0	50641
1780026266	1	51357
1780026266	2	50645
1780026266	3	50901
1780026266	4	50461
1780026266	5	50897
1780026266	6	50645
1780026266	7	50441
1780026271	0	50641
1780026271	1	51357
1780026271	2	50645
1780026271	3	50901
1780026271	4	50461
1780026271	5	50897
1780026271	6	50645
1780026271	7	50441
1780026277	0	50641
1780026277	1	51357
1780026277	2	50645
1780026277	3	50901
1780026277	4	50461
1780026277	5	50897
1780026277	6	50645
1780026277	7	50441
1780026282	0	50641
1780026282	1	51357
1780026282	2	50645
1780026282	3	50901
1780026282	4	50461
1780026282	5	50897
1780026282	6	50645
1780026282	7	50441
1780026287	0	50641
1780026287	1	51357
1780026287	2	50645
1780026287	3	50901
1780026287	4	50461
1780026287	5	50897
1780026287	6	50645
1780026287	7	50441
1780026292	0	50641
1780026292	1	51357
1780026292	2	50645
1780026292	3	50901
1780026292	4	50461
1780026292	5	50897
1780026292	6	50645
1780026292	7	50441
1780026298	0	50641
1780026298	1	51357
1780026298	2	50645
1780026298	3	50901
1780026298	4	50461
1780026298	5	50897
1780026298	6	50645
1780026298	7	50441
1780026303	0	50641
1780026303	1	51357
1780026303	2	50645
1780026303	3	50901
1780026303	4	50461
1780026303	5	50897
1780026303	6	50645
1780026303	7	50441
1780026308	0	50641
1780026308	1	51357
1780026308	2	50645
1780026308	3	50901
1780026308	4	50461
1780026308	5	50897
1780026308	6	50645
1780026308	7	50441
1780026314	0	50641
1780026314	1	51357
1780026314	2	50645
1780026314	3	50901
1780026314	4	50461
1780026314	5	50897
1780026314	6	50645
1780026314	7	50441
1780026319	0	50641
1780026319	1	51357
1780026319	2	50645
1780026319	3	50901
1780026319	4	50461
1780026319	5	50897
1780026319	6	50645
1780026319	7	50441
1780026324	0	50641
1780026324	1	51357
1780026324	2	50645
1780026324	3	50901
1780026324	4	50461
1780026324	5	50897
1780026324	6	50645
1780026324	7	50441
1780026330	0	50641
1780026330	1	51357
1780026330	2	50645
1780026330	3	50901
1780026330	4	50461
1780026330	5	50897
1780026330	6	50645
1780026330	7	50441
1780026335	0	50641
1780026335	1	51357
1780026335	2	50645
1780026335	3	50901
1780026335	4	50461
1780026335	5	50897
1780026335	6	50645
1780026335	7	50441
1780026340	0	50641
1780026340	1	51357
1780026340	2	50645
1780026340	3	50901
1780026340	4	50461
1780026340	5	50897
1780026340	6	50645
1780026340	7	50441
1780026346	0	50641
1780026346	1	51357
1780026346	2	50645
1780026346	3	50901
1780026346	4	50461
1780026346	5	50897
1780026346	6	50645
1780026346	7	50441
1780026351	0	50641
1780026351	1	51357
1780026351	2	50645
1780026351	3	50901
1780026351	4	50461
1780026351	5	50897
1780026351	6	50645
1780026351	7	50441
1780026356	0	50641
1780026356	1	51357
1780026356	2	50645
1780026356	3	50901
1780026356	4	50461
1780026356	5	50897
1780026356	6	50645
1780026356	7	50441
1780026362	0	50641
1780026362	1	51357
1780026362	2	50645
1780026362	3	50901
1780026362	4	50461
1780026362	5	50897
1780026362	6	50645
1780026362	7	50441
1780026367	0	50641
1780026367	1	51357
1780026367	2	50645
1780026367	3	50901
1780026367	4	50461
1780026367	5	50897
1780026367	6	50645
1780026367	7	50441
1780026372	0	50641
1780026372	1	51357
1780026372	2	50645
1780026372	3	50901
1780026372	4	50461
1780026372	5	50897
1780026372	6	50645
1780026372	7	50441
1780026377	0	50641
1780026377	1	51357
1780026377	2	50645
1780026377	3	50901
1780026377	4	50461
1780026377	5	50897
1780026377	6	50645
1780026377	7	50441
1780026383	0	50641
1780026383	1	51357
1780026383	2	50645
1780026383	3	50901
1780026383	4	50461
1780026383	5	50897
1780026383	6	50645
1780026383	7	50441
1780026388	0	50641
1780026388	1	51357
1780026388	2	50645
1780026388	3	50901
1780026388	4	50461
1780026388	5	50897
1780026388	6	50645
1780026388	7	50441
1780026393	0	50641
1780026393	1	51357
1780026393	2	50645
1780026393	3	50901
1780026393	4	50461
1780026393	5	50897
1780026393	6	50645
1780026393	7	50441
1780026399	0	50641
1780026399	1	51357
1780026399	2	50645
1780026399	3	50901
1780026399	4	50461
1780026399	5	50897
1780026399	6	50645
1780026399	7	50441
1780026404	0	50641
1780026404	1	51357
1780026404	2	50645
1780026404	3	50901
1780026404	4	50461
1780026404	5	50897
1780026404	6	50645
1780026404	7	50641
1780026409	0	50641
1780026409	1	51357
1780026409	2	50645
1780026409	3	50901
1780026409	4	50461
1780026409	5	50897
1780026409	6	50645
1780026409	7	50641
1780026415	0	50641
1780026415	1	51357
1780026415	2	50645
1780026415	3	50901
1780026415	4	50461
1780026415	5	50897
1780026415	6	50645
1780026415	7	50641
1780026420	0	50641
1780026420	1	51357
1780026420	2	50645
1780026420	3	50901
1780026420	4	50461
1780026420	5	50897
1780026420	6	50645
1780026420	7	50641
1780026425	0	50641
1780026425	1	51357
1780026425	2	50645
1780026425	3	50901
1780026425	4	50461
1780026425	5	50897
1780026425	6	50645
1780026425	7	50641
1780026431	0	50641
1780026431	1	51357
1780026431	2	50645
1780026431	3	50901
1780026431	4	50461
1780026431	5	50897
1780026431	6	50645
1780026431	7	50641
1780026436	0	50641
1780026436	1	51357
1780026436	2	50645
1780026436	3	50901
1780026436	4	50661
1780026436	5	50897
1780026436	6	50645
1780026436	7	50641
1780026441	0	50641
1780026441	1	51357
1780026441	2	50645
1780026441	3	50901
1780026441	4	50661
1780026441	5	50897
1780026441	6	50645
1780026441	7	50641
1780026447	0	50641
1780026447	1	51357
1780026447	2	50645
1780026447	3	50901
1780026447	4	50661
1780026447	5	50897
1780026447	6	50645
1780026447	7	50641
1780026452	0	50641
1780026452	1	51357
1780026452	2	50645
1780026452	3	50901
1780026452	4	50661
1780026452	5	50897
1780026452	6	50645
1780026452	7	50641
1780026457	0	50641
1780026457	1	51357
1780026457	2	50645
1780026457	3	50901
1780026457	4	50661
1780026457	5	50897
1780026457	6	50645
1780026457	7	50641
1780026462	0	50641
1780026462	1	51357
1780026462	2	50645
1780026462	3	50901
1780026462	4	50661
1780026462	5	50897
1780026462	6	50645
1780026462	7	50641
1780026468	0	50641
1780026468	1	51357
1780026468	2	50645
1780026468	3	50901
1780026468	4	50661
1780026468	5	50897
1780026468	6	50645
1780026468	7	50641
1780026473	0	50641
1780026473	1	51357
1780026473	2	50645
1780026473	3	50901
1780026473	4	50661
1780026473	5	50897
1780026473	6	50645
1780026473	7	50641
1780026478	0	50641
1780026478	1	51357
1780026478	2	50645
1780026478	3	50901
1780026478	4	50661
1780026478	5	50897
1780026478	6	50645
1780026478	7	50641
1780026484	0	50641
1780026484	1	51357
1780026484	2	50645
1780026484	3	50901
1780026484	4	50661
1780026484	5	50897
1780026484	6	50645
1780026484	7	50641
1780026489	0	50641
1780026489	1	51357
1780026489	2	50645
1780026489	3	50901
1780026489	4	50661
1780026489	5	50897
1780026489	6	50645
1780026489	7	50641
1780026494	0	50641
1780026494	1	51357
1780026494	2	50645
1780026494	3	50901
1780026494	4	50661
1780026494	5	50897
1780026494	6	50645
1780026494	7	50641
1780026500	0	50641
1780026500	1	51357
1780026500	2	50645
1780026500	3	50901
1780026500	4	50661
1780026500	5	50897
1780026500	6	50645
1780026500	7	50641
1780026505	0	50641
1780026505	1	51357
1780026505	2	50645
1780026505	3	50901
1780026505	4	50661
1780026505	5	50897
1780026505	6	50645
1780026505	7	50641
1780026510	0	50641
1780026510	1	51357
1780026510	2	50645
1780026510	3	50901
1780026510	4	50661
1780026510	5	50897
1780026510	6	50645
1780026510	7	50641
1780026516	0	50641
1780026516	1	51357
1780026516	2	50645
1780026516	3	50901
1780026516	4	50661
1780026516	5	50897
1780026516	6	50645
1780026516	7	50641
1780026521	0	50641
1780026521	1	51357
1780026521	2	50645
1780026521	3	50901
1780026521	4	50661
1780026521	5	50897
1780026521	6	50645
1780026521	7	50641
1780026526	0	50641
1780026526	1	51357
1780026526	2	50645
1780026526	3	50901
1780026526	4	50661
1780026526	5	50897
1780026526	6	50645
1780026526	7	50641
1780026531	0	50641
1780026531	1	51357
1780026531	2	50645
1780026531	3	50901
1780026531	4	50661
1780026531	5	50897
1780026531	6	50645
1780026531	7	50641
1780026537	0	50641
1780026537	1	51357
1780026537	2	50645
1780026537	3	50901
1780026537	4	50661
1780026537	5	50897
1780026537	6	50645
1780026537	7	50641
1780026542	0	50641
1780026542	1	51357
1780026542	2	50645
1780026542	3	50901
1780026542	4	50661
1780026542	5	50897
1780026542	6	50645
1780026542	7	50641
1780026547	0	50641
1780026547	1	51357
1780026547	2	50645
1780026547	3	50901
1780026547	4	50661
1780026547	5	50897
1780026547	6	50645
1780026547	7	50641
1780026553	0	50641
1780026553	1	51357
1780026553	2	50645
1780026553	3	50901
1780026553	4	50661
1780026553	5	50897
1780026553	6	50645
1780026553	7	50641
1780026558	0	50641
1780026558	1	51357
1780026558	2	50645
1780026558	3	50901
1780026558	4	50661
1780026558	5	50897
1780026558	6	50645
1780026558	7	50641
1780026563	0	50641
1780026563	1	51357
1780026563	2	50645
1780026563	3	50901
1780026563	4	50661
1780026563	5	50897
1780026563	6	50645
1780026563	7	50641
1780026569	0	50641
1780026569	1	51357
1780026569	2	50645
1780026569	3	50901
1780026569	4	50661
1780026569	5	50897
1780026569	6	50645
1780026569	7	50641
1780026574	0	50641
1780026574	1	51357
1780026574	2	50645
1780026574	3	50901
1780026574	4	50661
1780026574	5	50897
1780026574	6	50645
1780026574	7	50641
1780026579	0	50641
1780026579	1	51357
1780026579	2	50645
1780026579	3	50901
1780026579	4	50661
1780026579	5	50897
1780026579	6	50645
1780026579	7	50641
1780026585	0	50641
1780026585	1	51357
1780026585	2	50645
1780026585	3	50901
1780026585	4	50661
1780026585	5	50897
1780026585	6	50645
1780026585	7	50641
1780026590	0	50641
1780026590	1	51357
1780026590	2	50645
1780026590	3	50901
1780026590	4	50661
1780026590	5	50897
1780026590	6	50645
1780026590	7	50641
1780026595	0	50641
1780026595	1	51357
1780026595	2	50645
1780026595	3	50901
1780026595	4	50661
1780026595	5	50897
1780026595	6	50645
1780026595	7	50641
1780026601	0	50641
1780026601	1	51357
1780026601	2	50645
1780026601	3	50901
1780026601	4	50661
1780026601	5	50897
1780026601	6	50645
1780026601	7	50641
1780026606	0	50641
1780026606	1	51357
1780026606	2	50645
1780026606	3	50901
1780026606	4	50661
1780026606	5	50897
1780026606	6	50645
1780026606	7	50641
1780026611	0	50641
1780026611	1	51357
1780026611	2	50645
1780026611	3	50901
1780026611	4	50661
1780026611	5	50897
1780026611	6	50645
1780026611	7	50641
1780026617	0	50641
1780026617	1	51357
1780026617	2	50645
1780026617	3	50901
1780026617	4	50661
1780026617	5	50897
1780026617	6	50645
1780026617	7	50641
1780026622	0	50641
1780026622	1	51357
1780026622	2	50645
1780026622	3	50901
1780026622	4	50661
1780026622	5	50897
1780026622	6	50645
1780026622	7	50641
1780026627	0	50641
1780026627	1	51357
1780026627	2	50645
1780026627	3	50901
1780026627	4	50661
1780026627	5	50897
1780026627	6	50645
1780026627	7	50641
1780026633	0	50641
1780026633	1	51357
1780026633	2	50645
1780026633	3	50901
1780026633	4	50661
1780026633	5	50897
1780026633	6	50645
1780026633	7	50641
1780026638	0	50641
1780026638	1	51357
1780026638	2	50645
1780026638	3	50901
1780026638	4	50661
1780026638	5	50897
1780026638	6	50645
1780026638	7	50641
1780026643	0	50641
1780026643	1	51357
1780026643	2	50645
1780026643	3	50901
1780026643	4	50661
1780026643	5	50897
1780026643	6	50645
1780026643	7	50641
1780026648	0	50641
1780026648	1	51357
1780026648	2	50645
1780026648	3	50901
1780026648	4	50661
1780026648	5	50897
1780026648	6	50645
1780026648	7	50641
1780026654	0	50641
1780026654	1	51357
1780026654	2	50645
1780026654	3	50901
1780026654	4	50661
1780026654	5	50897
1780026654	6	50645
1780026654	7	50641
1780026659	0	50641
1780026659	1	51357
1780026659	2	50645
1780026659	3	50901
1780026659	4	50661
1780026659	5	50897
1780026659	6	50645
1780026659	7	50641
1780026664	0	50641
1780026664	1	51357
1780026664	2	50645
1780026664	3	50901
1780026664	4	50661
1780026664	5	50897
1780026664	6	50645
1780026664	7	50641
1780026670	0	50641
1780026670	1	51357
1780026670	2	50645
1780026670	3	50901
1780026670	4	50661
1780026670	5	50897
1780026670	6	50645
1780026670	7	50641
1780026675	0	50641
1780026675	1	51357
1780026675	2	50645
1780026675	3	50901
1780026675	4	50661
1780026675	5	50897
1780026675	6	50645
1780026675	7	50641
1780026680	0	50641
1780026680	1	51357
1780026680	2	50645
1780026680	3	50901
1780026680	4	50661
1780026680	5	50897
1780026680	6	50645
1780026680	7	50641
1780026686	0	50641
1780026686	1	51357
1780026686	2	50645
1780026686	3	50901
1780026686	4	50661
1780026686	5	50897
1780026686	6	50645
1780026686	7	50641
1780026691	0	50641
1780026691	1	51357
1780026691	2	50645
1780026691	3	50901
1780026691	4	50661
1780026691	5	50897
1780026691	6	50645
1780026691	7	50641
1780026696	0	50641
1780026696	1	51357
1780026696	2	50645
1780026696	3	50901
1780026696	4	50661
1780026696	5	50897
1780026696	6	50645
1780026696	7	50641
1780026702	0	50641
1780026702	1	51357
1780026702	2	50645
1780026702	3	50901
1780026702	4	50661
1780026702	5	50897
1780026702	6	50645
1780026702	7	50641
1780026707	0	50641
1780026707	1	51357
1780026707	2	50645
1780026707	3	50901
1780026707	4	50661
1780026707	5	50897
1780026707	6	50645
1780026707	7	50641
1780026712	0	50641
1780026712	1	51357
1780026712	2	50645
1780026712	3	50901
1780026712	4	50661
1780026712	5	50897
1780026712	6	50645
1780026712	7	50641
1780026718	0	50641
1780026718	1	51357
1780026718	2	50645
1780026718	3	50901
1780026718	4	50661
1780026718	5	50897
1780026718	6	50645
1780026718	7	50641
1780026723	0	50641
1780026723	1	51357
1780026723	2	50645
1780026723	3	50901
1780026723	4	50661
1780026723	5	50897
1780026723	6	50645
1780026723	7	50641
1780026728	0	50641
1780026728	1	51357
1780026728	2	50645
1780026728	3	50901
1780026728	4	50661
1780026728	5	50897
1780026728	6	50645
1780026728	7	50641
1780026734	0	50641
1780026734	1	51357
1780026734	2	50645
1780026734	3	50901
1780026734	4	50661
1780026734	5	50897
1780026734	6	50645
1780026734	7	50641
1780026739	0	50641
1780026739	1	51357
1780026739	2	50645
1780026739	3	50901
1780026739	4	50661
1780026739	5	50897
1780026739	6	50645
1780026739	7	50641
1780026744	0	50641
1780026744	1	51357
1780026744	2	50645
1780026744	3	50901
1780026744	4	50661
1780026744	5	50897
1780026744	6	50645
1780026744	7	50641
1780026750	0	50641
1780026750	1	51357
1780026750	2	50645
1780026750	3	50901
1780026750	4	50661
1780026750	5	50897
1780026750	6	50645
1780026750	7	50641
1780026755	0	50641
1780026755	1	51357
1780026755	2	50645
1780026755	3	50901
1780026755	4	50661
1780026755	5	50897
1780026755	6	50645
1780026755	7	50641
1780026760	0	50641
1780026760	1	51357
1780026760	2	50645
1780026760	3	50901
1780026760	4	50661
1780026760	5	50897
1780026760	6	50645
1780026760	7	50641
1780026766	0	50641
1780026766	1	51357
1780026766	2	50645
1780026766	3	50901
1780026766	4	50661
1780026766	5	50897
1780026766	6	50645
1780026766	7	50641
1780026771	0	50641
1780026771	1	51357
1780026771	2	50645
1780026771	3	50901
1780026771	4	50661
1780026771	5	50897
1780026771	6	50645
1780026771	7	50641
1780026776	0	50641
1780026776	1	51357
1780026776	2	50645
1780026776	3	50901
1780026776	4	50661
1780026776	5	50897
1780026776	6	50645
1780026776	7	50641
1780026782	0	50641
1780026782	1	51357
1780026782	2	50645
1780026782	3	50901
1780026782	4	50661
1780026782	5	50897
1780026782	6	50645
1780026782	7	50641
1780026787	0	50641
1780026787	1	51357
1780026787	2	50645
1780026787	3	50901
1780026787	4	50661
1780026787	5	50897
1780026787	6	50645
1780026787	7	50641
1780026792	0	50641
1780026792	1	51357
1780026792	2	50645
1780026792	3	50901
1780026792	4	50661
1780026792	5	50897
1780026792	6	50645
1780026792	7	50641
1780026797	0	50641
1780026797	1	51357
1780026797	2	50645
1780026797	3	50901
1780026797	4	50661
1780026797	5	50897
1780026797	6	50645
1780026797	7	50641
1780026803	0	50641
1780026803	1	51357
1780026803	2	50645
1780026803	3	50901
1780026803	4	50661
1780026803	5	50897
1780026803	6	50645
1780026803	7	50641
1780026808	0	50641
1780026808	1	51357
1780026808	2	50645
1780026808	3	50901
1780026808	4	50661
1780026808	5	50897
1780026808	6	50645
1780026808	7	50641
1780026814	0	50641
1780026814	1	51357
1780026814	2	50645
1780026814	3	50901
1780026814	4	50661
1780026814	5	50897
1780026814	6	50645
1780026814	7	50641
1780026819	0	50641
1780026819	1	51357
1780026819	2	50645
1780026819	3	50901
1780026819	4	50661
1780026819	5	50897
1780026819	6	50645
1780026819	7	50641
1780026824	0	50641
1780026824	1	51357
1780026824	2	50645
1780026824	3	50901
1780026824	4	50661
1780026824	5	50897
1780026824	6	50645
1780026824	7	50641
1780026830	0	50641
1780026830	1	51357
1780026830	2	50645
1780026830	3	50901
1780026830	4	50661
1780026830	5	50897
1780026830	6	50645
1780026830	7	50641
1780026835	0	50641
1780026835	1	51357
1780026835	2	50645
1780026835	3	50901
1780026835	4	50661
1780026835	5	50897
1780026835	6	50645
1780026835	7	50641
1780026840	0	50641
1780026840	1	51357
1780026840	2	50645
1780026840	3	50901
1780026840	4	50661
1780026840	5	50897
1780026840	6	50645
1780026840	7	50641
1780026846	0	50641
1780026846	1	51357
1780026846	2	50645
1780026846	3	50901
1780026846	4	50661
1780026846	5	50897
1780026846	6	50645
1780026846	7	50641
1780026851	0	50641
1780026851	1	51357
1780026851	2	50645
1780026851	3	50901
1780026851	4	50661
1780026851	5	50897
1780026851	6	50645
1780026851	7	50641
1780026856	0	50641
1780026856	1	51357
1780026856	2	50645
1780026856	3	50901
1780026856	4	50661
1780026856	5	50897
1780026856	6	50645
1780026856	7	50641
1780026861	0	50641
1780026861	1	51357
1780026861	2	50645
1780026861	3	50901
1780026861	4	50661
1780026861	5	50897
1780026861	6	50645
1780026861	7	50641
1780026867	0	50641
1780026867	1	51357
1780026867	2	50645
1780026867	3	50901
1780026867	4	50661
1780026867	5	50897
1780026867	6	50645
1780026867	7	50641
1780026872	0	50641
1780026872	1	51357
1780026872	2	50645
1780026872	3	50901
1780026872	4	50661
1780026872	5	50897
1780026872	6	50645
1780026872	7	50641
1780026877	0	50641
1780026877	1	51357
1780026877	2	50645
1780026877	3	50901
1780026877	4	50661
1780026877	5	50897
1780026877	6	50645
1780026877	7	50641
1780026883	0	50641
1780026883	1	51357
1780026883	2	50645
1780026883	3	50901
1780026883	4	50661
1780026883	5	50897
1780026883	6	50645
1780026883	7	50641
1780026888	0	50641
1780026888	1	51357
1780026888	2	50645
1780026888	3	50901
1780026888	4	50661
1780026888	5	50897
1780026888	6	50645
1780026888	7	50641
1780026893	0	50641
1780026893	1	51357
1780026893	2	50645
1780026893	3	50901
1780026893	4	50661
1780026893	5	50897
1780026893	6	50645
1780026893	7	50641
1780026899	0	50641
1780026899	1	51357
1780026899	2	50645
1780026899	3	50901
1780026899	4	50661
1780026899	5	50897
1780026899	6	50645
1780026899	7	50641
1780026904	0	50641
1780026904	1	51357
1780026904	2	50645
1780026904	3	50901
1780026904	4	50661
1780026904	5	50897
1780026904	6	50645
1780026904	7	50641
1780026909	0	50641
1780026909	1	51357
1780026909	2	50645
1780026909	3	50901
1780026909	4	50661
1780026909	5	50897
1780026909	6	50645
1780026909	7	50641
1780026915	0	50641
1780026915	1	51357
1780026915	2	50645
1780026915	3	50901
1780026915	4	50661
1780026915	5	50897
1780026915	6	50645
1780026915	7	50641
1780026920	0	50641
1780026920	1	51357
1780026920	2	50645
1780026920	3	50901
1780026920	4	50661
1780026920	5	50897
1780026920	6	50645
1780026920	7	50641
1780026925	0	50641
1780026925	1	51357
1780026925	2	50645
1780026925	3	50901
1780026925	4	50661
1780026925	5	50897
1780026925	6	50645
1780026925	7	50641
1780026931	0	50641
1780026931	1	51357
1780026931	2	50645
1780026931	3	50901
1780026931	4	50661
1780026931	5	50897
1780026931	6	50645
1780026931	7	50641
1780026936	0	50641
1780026936	1	51357
1780026936	2	50645
1780026936	3	50901
1780026936	4	50661
1780026936	5	50897
1780026936	6	50645
1780026936	7	50641
1780026941	0	50641
1780026941	1	51357
1780026941	2	50645
1780026941	3	50901
1780026941	4	50661
1780026941	5	50897
1780026941	6	50645
1780026941	7	50641
1780026946	0	50641
1780026946	1	51357
1780026946	2	50645
1780026946	3	50901
1780026946	4	50661
1780026946	5	50897
1780026946	6	50645
1780026946	7	50641
1780026952	0	50641
1780026952	1	51357
1780026952	2	50645
1780026952	3	50901
1780026952	4	50661
1780026952	5	50897
1780026952	6	50645
1780026952	7	50641
1780026957	0	50641
1780026957	1	51357
1780026957	2	50645
1780026957	3	50901
1780026957	4	50661
1780026957	5	50897
1780026957	6	50645
1780026957	7	50641
1780026962	0	50641
1780026962	1	51357
1780026962	2	50645
1780026962	3	50901
1780026962	4	50661
1780026962	5	50897
1780026962	6	50645
1780026962	7	50641
1780026968	0	50641
1780026968	1	51357
1780026968	2	50645
1780026968	3	50901
1780026968	4	50661
1780026968	5	50897
1780026968	6	50645
1780026968	7	50641
1780026973	0	50641
1780026973	1	51357
1780026973	2	50645
1780026973	3	50901
1780026973	4	50661
1780026973	5	50897
1780026973	6	50645
1780026973	7	50641
1780026978	0	50641
1780026978	1	51357
1780026978	2	50645
1780026978	3	50901
1780026978	4	50661
1780026978	5	50897
1780026978	6	50645
1780026978	7	50641
1780026984	0	50641
1780026984	1	51357
1780026984	2	50645
1780026984	3	50901
1780026984	4	50661
1780026984	5	50897
1780026984	6	50645
1780026984	7	50641
1780026989	0	50641
1780026989	1	51357
1780026989	2	50645
1780026989	3	50901
1780026989	4	50661
1780026989	5	50897
1780026989	6	50645
1780026989	7	50641
1780026994	0	50641
1780026994	1	51357
1780026994	2	50645
1780026994	3	50901
1780026994	4	50661
1780026994	5	50897
1780026994	6	50645
1780026994	7	50641
1780027000	0	50641
1780027000	1	51357
1780027000	2	50645
1780027000	3	50901
1780027000	4	50661
1780027000	5	50897
1780027000	6	50645
1780027000	7	50641
1780027005	0	50641
1780027005	1	51357
1780027005	2	50645
1780027005	3	50901
1780027005	4	50661
1780027005	5	50897
1780027005	6	50645
1780027005	7	50641
1780027010	0	50641
1780027010	1	51357
1780027010	2	50645
1780027010	3	50901
1780027010	4	50661
1780027010	5	50897
1780027010	6	50645
1780027010	7	50641
1780027015	0	50641
1780027015	1	51357
1780027015	2	50645
1780027015	3	50901
1780027015	4	50661
1780027015	5	50897
1780027015	6	50645
1780027015	7	50641
1780027021	0	50641
1780027021	1	51357
1780027021	2	50645
1780027021	3	50901
1780027021	4	50661
1780027021	5	50897
1780027021	6	50645
1780027021	7	50641
1780027026	0	50641
1780027026	1	51357
1780027026	2	50645
1780027026	3	50901
1780027026	4	50661
1780027026	5	50897
1780027026	6	50645
1780027026	7	50641
1780027031	0	50641
1780027031	1	51357
1780027031	2	50645
1780027031	3	50901
1780027031	4	50661
1780027031	5	50897
1780027031	6	50645
1780027031	7	50641
1780027037	0	50641
1780027037	1	51357
1780027037	2	50645
1780027037	3	50901
1780027037	4	50661
1780027037	5	50897
1780027037	6	50645
1780027037	7	50641
1780027042	0	50641
1780027042	1	51357
1780027042	2	50645
1780027042	3	50901
1780027042	4	50661
1780027042	5	50897
1780027042	6	50645
1780027042	7	50641
1780027047	0	50641
1780027047	1	51357
1780027047	2	50645
1780027047	3	50901
1780027047	4	50661
1780027047	5	50897
1780027047	6	50645
1780027047	7	50641
1780027053	0	50641
1780027053	1	51357
1780027053	2	50645
1780027053	3	50901
1780027053	4	50661
1780027053	5	50897
1780027053	6	50645
1780027053	7	50641
1780027058	0	50641
1780027058	1	51357
1780027058	2	50645
1780027058	3	50901
1780027058	4	50661
1780027058	5	50897
1780027058	6	50645
1780027058	7	50641
1780027063	0	50641
1780027063	1	51357
1780027063	2	50645
1780027063	3	50901
1780027063	4	50661
1780027063	5	50897
1780027063	6	50645
1780027063	7	50641
1780027069	0	50641
1780027069	1	51357
1780027069	2	50645
1780027069	3	50901
1780027069	4	50661
1780027069	5	50897
1780027069	6	50645
1780027069	7	50641
1780027074	0	50641
1780027074	1	51357
1780027074	2	50645
1780027074	3	50901
1780027074	4	50661
1780027074	5	50897
1780027074	6	50645
1780027074	7	50641
1780027079	0	50641
1780027079	1	51357
1780027079	2	50645
1780027079	3	50901
1780027079	4	50661
1780027079	5	50897
1780027079	6	50645
1780027079	7	50641
1780027085	0	50641
1780027085	1	51357
1780027085	2	50645
1780027085	3	50901
1780027085	4	50661
1780027085	5	50897
1780027085	6	50645
1780027085	7	50641
1780027090	0	50641
1780027090	1	51357
1780027090	2	50645
1780027090	3	50901
1780027090	4	50661
1780027090	5	50897
1780027090	6	50645
1780027090	7	50641
1780027095	0	50641
1780027095	1	51357
1780027095	2	50645
1780027095	3	50901
1780027095	4	50661
1780027095	5	50897
1780027095	6	50645
1780027095	7	50641
1780027100	0	50641
1780027100	1	51357
1780027100	2	50645
1780027100	3	50901
1780027100	4	50661
1780027100	5	50897
1780027100	6	50645
1780027100	7	50641
1780027106	0	50641
1780027106	1	51357
1780027106	2	50645
1780027106	3	50901
1780027106	4	50661
1780027106	5	50897
1780027106	6	50645
1780027106	7	50641
1780027111	0	50641
1780027111	1	51357
1780027111	2	50645
1780027111	3	50901
1780027111	4	50661
1780027111	5	50897
1780027111	6	50645
1780027111	7	50641
1780027116	0	50641
1780027116	1	51357
1780027116	2	50645
1780027116	3	50901
1780027116	4	50661
1780027116	5	50897
1780027116	6	50645
1780027116	7	50641
1780027122	0	50641
1780027122	1	51357
1780027122	2	50645
1780027122	3	50901
1780027122	4	50661
1780027122	5	50897
1780027122	6	50645
1780027122	7	50641
1780027127	0	50641
1780027127	1	51357
1780027127	2	50645
1780027127	3	50901
1780027127	4	50661
1780027127	5	50897
1780027127	6	50645
1780027127	7	50641
1780027132	0	50641
1780027132	1	51357
1780027132	2	50645
1780027132	3	50901
1780027132	4	50661
1780027132	5	50897
1780027132	6	50645
1780027132	7	50641
1780027138	0	50641
1780027138	1	51357
1780027138	2	50645
1780027138	3	50901
1780027138	4	50661
1780027138	5	50897
1780027138	6	50645
1780027138	7	50641
1780027143	0	50641
1780027143	1	51357
1780027143	2	50645
1780027143	3	50901
1780027143	4	50661
1780027143	5	50897
1780027143	6	50645
1780027143	7	50641
1780027149	0	50641
1780027149	1	51357
1780027149	2	50645
1780027149	3	50901
1780027149	4	50661
1780027149	5	50897
1780027149	6	50645
1780027149	7	50641
1780027154	0	50641
1780027154	1	51357
1780027154	2	50645
1780027154	3	50901
1780027154	4	50661
1780027154	5	50897
1780027154	6	50645
1780027154	7	50641
1780027159	0	50641
1780027159	1	51357
1780027159	2	50645
1780027159	3	50901
1780027159	4	50661
1780027159	5	50897
1780027159	6	50645
1780027159	7	50641
1780027164	0	50641
1780027164	1	51357
1780027164	2	50645
1780027164	3	50901
1780027164	4	50661
1780027164	5	50897
1780027164	6	50645
1780027164	7	50641
1780027170	0	50641
1780027170	1	51357
1780027170	2	50645
1780027170	3	50901
1780027170	4	50661
1780027170	5	50897
1780027170	6	50645
1780027170	7	50641
1780027175	0	50641
1780027175	1	51357
1780027175	2	50645
1780027175	3	50901
1780027175	4	50661
1780027175	5	50897
1780027175	6	50645
1780027175	7	50641
1780027180	0	50641
1780027180	1	51357
1780027180	2	50645
1780027180	3	50901
1780027180	4	50661
1780027180	5	50897
1780027180	6	50645
1780027180	7	50641
1780027186	0	50641
1780027186	1	51357
1780027186	2	50645
1780027186	3	50901
1780027186	4	50661
1780027186	5	50897
1780027186	6	50645
1780027186	7	50641
1780027191	0	50641
1780027191	1	51357
1780027191	2	50645
1780027191	3	50901
1780027191	4	50661
1780027191	5	50897
1780027191	6	50645
1780027191	7	50641
1780027196	0	50641
1780027196	1	51357
1780027196	2	50645
1780027196	3	50901
1780027196	4	50661
1780027196	5	50897
1780027196	6	50645
1780027196	7	50641
1780027202	0	50641
1780027202	1	51357
1780027202	2	50645
1780027202	3	50901
1780027202	4	50661
1780027202	5	50897
1780027202	6	50645
1780027202	7	50641
1780027207	0	50641
1780027207	1	51357
1780027207	2	50645
1780027207	3	50901
1780027207	4	50661
1780027207	5	50897
1780027207	6	50645
1780027207	7	50641
1780027212	0	50641
1780027212	1	51357
1780027212	2	50645
1780027212	3	50901
1780027212	4	50661
1780027212	5	50897
1780027212	6	50645
1780027212	7	50641
1780027218	0	50641
1780027218	1	51357
1780027218	2	50645
1780027218	3	50901
1780027218	4	50661
1780027218	5	50897
1780027218	6	50645
1780027218	7	50641
1780027223	0	50641
1780027223	1	51357
1780027223	2	50645
1780027223	3	50901
1780027223	4	50661
1780027223	5	50897
1780027223	6	50645
1780027223	7	50641
1780027228	0	50641
1780027228	1	51357
1780027228	2	50645
1780027228	3	50901
1780027228	4	50661
1780027228	5	50897
1780027228	6	50645
1780027228	7	50641
1780027233	0	50641
1780027233	1	51357
1780027233	2	50645
1780027233	3	50901
1780027233	4	50661
1780027233	5	50897
1780027233	6	50645
1780027233	7	50641
1780027239	0	50641
1780027239	1	51357
1780027239	2	50645
1780027239	3	50901
1780027239	4	50661
1780027239	5	50897
1780027239	6	50645
1780027239	7	50641
1780027244	0	50641
1780027244	1	51357
1780027244	2	50645
1780027244	3	50901
1780027244	4	50661
1780027244	5	50897
1780027244	6	50645
1780027244	7	50641
1780027249	0	50641
1780027249	1	51357
1780027249	2	50645
1780027249	3	50901
1780027249	4	50661
1780027249	5	50897
1780027249	6	50645
1780027249	7	50641
1780027255	0	50641
1780027255	1	51357
1780027255	2	50645
1780027255	3	50901
1780027255	4	50661
1780027255	5	50897
1780027255	6	50645
1780027255	7	50641
1780027260	0	50641
1780027260	1	51357
1780027260	2	50645
1780027260	3	50901
1780027260	4	50661
1780027260	5	50897
1780027260	6	50645
1780027260	7	50641
1780027265	0	50641
1780027265	1	51357
1780027265	2	50645
1780027265	3	50901
1780027265	4	50661
1780027265	5	50897
1780027265	6	50645
1780027265	7	50641
1780027271	0	50641
1780027271	1	51357
1780027271	2	50645
1780027271	3	50901
1780027271	4	50661
1780027271	5	50897
1780027271	6	50645
1780027271	7	50641
1780027276	0	50641
1780027276	1	51357
1780027276	2	50645
1780027276	3	50901
1780027276	4	50661
1780027276	5	50897
1780027276	6	50645
1780027276	7	50641
1780027281	0	50641
1780027281	1	51357
1780027281	2	50645
1780027281	3	50901
1780027281	4	50661
1780027281	5	50897
1780027281	6	50645
1780027281	7	50641
1780027287	0	50641
1780027287	1	51357
1780027287	2	50645
1780027287	3	50901
1780027287	4	50661
1780027287	5	50897
1780027287	6	50645
1780027287	7	50641
1780027292	0	50641
1780027292	1	51357
1780027292	2	50645
1780027292	3	50901
1780027292	4	50661
1780027292	5	50897
1780027292	6	50645
1780027292	7	50641
1780027297	0	50641
1780027297	1	51357
1780027297	2	50645
1780027297	3	50901
1780027297	4	50661
1780027297	5	50897
1780027297	6	50645
1780027297	7	50641
1780027303	0	50641
1780027303	1	51357
1780027303	2	50645
1780027303	3	50901
1780027303	4	50661
1780027303	5	50897
1780027303	6	50645
1780027303	7	50641
1780027308	0	50641
1780027308	1	51357
1780027308	2	50645
1780027308	3	50901
1780027308	4	50661
1780027308	5	50897
1780027308	6	50645
1780027308	7	50641
1780027313	0	50641
1780027313	1	51357
1780027313	2	50645
1780027313	3	50901
1780027313	4	50661
1780027313	5	50897
1780027313	6	50645
1780027313	7	50641
1780027318	0	50641
1780027318	1	51357
1780027318	2	50645
1780027318	3	50901
1780027318	4	50661
1780027318	5	50937
1780027318	6	50645
1780027318	7	50641
1780027324	0	50641
1780027324	1	51357
1780027324	2	50645
1780027324	3	50901
1780027324	4	50661
1780027324	5	50937
1780027324	6	50645
1780027324	7	50641
1780027329	0	50641
1780027329	1	51357
1780027329	2	50645
1780027329	3	50901
1780027329	4	50661
1780027329	5	50937
1780027329	6	50645
1780027329	7	50641
1780027334	0	50641
1780027334	1	51357
1780027334	2	50645
1780027334	3	50901
1780027334	4	50661
1780027334	5	50937
1780027334	6	50645
1780027334	7	50641
1780027340	0	50641
1780027340	1	51357
1780027340	2	50645
1780027340	3	50901
1780027340	4	50661
1780027340	5	50937
1780027340	6	50645
1780027340	7	50641
1780027345	0	50641
1780027345	1	51357
1780027345	2	50645
1780027345	3	50901
1780027345	4	50661
1780027345	5	50937
1780027345	6	50645
1780027345	7	50641
1780027350	0	50641
1780027350	1	51357
1780027350	2	50645
1780027350	3	50901
1780027350	4	50661
1780027350	5	50937
1780027350	6	50645
1780027350	7	50641
1780027356	0	50641
1780027356	1	51357
1780027356	2	50645
1780027356	3	50901
1780027356	4	50661
1780027356	5	50937
1780027356	6	50645
1780027356	7	50641
1780027361	0	50641
1780027361	1	51357
1780027361	2	50645
1780027361	3	50901
1780027361	4	50661
1780027361	5	50937
1780027361	6	50645
1780027361	7	50641
1780027366	0	50641
1780027366	1	51357
1780027366	2	50645
1780027366	3	50901
1780027366	4	50661
1780027366	5	50937
1780027366	6	50645
1780027366	7	50641
1780027372	0	50641
1780027372	1	51357
1780027372	2	50645
1780027372	3	50901
1780027372	4	50661
1780027372	5	50937
1780027372	6	50645
1780027372	7	50641
1780027377	0	50641
1780027377	1	51357
1780027377	2	50645
1780027377	3	50901
1780027377	4	50661
1780027377	5	50937
1780027377	6	50645
1780027377	7	50641
1780027382	0	50641
1780027382	1	51357
1780027382	2	50645
1780027382	3	50901
1780027382	4	50661
1780027382	5	50937
1780027382	6	50645
1780027382	7	50641
1780027387	0	50641
1780027387	1	51357
1780027387	2	50645
1780027387	3	50901
1780027387	4	50661
1780027387	5	50937
1780027387	6	50645
1780027387	7	50641
1780027393	0	50641
1780027393	1	51357
1780027393	2	50645
1780027393	3	50901
1780027393	4	50661
1780027393	5	50937
1780027393	6	50645
1780027393	7	50641
1780027398	0	50641
1780027398	1	51357
1780027398	2	50645
1780027398	3	50901
1780027398	4	50661
1780027398	5	50937
1780027398	6	50645
1780027398	7	50641
1780027403	0	50641
1780027403	1	51357
1780027403	2	50645
1780027403	3	50901
1780027403	4	50661
1780027403	5	50937
1780027403	6	50645
1780027403	7	50641
1780027409	0	50641
1780027409	1	51357
1780027409	2	50645
1780027409	3	50901
1780027409	4	50661
1780027409	5	50937
1780027409	6	50645
1780027409	7	50641
1780027414	0	50641
1780027414	1	51357
1780027414	2	50645
1780027414	3	50901
1780027414	4	50661
1780027414	5	50937
1780027414	6	50645
1780027414	7	50641
1780027419	0	50641
1780027419	1	51357
1780027419	2	50645
1780027419	3	50901
1780027419	4	50661
1780027419	5	50937
1780027419	6	50645
1780027419	7	50641
1780027425	0	50641
1780027425	1	51357
1780027425	2	50645
1780027425	3	50901
1780027425	4	50661
1780027425	5	50937
1780027425	6	50645
1780027425	7	50641
1780027430	0	50641
1780027430	1	51357
1780027430	2	50645
1780027430	3	50901
1780027430	4	50661
1780027430	5	50937
1780027430	6	50645
1780027430	7	50641
1780027435	0	50641
1780027435	1	51357
1780027435	2	50645
1780027435	3	50901
1780027435	4	50661
1780027435	5	50937
1780027435	6	50645
1780027435	7	50641
1780027441	0	50641
1780027441	1	51357
1780027441	2	50645
1780027441	3	50901
1780027441	4	50661
1780027441	5	50937
1780027441	6	50645
1780027441	7	50641
1780027446	0	50641
1780027446	1	51357
1780027446	2	50645
1780027446	3	50901
1780027446	4	50661
1780027446	5	50937
1780027446	6	50645
1780027446	7	50641
1780027451	0	50641
1780027451	1	51357
1780027451	2	50645
1780027451	3	50901
1780027451	4	50661
1780027451	5	50937
1780027451	6	50645
1780027451	7	50641
1780027456	0	50641
1780027456	1	51357
1780027456	2	50645
1780027456	3	50901
1780027456	4	50661
1780027456	5	50937
1780027456	6	50645
1780027456	7	50641
1780027462	0	50641
1780027462	1	51357
1780027462	2	50645
1780027462	3	50901
1780027462	4	50661
1780027462	5	50937
1780027462	6	50645
1780027462	7	50641
1780027467	0	50641
1780027467	1	51357
1780027467	2	50645
1780027467	3	50901
1780027467	4	50661
1780027467	5	50937
1780027467	6	50645
1780027467	7	50641
1780027472	0	50641
1780027472	1	51357
1780027472	2	50645
1780027472	3	50901
1780027472	4	50661
1780027472	5	50937
1780027472	6	50645
1780027472	7	50641
1780027478	0	50641
1780027478	1	51357
1780027478	2	50645
1780027478	3	50901
1780027478	4	50661
1780027478	5	50937
1780027478	6	50645
1780027478	7	50641
1780027483	0	50641
1780027483	1	51357
1780027483	2	50645
1780027483	3	50901
1780027483	4	50661
1780027483	5	50937
1780027483	6	50645
1780027483	7	50641
1780027488	0	50641
1780027488	1	51357
1780027488	2	50645
1780027488	3	50901
1780027488	4	50661
1780027488	5	50937
1780027488	6	50645
1780027488	7	50641
1780027494	0	50641
1780027494	1	51357
1780027494	2	50645
1780027494	3	50901
1780027494	4	50661
1780027494	5	50937
1780027494	6	50645
1780027494	7	50641
1780027499	0	50641
1780027499	1	51357
1780027499	2	50645
1780027499	3	50901
1780027499	4	50661
1780027499	5	50937
1780027499	6	50645
1780027499	7	50641
1780027504	0	50641
1780027504	1	51357
1780027504	2	50645
1780027504	3	50901
1780027504	4	50661
1780027504	5	50937
1780027504	6	50645
1780027504	7	50641
1780027510	0	50641
1780027510	1	51357
1780027510	2	50645
1780027510	3	50901
1780027510	4	50661
1780027510	5	50937
1780027510	6	50645
1780027510	7	50641
1780027515	0	50641
1780027515	1	51357
1780027515	2	50647
1780027515	3	50901
1780027515	4	50661
1780027515	5	50937
1780027515	6	50645
1780027515	7	50641
1780027520	0	50641
1780027520	1	51357
1780027520	2	50647
1780027520	3	50901
1780027520	4	50661
1780027520	5	50937
1780027520	6	50645
1780027520	7	50641
1780027525	0	50641
1780027525	1	51357
1780027525	2	50647
1780027525	3	50901
1780027525	4	50661
1780027525	5	50937
1780027525	6	50645
1780027525	7	50641
1780027531	0	50641
1780027531	1	51357
1780027531	2	50647
1780027531	3	50901
1780027531	4	50661
1780027531	5	50937
1780027531	6	50645
1780027531	7	50641
1780027536	0	50641
1780027536	1	51357
1780027536	2	50647
1780027536	3	50901
1780027536	4	50661
1780027536	5	50937
1780027536	6	50645
1780027536	7	50641
1780027541	0	50641
1780027541	1	51357
1780027541	2	50647
1780027541	3	50901
1780027541	4	50661
1780027541	5	50937
1780027541	6	50645
1780027541	7	50641
1780027547	0	50641
1780027547	1	51357
1780027547	2	50647
1780027547	3	50901
1780027547	4	50661
1780027547	5	50937
1780027547	6	50645
1780027547	7	50641
1780027552	0	50641
1780027552	1	51357
1780027552	2	50647
1780027552	3	50901
1780027552	4	50661
1780027552	5	50937
1780027552	6	50645
1780027552	7	50641
1780027557	0	50641
1780027557	1	51357
1780027557	2	50647
1780027557	3	50901
1780027557	4	50661
1780027557	5	50937
1780027557	6	50645
1780027557	7	50641
1780027563	0	50641
1780027563	1	51357
1780027563	2	50647
1780027563	3	50901
1780027563	4	50661
1780027563	5	50937
1780027563	6	50645
1780027563	7	50641
1780027568	0	50641
1780027568	1	51357
1780027568	2	50647
1780027568	3	50901
1780027568	4	50661
1780027568	5	50937
1780027568	6	50645
1780027568	7	50641
1780027573	0	50641
1780027573	1	51357
1780027573	2	50647
1780027573	3	50901
1780027573	4	50661
1780027573	5	50937
1780027573	6	50645
1780027573	7	50641
1780027578	0	50641
1780027578	1	51357
1780027578	2	50647
1780027578	3	50901
1780027578	4	50661
1780027578	5	50937
1780027578	6	50645
1780027578	7	50641
1780027584	0	50641
1780027584	1	51357
1780027584	2	50647
1780027584	3	50901
1780027584	4	50661
1780027584	5	50937
1780027584	6	50645
1780027584	7	50641
1780027589	0	50641
1780027589	1	51357
1780027589	2	50647
1780027589	3	50901
1780027589	4	50661
1780027589	5	50937
1780027589	6	50645
1780027589	7	50641
1780027594	0	50641
1780027594	1	51357
1780027594	2	50647
1780027594	3	50901
1780027594	4	50661
1780027594	5	50937
1780027594	6	50645
1780027594	7	50641
1780027600	0	50641
1780027600	1	51357
1780027600	2	50647
1780027600	3	50901
1780027600	4	50661
1780027600	5	50937
1780027600	6	50645
1780027600	7	50641
1780027605	0	50641
1780027605	1	51357
1780027605	2	50647
1780027605	3	50901
1780027605	4	50661
1780027605	5	50937
1780027605	6	50645
1780027605	7	50641
1780027610	0	50641
1780027610	1	51357
1780027610	2	50647
1780027610	3	50901
1780027610	4	50661
1780027610	5	50937
1780027610	6	50645
1780027610	7	50641
1780027616	0	50641
1780027616	1	51357
1780027616	2	50647
1780027616	3	50901
1780027616	4	50661
1780027616	5	50937
1780027616	6	50645
1780027616	7	50641
1780027621	0	50641
1780027621	1	51357
1780027621	2	50647
1780027621	3	50901
1780027621	4	50661
1780027621	5	50937
1780027621	6	50645
1780027621	7	50641
1780027626	0	50641
1780027626	1	51357
1780027626	2	50647
1780027626	3	50901
1780027626	4	50661
1780027626	5	50937
1780027626	6	50645
1780027626	7	50641
1780027632	0	50641
1780027632	1	51357
1780027632	2	50647
1780027632	3	50901
1780027632	4	50661
1780027632	5	50937
1780027632	6	50645
1780027632	7	50641
1780027637	0	50641
1780027637	1	51357
1780027637	2	50647
1780027637	3	50901
1780027637	4	50661
1780027637	5	50937
1780027637	6	50645
1780027637	7	50641
1780027642	0	50641
1780027642	1	51357
1780027642	2	50647
1780027642	3	50901
1780027642	4	50661
1780027642	5	50937
1780027642	6	50645
1780027642	7	50641
1780027647	0	50641
1780027647	1	51357
1780027647	2	50647
1780027647	3	50901
1780027647	4	50661
1780027647	5	50937
1780027647	6	50645
1780027647	7	50641
1780027653	0	50641
1780027653	1	51357
1780027653	2	50647
1780027653	3	50901
1780027653	4	50661
1780027653	5	50937
1780027653	6	50645
1780027653	7	50641
1780027658	0	50641
1780027658	1	51357
1780027658	2	50647
1780027658	3	50901
1780027658	4	50661
1780027658	5	50937
1780027658	6	50645
1780027658	7	50641
1780027663	0	50641
1780027663	1	51357
1780027663	2	50647
1780027663	3	50901
1780027663	4	50661
1780027663	5	50937
1780027663	6	50645
1780027663	7	50641
1780027669	0	50641
1780027669	1	51357
1780027669	2	50647
1780027669	3	50901
1780027669	4	50661
1780027669	5	50937
1780027669	6	50645
1780027669	7	50641
1780027674	0	50641
1780027674	1	51357
1780027674	2	50647
1780027674	3	50901
1780027674	4	50661
1780027674	5	50937
1780027674	6	50645
1780027674	7	50641
1780027679	0	50641
1780027679	1	51357
1780027679	2	50647
1780027679	3	50901
1780027679	4	50661
1780027679	5	50937
1780027679	6	50645
1780027679	7	50681
1780027685	0	50641
1780027685	1	51357
1780027685	2	50647
1780027685	3	50901
1780027685	4	50661
1780027685	5	50937
1780027685	6	50645
1780027685	7	50681
1780027690	0	50641
1780027690	1	51357
1780027690	2	50647
1780027690	3	50901
1780027690	4	50661
1780027690	5	50937
1780027690	6	50645
1780027690	7	50681
1780027695	0	50641
1780027695	1	51357
1780027695	2	50647
1780027695	3	50901
1780027695	4	50661
1780027695	5	50937
1780027695	6	50645
1780027695	7	50681
1780027701	0	50641
1780027701	1	51357
1780027701	2	50647
1780027701	3	50901
1780027701	4	50661
1780027701	5	50937
1780027701	6	50645
1780027701	7	50681
1780027706	0	50641
1780027706	1	51357
1780027706	2	50647
1780027706	3	50901
1780027706	4	50661
1780027706	5	50937
1780027706	6	50645
1780027706	7	50681
1780027711	0	50641
1780027711	1	51357
1780027711	2	50647
1780027711	3	50901
1780027711	4	50661
1780027711	5	50937
1780027711	6	50645
1780027711	7	50681
1780027716	0	50641
1780027716	1	51357
1780027716	2	50647
1780027716	3	50901
1780027716	4	50661
1780027716	5	50937
1780027716	6	50645
1780027716	7	50741
1780027722	0	50641
1780027722	1	51357
1780027722	2	50647
1780027722	3	50901
1780027722	4	50661
1780027722	5	50937
1780027722	6	50645
1780027722	7	50741
1780027727	0	50641
1780027727	1	51357
1780027727	2	50647
1780027727	3	50901
1780027727	4	50661
1780027727	5	50937
1780027727	6	50645
1780027727	7	50741
1780027732	0	50641
1780027732	1	51357
1780027732	2	50647
1780027732	3	50901
1780027732	4	50661
1780027732	5	50937
1780027732	6	50645
1780027732	7	50741
1780027738	0	50641
1780027738	1	51357
1780027738	2	50647
1780027738	3	50901
1780027738	4	50661
1780027738	5	50937
1780027738	6	50645
1780027738	7	50741
1780027743	0	50641
1780027743	1	51357
1780027743	2	50647
1780027743	3	50901
1780027743	4	50661
1780027743	5	50937
1780027743	6	50645
1780027743	7	50741
1780027748	0	50641
1780027748	1	51357
1780027748	2	50647
1780027748	3	50901
1780027748	4	50661
1780027748	5	50937
1780027748	6	50645
1780027748	7	50741
1780027754	0	50641
1780027754	1	51357
1780027754	2	50647
1780027754	3	50901
1780027754	4	50661
1780027754	5	50937
1780027754	6	50645
1780027754	7	50741
1780027759	0	50641
1780027759	1	51357
1780027759	2	50647
1780027759	3	50901
1780027759	4	50661
1780027759	5	50937
1780027759	6	50645
1780027759	7	50741
1780027764	0	50641
1780027764	1	51357
1780027764	2	50647
1780027764	3	50901
1780027764	4	50661
1780027764	5	50937
1780027764	6	50645
1780027764	7	50741
1780027770	0	50641
1780027770	1	51357
1780027770	2	50647
1780027770	3	50901
1780027770	4	50661
1780027770	5	51077
1780027770	6	50645
1780027770	7	50741
1780027775	0	50641
1780027775	1	51357
1780027775	2	50647
1780027775	3	50901
1780027775	4	50661
1780027775	5	51077
1780027775	6	50645
1780027775	7	50741
1780027780	0	50641
1780027780	1	51357
1780027780	2	50647
1780027780	3	50901
1780027780	4	50661
1780027780	5	51077
1780027780	6	50645
1780027780	7	50741
1780027785	0	50641
1780027785	1	51357
1780027785	2	50647
1780027785	3	50901
1780027785	4	50661
1780027785	5	51077
1780027785	6	50645
1780027785	7	50741
1780027791	0	50641
1780027791	1	51357
1780027791	2	50647
1780027791	3	50901
1780027791	4	50661
1780027791	5	51077
1780027791	6	50645
1780027791	7	50741
1780027796	0	50641
1780027796	1	51357
1780027796	2	50647
1780027796	3	50901
1780027796	4	50661
1780027796	5	51077
1780027796	6	50645
1780027796	7	50741
1780027801	0	50641
1780027801	1	51357
1780027801	2	50647
1780027801	3	50901
1780027801	4	50661
1780027801	5	51077
1780027801	6	50645
1780027801	7	50741
1780027807	0	50641
1780027807	1	51357
1780027807	2	50647
1780027807	3	50901
1780027807	4	50661
1780027807	5	51077
1780027807	6	50645
1780027807	7	50741
1780027812	0	50641
1780027812	1	51357
1780027812	2	50647
1780027812	3	50901
1780027812	4	50661
1780027812	5	51077
1780027812	6	50645
1780027812	7	50741
1780027817	0	50641
1780027817	1	51357
1780027817	2	50647
1780027817	3	50901
1780027817	4	50661
1780027817	5	51077
1780027817	6	50645
1780027817	7	50741
1780027823	0	50641
1780027823	1	51357
1780027823	2	50647
1780027823	3	50901
1780027823	4	50661
1780027823	5	51077
1780027823	6	50645
1780027823	7	50741
1780027828	0	50641
1780027828	1	51357
1780027828	2	50647
1780027828	3	50901
1780027828	4	50661
1780027828	5	51077
1780027828	6	50645
1780027828	7	50741
1780027833	0	50641
1780027833	1	51357
1780027833	2	50647
1780027833	3	50901
1780027833	4	50661
1780027833	5	51077
1780027833	6	50645
1780027833	7	50741
1780027838	0	50641
1780027838	1	51357
1780027838	2	50647
1780027838	3	50901
1780027838	4	50661
1780027838	5	51077
1780027838	6	50645
1780027838	7	50741
1780027844	0	50641
1780027844	1	51357
1780027844	2	50647
1780027844	3	50901
1780027844	4	50661
1780027844	5	51077
1780027844	6	50645
1780027844	7	50741
1780027849	0	50641
1780027849	1	51357
1780027849	2	50647
1780027849	3	50901
1780027849	4	50661
1780027849	5	51077
1780027849	6	50645
1780027849	7	50741
1780027854	0	50641
1780027854	1	51357
1780027854	2	50647
1780027854	3	50901
1780027854	4	50661
1780027854	5	51077
1780027854	6	50645
1780027854	7	50741
1780027860	0	50641
1780027860	1	51357
1780027860	2	50647
1780027860	3	50901
1780027860	4	50661
1780027860	5	51077
1780027860	6	50645
1780027860	7	50741
1780027865	0	50641
1780027865	1	51357
1780027865	2	50647
1780027865	3	50901
1780027865	4	50661
1780027865	5	51077
1780027865	6	50645
1780027865	7	50741
1780027870	0	50641
1780027870	1	51357
1780027870	2	50647
1780027870	3	50901
1780027870	4	50661
1780027870	5	51077
1780027870	6	50645
1780027870	7	50741
1780027876	0	50641
1780027876	1	51357
1780027876	2	50647
1780027876	3	50901
1780027876	4	50661
1780027876	5	51077
1780027876	6	50645
1780027876	7	50741
1780027881	0	50641
1780027881	1	51357
1780027881	2	50647
1780027881	3	50901
1780027881	4	50661
1780027881	5	51077
1780027881	6	50645
1780027881	7	50741
1780027886	0	50641
1780027886	1	51357
1780027886	2	50647
1780027886	3	50901
1780027886	4	50661
1780027886	5	51077
1780027886	6	50645
1780027886	7	50741
1780027892	0	50641
1780027892	1	51357
1780027892	2	50647
1780027892	3	50901
1780027892	4	50661
1780027892	5	51077
1780027892	6	50645
1780027892	7	50741
1780027897	0	50641
1780027897	1	51357
1780027897	2	50647
1780027897	3	50901
1780027897	4	50661
1780027897	5	51077
1780027897	6	50645
1780027897	7	50741
1780027902	0	50641
1780027902	1	51357
1780027902	2	50647
1780027902	3	50901
1780027902	4	50661
1780027902	5	51077
1780027902	6	50645
1780027902	7	50741
1780027907	0	50641
1780027907	1	51357
1780027907	2	50647
1780027907	3	50901
1780027907	4	50661
1780027907	5	51077
1780027907	6	50645
1780027907	7	50741
1780027913	0	50641
1780027913	1	51357
1780027913	2	50647
1780027913	3	50901
1780027913	4	50661
1780027913	5	51077
1780027913	6	50645
1780027913	7	50741
1780027918	0	50641
1780027918	1	51357
1780027918	2	50647
1780027918	3	50901
1780027918	4	50661
1780027918	5	51077
1780027918	6	50645
1780027918	7	50741
1780027923	0	50641
1780027923	1	51357
1780027923	2	50647
1780027923	3	50901
1780027923	4	50661
1780027923	5	51077
1780027923	6	50645
1780027923	7	50741
1780027929	0	50641
1780027929	1	51357
1780027929	2	50647
1780027929	3	50901
1780027929	4	50661
1780027929	5	51077
1780027929	6	50645
1780027929	7	50741
1780027934	0	50641
1780027934	1	51357
1780027934	2	50647
1780027934	3	50901
1780027934	4	50661
1780027934	5	51077
1780027934	6	50645
1780027934	7	50741
1780027939	0	50641
1780027939	1	51357
1780027939	2	50647
1780027939	3	50901
1780027939	4	50661
1780027939	5	51077
1780027939	6	50645
1780027939	7	50741
1780027945	0	50641
1780027945	1	51357
1780027945	2	50647
1780027945	3	50901
1780027945	4	50661
1780027945	5	51077
1780027945	6	50645
1780027945	7	50741
1780027950	0	50641
1780027950	1	51357
1780027950	2	50647
1780027950	3	50901
1780027950	4	50661
1780027950	5	51077
1780027950	6	50645
1780027950	7	50743
1780027955	0	50641
1780027955	1	51357
1780027955	2	50647
1780027955	3	50901
1780027955	4	50661
1780027955	5	51077
1780027955	6	50645
1780027955	7	50743
1780027961	0	50641
1780027961	1	51357
1780027961	2	50647
1780027961	3	50901
1780027961	4	50661
1780027961	5	51077
1780027961	6	50645
1780027961	7	50743
1780027966	0	50641
1780027966	1	51357
1780027966	2	50647
1780027966	3	50901
1780027966	4	50661
1780027966	5	51077
1780027966	6	50645
1780027966	7	50743
1780027971	0	50641
1780027971	1	51357
1780027971	2	50647
1780027971	3	50901
1780027971	4	50661
1780027971	5	51077
1780027971	6	50645
1780027971	7	50743
1780027976	0	50641
1780027976	1	51357
1780027976	2	50647
1780027976	3	50901
1780027976	4	50661
1780027976	5	51077
1780027976	6	50645
1780027976	7	50743
1780027982	0	50641
1780027982	1	51357
1780027982	2	50647
1780027982	3	50901
1780027982	4	50661
1780027982	5	51077
1780027982	6	50645
1780027982	7	50743
1780027987	0	50641
1780027987	1	51357
1780027987	2	50647
1780027987	3	50901
1780027987	4	50661
1780027987	5	51077
1780027987	6	50645
1780027987	7	50743
1780027992	0	50641
1780027992	1	51357
1780027992	2	50647
1780027992	3	50901
1780027992	4	50661
1780027992	5	51077
1780027992	6	50645
1780027992	7	50743
1780027998	0	50641
1780027998	1	51357
1780027998	2	50647
1780027998	3	50901
1780027998	4	50661
1780027998	5	51077
1780027998	6	50645
1780027998	7	50743
1780028003	0	50641
1780028003	1	51357
1780028003	2	50647
1780028003	3	50901
1780028003	4	50661
1780028003	5	51077
1780028003	6	50645
1780028003	7	50743
1780028008	0	50641
1780028008	1	51357
1780028008	2	50647
1780028008	3	50901
1780028008	4	50661
1780028008	5	51077
1780028008	6	50645
1780028008	7	50743
1780028014	0	50641
1780028014	1	51357
1780028014	2	50647
1780028014	3	50901
1780028014	4	50661
1780028014	5	51077
1780028014	6	50645
1780028014	7	50743
1780028019	0	50641
1780028019	1	51357
1780028019	2	50647
1780028019	3	50901
1780028019	4	50661
1780028019	5	51077
1780028019	6	50645
1780028019	7	50743
1780028024	0	50641
1780028024	1	51357
1780028024	2	50647
1780028024	3	50901
1780028024	4	50661
1780028024	5	51077
1780028024	6	50645
1780028024	7	50743
1780028030	0	50641
1780028030	1	51357
1780028030	2	50647
1780028030	3	50901
1780028030	4	50661
1780028030	5	51077
1780028030	6	50645
1780028030	7	50743
1780028035	0	50641
1780028035	1	51357
1780028035	2	50647
1780028035	3	50901
1780028035	4	50661
1780028035	5	51077
1780028035	6	50645
1780028035	7	50743
1780028040	0	50641
1780028040	1	51357
1780028040	2	50647
1780028040	3	50901
1780028040	4	50661
1780028040	5	51077
1780028040	6	50645
1780028040	7	50743
1780028046	0	50641
1780028046	1	51357
1780028046	2	50647
1780028046	3	50901
1780028046	4	50661
1780028046	5	51077
1780028046	6	50645
1780028046	7	50743
1780028051	0	50641
1780028051	1	51357
1780028051	2	50647
1780028051	3	50901
1780028051	4	50661
1780028051	5	51077
1780028051	6	50645
1780028051	7	50743
1780028056	0	50641
1780028056	1	51357
1780028056	2	50647
1780028056	3	50901
1780028056	4	50661
1780028056	5	51077
1780028056	6	50645
1780028056	7	50743
1780028061	0	50641
1780028061	1	51357
1780028061	2	50647
1780028061	3	50901
1780028061	4	50661
1780028061	5	51077
1780028061	6	50645
1780028061	7	50743
1780028067	0	50641
1780028067	1	51357
1780028067	2	50647
1780028067	3	50901
1780028067	4	50661
1780028067	5	51077
1780028067	6	50645
1780028067	7	50743
1780028072	0	50641
1780028072	1	51357
1780028072	2	50647
1780028072	3	50901
1780028072	4	50661
1780028072	5	51077
1780028072	6	50645
1780028072	7	50743
1780028077	0	50641
1780028077	1	51357
1780028077	2	50647
1780028077	3	50901
1780028077	4	50661
1780028077	5	51077
1780028077	6	50645
1780028077	7	50743
1780028083	0	50701
1780028083	1	51357
1780028083	2	50647
1780028083	3	50901
1780028083	4	50661
1780028083	5	51077
1780028083	6	50645
1780028083	7	50743
1780028088	0	50701
1780028088	1	51357
1780028088	2	50647
1780028088	3	50901
1780028088	4	50661
1780028088	5	51077
1780028088	6	50645
1780028088	7	50743
1780028093	0	50701
1780028093	1	51357
1780028093	2	50647
1780028093	3	50901
1780028093	4	50661
1780028093	5	51077
1780028093	6	50645
1780028093	7	50743
1780028099	0	50701
1780028099	1	51357
1780028099	2	50647
1780028099	3	50901
1780028099	4	50661
1780028099	5	51077
1780028099	6	50645
1780028099	7	50743
1780028104	0	50701
1780028104	1	51357
1780028104	2	50647
1780028104	3	50901
1780028104	4	50661
1780028104	5	51077
1780028104	6	50645
1780028104	7	50743
1780028109	0	50701
1780028109	1	51357
1780028109	2	50647
1780028109	3	50901
1780028109	4	50661
1780028109	5	51077
1780028109	6	50645
1780028109	7	50743
1780028115	0	50701
1780028115	1	51357
1780028115	2	50647
1780028115	3	50901
1780028115	4	50661
1780028115	5	51077
1780028115	6	50645
1780028115	7	50743
1780028120	0	50701
1780028120	1	51357
1780028120	2	50647
1780028120	3	50901
1780028120	4	50661
1780028120	5	51077
1780028120	6	50645
1780028120	7	50743
1780028125	0	50701
1780028125	1	51357
1780028125	2	50647
1780028125	3	50901
1780028125	4	50661
1780028125	5	51077
1780028125	6	50645
1780028125	7	50743
1780028131	0	50701
1780028131	1	51357
1780028131	2	50647
1780028131	3	50901
1780028131	4	50661
1780028131	5	51077
1780028131	6	50645
1780028131	7	50743
1780028136	0	50701
1780028136	1	51357
1780028136	2	50647
1780028136	3	50901
1780028136	4	50661
1780028136	5	51077
1780028136	6	50645
1780028136	7	50743
1780028141	0	50701
1780028141	1	51357
1780028141	2	50647
1780028141	3	50901
1780028141	4	50661
1780028141	5	51077
1780028141	6	50645
1780028141	7	50743
1780028146	0	50701
1780028146	1	51357
1780028146	2	50647
1780028146	3	50901
1780028146	4	50661
1780028146	5	51077
1780028146	6	50645
1780028146	7	50743
1780028152	0	50701
1780028152	1	51357
1780028152	2	50647
1780028152	3	50901
1780028152	4	50661
1780028152	5	51077
1780028152	6	50645
1780028152	7	50743
1780028157	0	50701
1780028157	1	51357
1780028157	2	50647
1780028157	3	50901
1780028157	4	50661
1780028157	5	51077
1780028157	6	50645
1780028157	7	50743
1780028162	0	50701
1780028162	1	51357
1780028162	2	50647
1780028162	3	50901
1780028162	4	50661
1780028162	5	51077
1780028162	6	50645
1780028162	7	50743
1780028168	0	50701
1780028168	1	51357
1780028168	2	50647
1780028168	3	50901
1780028168	4	50661
1780028168	5	51077
1780028168	6	50645
1780028168	7	50743
1780028173	0	50701
1780028173	1	51357
1780028173	2	50647
1780028173	3	50901
1780028173	4	50661
1780028173	5	51077
1780028173	6	50645
1780028173	7	50743
1780028178	0	50701
1780028178	1	51357
1780028178	2	50647
1780028178	3	50901
1780028178	4	50661
1780028178	5	51077
1780028178	6	50645
1780028178	7	50743
1780028184	0	50701
1780028184	1	51357
1780028184	2	50647
1780028184	3	50901
1780028184	4	50661
1780028184	5	51077
1780028184	6	50645
1780028184	7	50743
1780028189	0	50701
1780028189	1	51357
1780028189	2	50647
1780028189	3	50901
1780028189	4	50661
1780028189	5	51077
1780028189	6	50645
1780028189	7	50743
1780028194	0	50701
1780028194	1	51357
1780028194	2	50647
1780028194	3	50901
1780028194	4	50661
1780028194	5	51077
1780028194	6	50645
1780028194	7	50743
1780028199	0	50701
1780028199	1	51357
1780028199	2	50647
1780028199	3	50901
1780028199	4	50661
1780028199	5	51077
1780028199	6	50645
1780028199	7	50743
1780028205	0	50701
1780028205	1	51357
1780028205	2	50647
1780028205	3	50901
1780028205	4	50661
1780028205	5	51077
1780028205	6	50645
1780028205	7	50743
1780028210	0	50701
1780028210	1	51357
1780028210	2	50647
1780028210	3	50901
1780028210	4	50661
1780028210	5	51077
1780028210	6	50645
1780028210	7	50743
1780028215	0	50701
1780028215	1	51357
1780028215	2	50647
1780028215	3	50901
1780028215	4	50661
1780028215	5	51077
1780028215	6	50645
1780028215	7	50743
1780028221	0	50701
1780028221	1	51357
1780028221	2	50647
1780028221	3	50901
1780028221	4	50661
1780028221	5	51077
1780028221	6	50645
1780028221	7	50743
1780028226	0	50701
1780028226	1	51357
1780028226	2	50647
1780028226	3	50901
1780028226	4	50661
1780028226	5	51077
1780028226	6	50645
1780028226	7	50743
1780028231	0	50701
1780028231	1	51357
1780028231	2	50647
1780028231	3	50901
1780028231	4	50661
1780028231	5	51077
1780028231	6	50645
1780028231	7	50743
1780028237	0	50701
1780028237	1	51357
1780028237	2	50647
1780028237	3	50901
1780028237	4	50661
1780028237	5	51077
1780028237	6	50645
1780028237	7	50743
1780028242	0	50701
1780028242	1	51357
1780028242	2	50647
1780028242	3	50901
1780028242	4	50661
1780028242	5	51077
1780028242	6	50645
1780028242	7	50743
1780028247	0	50701
1780028247	1	51357
1780028247	2	50647
1780028247	3	50901
1780028247	4	50661
1780028247	5	51077
1780028247	6	50645
1780028247	7	50743
1780028253	0	50701
1780028253	1	51357
1780028253	2	50647
1780028253	3	50901
1780028253	4	50661
1780028253	5	51077
1780028253	6	50645
1780028253	7	50743
1780028258	0	50701
1780028258	1	51357
1780028258	2	50647
1780028258	3	50901
1780028258	4	50661
1780028258	5	51077
1780028258	6	50645
1780028258	7	50743
1780028263	0	50701
1780028263	1	51357
1780028263	2	50647
1780028263	3	50901
1780028263	4	50661
1780028263	5	51077
1780028263	6	50645
1780028263	7	50743
1780028269	0	50701
1780028269	1	51357
1780028269	2	50647
1780028269	3	50901
1780028269	4	50661
1780028269	5	51077
1780028269	6	50645
1780028269	7	50743
1780028274	0	50701
1780028274	1	51357
1780028274	2	50647
1780028274	3	50901
1780028274	4	50661
1780028274	5	51077
1780028274	6	50645
1780028274	7	50743
1780028279	0	50701
1780028279	1	51357
1780028279	2	50647
1780028279	3	50901
1780028279	4	50661
1780028279	5	51077
1780028279	6	50645
1780028279	7	50743
1780028284	0	50701
1780028284	1	51357
1780028284	2	50647
1780028284	3	50901
1780028284	4	50661
1780028284	5	51077
1780028284	6	50645
1780028284	7	50743
1780028290	0	50701
1780028290	1	51357
1780028290	2	50647
1780028290	3	50901
1780028290	4	50661
1780028290	5	51077
1780028290	6	50645
1780028290	7	50743
1780028295	0	50701
1780028295	1	51357
1780028295	2	50647
1780028295	3	50901
1780028295	4	50661
1780028295	5	51077
1780028295	6	50645
1780028295	7	50743
1780028300	0	50701
1780028300	1	51357
1780028300	2	50647
1780028300	3	50901
1780028300	4	50661
1780028300	5	51077
1780028300	6	50645
1780028300	7	50743
1780028306	0	50701
1780028306	1	51357
1780028306	2	50647
1780028306	3	50901
1780028306	4	50661
1780028306	5	51077
1780028306	6	50645
1780028306	7	50743
1780028311	0	50701
1780028311	1	51357
1780028311	2	50647
1780028311	3	50901
1780028311	4	50661
1780028311	5	51077
1780028311	6	50645
1780028311	7	50743
1780028316	0	50701
1780028316	1	51357
1780028316	2	50647
1780028316	3	50901
1780028316	4	50661
1780028316	5	51077
1780028316	6	50645
1780028316	7	50743
1780028322	0	50701
1780028322	1	51357
1780028322	2	50647
1780028322	3	50901
1780028322	4	50661
1780028322	5	51077
1780028322	6	50645
1780028322	7	50743
1780028327	0	50701
1780028327	1	51357
1780028327	2	50647
1780028327	3	50901
1780028327	4	50661
1780028327	5	51077
1780028327	6	50645
1780028327	7	50743
1780028332	0	50701
1780028332	1	51357
1780028332	2	50647
1780028332	3	50901
1780028332	4	50661
1780028332	5	51077
1780028332	6	50645
1780028332	7	50743
1780028338	0	50701
1780028338	1	51357
1780028338	2	50647
1780028338	3	50901
1780028338	4	50661
1780028338	5	51077
1780028338	6	50645
1780028338	7	50743
1780028343	0	50701
1780028343	1	51357
1780028343	2	50647
1780028343	3	50901
1780028343	4	50661
1780028343	5	51077
1780028343	6	50645
1780028343	7	50743
1780028348	0	50701
1780028348	1	51357
1780028348	2	50647
1780028348	3	50901
1780028348	4	50661
1780028348	5	51077
1780028348	6	50645
1780028348	7	50743
1780028354	0	50701
1780028354	1	51357
1780028354	2	50647
1780028354	3	50901
1780028354	4	50661
1780028354	5	51077
1780028354	6	50645
1780028354	7	50743
1780028359	0	50701
1780028359	1	51357
1780028359	2	50647
1780028359	3	50901
1780028359	4	50661
1780028359	5	51077
1780028359	6	50645
1780028359	7	50743
1780028364	0	50701
1780028364	1	51357
1780028364	2	50647
1780028364	3	50901
1780028364	4	50661
1780028364	5	51077
1780028364	6	50645
1780028364	7	50743
1780028370	0	50701
1780028370	1	51357
1780028370	2	50647
1780028370	3	50901
1780028370	4	50661
1780028370	5	51077
1780028370	6	50645
1780028370	7	50743
1780028375	0	50701
1780028375	1	51357
1780028375	2	50647
1780028375	3	50901
1780028375	4	50661
1780028375	5	51077
1780028375	6	50645
1780028375	7	50743
1780028380	0	50701
1780028380	1	51357
1780028380	2	50647
1780028380	3	50901
1780028380	4	50661
1780028380	5	51077
1780028380	6	50645
1780028380	7	50743
1780028385	0	50701
1780028385	1	51357
1780028385	2	50647
1780028385	3	50901
1780028385	4	50661
1780028385	5	51077
1780028385	6	50645
1780028385	7	50743
1780028391	0	50701
1780028391	1	51357
1780028391	2	50647
1780028391	3	50901
1780028391	4	50661
1780028391	5	51077
1780028391	6	50645
1780028391	7	50743
1780028396	0	50701
1780028396	1	51357
1780028396	2	50647
1780028396	3	50901
1780028396	4	50661
1780028396	5	51077
1780028396	6	50645
1780028396	7	50743
1780028401	0	50701
1780028401	1	51357
1780028401	2	50647
1780028401	3	50901
1780028401	4	50661
1780028401	5	51077
1780028401	6	50645
1780028401	7	50743
1780028407	0	50701
1780028407	1	51357
1780028407	2	50647
1780028407	3	50901
1780028407	4	50661
1780028407	5	51077
1780028407	6	50645
1780028407	7	50743
1780028412	0	50701
1780028412	1	51357
1780028412	2	50647
1780028412	3	50901
1780028412	4	50661
1780028412	5	51077
1780028412	6	50645
1780028412	7	50743
1780028417	0	50701
1780028417	1	51357
1780028417	2	50647
1780028417	3	50901
1780028417	4	50661
1780028417	5	51077
1780028417	6	50645
1780028417	7	50743
1780028423	0	50701
1780028423	1	51357
1780028423	2	50647
1780028423	3	50901
1780028423	4	50661
1780028423	5	51077
1780028423	6	50645
1780028423	7	50743
1780028428	0	50701
1780028428	1	51357
1780028428	2	50647
1780028428	3	50901
1780028428	4	50661
1780028428	5	51077
1780028428	6	50645
1780028428	7	50743
1780028433	0	50701
1780028433	1	51357
1780028433	2	50647
1780028433	3	50901
1780028433	4	50661
1780028433	5	51077
1780028433	6	50645
1780028433	7	50743
1780028439	0	50701
1780028439	1	51357
1780028439	2	50647
1780028439	3	50901
1780028439	4	50661
1780028439	5	51077
1780028439	6	50645
1780028439	7	50743
1780028444	0	50701
1780028444	1	51357
1780028444	2	50647
1780028444	3	50901
1780028444	4	50661
1780028444	5	51077
1780028444	6	50645
1780028444	7	50743
1780028449	0	50701
1780028449	1	51357
1780028449	2	50647
1780028449	3	50901
1780028449	4	50661
1780028449	5	51077
1780028449	6	50645
1780028449	7	50743
1780028454	0	50701
1780028454	1	51357
1780028454	2	50647
1780028454	3	50901
1780028454	4	50661
1780028454	5	51077
1780028454	6	50645
1780028454	7	50743
1780028460	0	50701
1780028460	1	51357
1780028460	2	50647
1780028460	3	50901
1780028460	4	50661
1780028460	5	51077
1780028460	6	50645
1780028460	7	50743
1780028465	0	50701
1780028465	1	51357
1780028465	2	50647
1780028465	3	50901
1780028465	4	50661
1780028465	5	51077
1780028465	6	50645
1780028465	7	50743
1780028470	0	50701
1780028470	1	51357
1780028470	2	50647
1780028470	3	50901
1780028470	4	50661
1780028470	5	51077
1780028470	6	50645
1780028470	7	50743
1780028476	0	50701
1780028476	1	51357
1780028476	2	50647
1780028476	3	50901
1780028476	4	50661
1780028476	5	51077
1780028476	6	50645
1780028476	7	50743
1780028481	0	50701
1780028481	1	51357
1780028481	2	50647
1780028481	3	50901
1780028481	4	50661
1780028481	5	51077
1780028481	6	50645
1780028481	7	50743
1780028487	0	50701
1780028487	1	51357
1780028487	2	50647
1780028487	3	50901
1780028487	4	50661
1780028487	5	51077
1780028487	6	50645
1780028487	7	50743
1780028492	0	50701
1780028492	1	51357
1780028492	2	50647
1780028492	3	50901
1780028492	4	50661
1780028492	5	51077
1780028492	6	50645
1780028492	7	50743
1780028497	0	50701
1780028497	1	51357
1780028497	2	50647
1780028497	3	50901
1780028497	4	50661
1780028497	5	51077
1780028497	6	50645
1780028497	7	50743
1780028502	0	50701
1780028502	1	51357
1780028502	2	50647
1780028502	3	50901
1780028502	4	50661
1780028502	5	51077
1780028502	6	50645
1780028502	7	50743
1780028508	0	50701
1780028508	1	51357
1780028508	2	50647
1780028508	3	50901
1780028508	4	50661
1780028508	5	51077
1780028508	6	50645
1780028508	7	50743
1780028513	0	50701
1780028513	1	51357
1780028513	2	50647
1780028513	3	50901
1780028513	4	50661
1780028513	5	51077
1780028513	6	50645
1780028513	7	50743
1780028518	0	50701
1780028518	1	51357
1780028518	2	50647
1780028518	3	50901
1780028518	4	50661
1780028518	5	51077
1780028518	6	50645
1780028518	7	50743
1780028524	0	50701
1780028524	1	51357
1780028524	2	50647
1780028524	3	50901
1780028524	4	50661
1780028524	5	51077
1780028524	6	50645
1780028524	7	50743
1780028529	0	50701
1780028529	1	51357
1780028529	2	50647
1780028529	3	50901
1780028529	4	50741
1780028529	5	51077
1780028529	6	50645
1780028529	7	50743
1780028535	0	50701
1780028535	1	51357
1780028535	2	50647
1780028535	3	50901
1780028535	4	50741
1780028535	5	51077
1780028535	6	50645
1780028535	7	50743
1780028540	0	50701
1780028540	1	51357
1780028540	2	50647
1780028540	3	50901
1780028540	4	50741
1780028540	5	51077
1780028540	6	50645
1780028540	7	50743
1780028545	0	50701
1780028545	1	51357
1780028545	2	50647
1780028545	3	50901
1780028545	4	50741
1780028545	5	51077
1780028545	6	50645
1780028545	7	50743
1780028550	0	50701
1780028550	1	51357
1780028550	2	50647
1780028550	3	50901
1780028550	4	50741
1780028550	5	51077
1780028550	6	50645
1780028550	7	50743
1780028556	0	50701
1780028556	1	51357
1780028556	2	50647
1780028556	3	50901
1780028556	4	50741
1780028556	5	51077
1780028556	6	50645
1780028556	7	50743
1780028561	0	50701
1780028561	1	51357
1780028561	2	50647
1780028561	3	50901
1780028561	4	50741
1780028561	5	51077
1780028561	6	50645
1780028561	7	50743
1780028566	0	50701
1780028566	1	51357
1780028566	2	50647
1780028566	3	50901
1780028566	4	50741
1780028566	5	51077
1780028566	6	50645
1780028566	7	50743
1780028572	0	50701
1780028572	1	51357
1780028572	2	50647
1780028572	3	50901
1780028572	4	50741
1780028572	5	51077
1780028572	6	50645
1780028572	7	50743
1780028577	0	50701
1780028577	1	51357
1780028577	2	50647
1780028577	3	50901
1780028577	4	50741
1780028577	5	51077
1780028577	6	50645
1780028577	7	50743
1780028582	0	50701
1780028582	1	51357
1780028582	2	50647
1780028582	3	50901
1780028582	4	50741
1780028582	5	51077
1780028582	6	50645
1780028582	7	50743
1780028588	0	50701
1780028588	1	51357
1780028588	2	50647
1780028588	3	50901
1780028588	4	50741
1780028588	5	51077
1780028588	6	50645
1780028588	7	50743
1780028593	0	50701
1780028593	1	51357
1780028593	2	50647
1780028593	3	50901
1780028593	4	50741
1780028593	5	51077
1780028593	6	50645
1780028593	7	50743
1780028598	0	50701
1780028598	1	51357
1780028598	2	50647
1780028598	3	50901
1780028598	4	50741
1780028598	5	51077
1780028598	6	50645
1780028598	7	50743
1780028604	0	50701
1780028604	1	51357
1780028604	2	50647
1780028604	3	50901
1780028604	4	50741
1780028604	5	51077
1780028604	6	50645
1780028604	7	50743
1780028609	0	50701
1780028609	1	51357
1780028609	2	50647
1780028609	3	50901
1780028609	4	50741
1780028609	5	51077
1780028609	6	50645
1780028609	7	50743
1780028614	0	50701
1780028614	1	51357
1780028614	2	50647
1780028614	3	50901
1780028614	4	50741
1780028614	5	51077
1780028614	6	50645
1780028614	7	50743
1780028620	0	50701
1780028620	1	51357
1780028620	2	50647
1780028620	3	50901
1780028620	4	50741
1780028620	5	51077
1780028620	6	50645
1780028620	7	50743
1780028625	0	50701
1780028625	1	51357
1780028625	2	50647
1780028625	3	50901
1780028625	4	50741
1780028625	5	51077
1780028625	6	50645
1780028625	7	50743
1780028630	0	50701
1780028630	1	51357
1780028630	2	50647
1780028630	3	50901
1780028630	4	50741
1780028630	5	51077
1780028630	6	50645
1780028630	7	50743
1780028635	0	50701
1780028635	1	51357
1780028635	2	50647
1780028635	3	50901
1780028635	4	50741
1780028635	5	51077
1780028635	6	50645
1780028635	7	50743
1780028641	0	50701
1780028641	1	51357
1780028641	2	50647
1780028641	3	50901
1780028641	4	50741
1780028641	5	51077
1780028641	6	50645
1780028641	7	50743
1780028646	0	50701
1780028646	1	51357
1780028646	2	50647
1780028646	3	50901
1780028646	4	50741
1780028646	5	51077
1780028646	6	50645
1780028646	7	50743
1780028651	0	50701
1780028651	1	51357
1780028651	2	50647
1780028651	3	50901
1780028651	4	50741
1780028651	5	51077
1780028651	6	50645
1780028651	7	50743
1780028657	0	50701
1780028657	1	51357
1780028657	2	50647
1780028657	3	50901
1780028657	4	50741
1780028657	5	51077
1780028657	6	50645
1780028657	7	50743
1780028662	0	50701
1780028662	1	51357
1780028662	2	50647
1780028662	3	50901
1780028662	4	50741
1780028662	5	51077
1780028662	6	50645
1780028662	7	50743
1780028667	0	50701
1780028667	1	51357
1780028667	2	50647
1780028667	3	50901
1780028667	4	50741
1780028667	5	51077
1780028667	6	50645
1780028667	7	50743
1780028672	0	50701
1780028672	1	51357
1780028672	2	50647
1780028672	3	50901
1780028672	4	50741
1780028672	5	51077
1780028672	6	50645
1780028672	7	50743
1780028678	0	50701
1780028678	1	51357
1780028678	2	50647
1780028678	3	50901
1780028678	4	50741
1780028678	5	51077
1780028678	6	50645
1780028678	7	50743
1780028683	0	50701
1780028683	1	51357
1780028683	2	50647
1780028683	3	50901
1780028683	4	50741
1780028683	5	51077
1780028683	6	50645
1780028683	7	50743
1780028688	0	50701
1780028688	1	51357
1780028688	2	50647
1780028688	3	50901
1780028688	4	50741
1780028688	5	51077
1780028688	6	50645
1780028688	7	50743
1780028694	0	50701
1780028694	1	51357
1780028694	2	50647
1780028694	3	50901
1780028694	4	50741
1780028694	5	51077
1780028694	6	50645
1780028694	7	50743
1780028699	0	50701
1780028699	1	51357
1780028699	2	50647
1780028699	3	50901
1780028699	4	50741
1780028699	5	51077
1780028699	6	50645
1780028699	7	50743
1780028704	0	50701
1780028704	1	51357
1780028704	2	50647
1780028704	3	50901
1780028704	4	50741
1780028704	5	51077
1780028704	6	50645
1780028704	7	50743
1780028710	0	50701
1780028710	1	51357
1780028710	2	50647
1780028710	3	50901
1780028710	4	50741
1780028710	5	51077
1780028710	6	50645
1780028710	7	50743
1780028715	0	50701
1780028715	1	51357
1780028715	2	50647
1780028715	3	50901
1780028715	4	50741
1780028715	5	51077
1780028715	6	50645
1780028715	7	50743
1780028720	0	50701
1780028720	1	51357
1780028720	2	50647
1780028720	3	50901
1780028720	4	50741
1780028720	5	51077
1780028720	6	50645
1780028720	7	50743
1780028726	0	50701
1780028726	1	51357
1780028726	2	50647
1780028726	3	50901
1780028726	4	50741
1780028726	5	51077
1780028726	6	50645
1780028726	7	50743
1780028731	0	50701
1780028731	1	51357
1780028731	2	50647
1780028731	3	50901
1780028731	4	50741
1780028731	5	51077
1780028731	6	50645
1780028731	7	50743
1780028736	0	50701
1780028736	1	51357
1780028736	2	50647
1780028736	3	50901
1780028736	4	50741
1780028736	5	51077
1780028736	6	50645
1780028736	7	50743
1780028741	0	50701
1780028741	1	51357
1780028741	2	50647
1780028741	3	50901
1780028741	4	50741
1780028741	5	51077
1780028741	6	50645
1780028741	7	50743
1780028747	0	50701
1780028747	1	51357
1780028747	2	50647
1780028747	3	50901
1780028747	4	50741
1780028747	5	51077
1780028747	6	50645
1780028747	7	50743
1780028752	0	50701
1780028752	1	51357
1780028752	2	50647
1780028752	3	50901
1780028752	4	50741
1780028752	5	51077
1780028752	6	50645
1780028752	7	50743
1780028757	0	50701
1780028757	1	51357
1780028757	2	50647
1780028757	3	50901
1780028757	4	50741
1780028757	5	51077
1780028757	6	50645
1780028757	7	50743
1780028763	0	50701
1780028763	1	51357
1780028763	2	50647
1780028763	3	50901
1780028763	4	50741
1780028763	5	51077
1780028763	6	50645
1780028763	7	50743
1780028768	0	50701
1780028768	1	51357
1780028768	2	50647
1780028768	3	50901
1780028768	4	50741
1780028768	5	51077
1780028768	6	50645
1780028768	7	50743
1780028774	0	50701
1780028774	1	51357
1780028774	2	50647
1780028774	3	50901
1780028774	4	50741
1780028774	5	51077
1780028774	6	50645
1780028774	7	50743
1780028779	0	50701
1780028779	1	51357
1780028779	2	50647
1780028779	3	50901
1780028779	4	50741
1780028779	5	51077
1780028779	6	50645
1780028779	7	50743
1780028784	0	50701
1780028784	1	51357
1780028784	2	50647
1780028784	3	50901
1780028784	4	50741
1780028784	5	51077
1780028784	6	50645
1780028784	7	50743
1780028789	0	50701
1780028789	1	51357
1780028789	2	50647
1780028789	3	50901
1780028789	4	50741
1780028789	5	51077
1780028789	6	50645
1780028789	7	50743
1780028795	0	50701
1780028795	1	51357
1780028795	2	50647
1780028795	3	50901
1780028795	4	50741
1780028795	5	51077
1780028795	6	50645
1780028795	7	50743
1780028800	0	50701
1780028800	1	51357
1780028800	2	50647
1780028800	3	50901
1780028800	4	50741
1780028800	5	51077
1780028800	6	50645
1780028800	7	50743
1780028805	0	50721
1780028805	1	51357
1780028805	2	50647
1780028805	3	50901
1780028805	4	50741
1780028805	5	51077
1780028805	6	50645
1780028805	7	50743
1780028811	0	50721
1780028811	1	51357
1780028811	2	50647
1780028811	3	50901
1780028811	4	50741
1780028811	5	51077
1780028811	6	50645
1780028811	7	50743
1780028816	0	50721
1780028816	1	51357
1780028816	2	50647
1780028816	3	50901
1780028816	4	50741
1780028816	5	51077
1780028816	6	50645
1780028816	7	50743
1780028821	0	50721
1780028821	1	51357
1780028821	2	50647
1780028821	3	50901
1780028821	4	50741
1780028821	5	51077
1780028821	6	50645
1780028821	7	50743
1780028827	0	50721
1780028827	1	51357
1780028827	2	50647
1780028827	3	50901
1780028827	4	50741
1780028827	5	51077
1780028827	6	50645
1780028827	7	50743
1780028832	0	50721
1780028832	1	51357
1780028832	2	50647
1780028832	3	50901
1780028832	4	50741
1780028832	5	51077
1780028832	6	50645
1780028832	7	50743
1780028837	0	50721
1780028837	1	51357
1780028837	2	50647
1780028837	3	50901
1780028837	4	50741
1780028837	5	51077
1780028837	6	50645
1780028837	7	50743
1780028843	0	50721
1780028843	1	51357
1780028843	2	50647
1780028843	3	50901
1780028843	4	50741
1780028843	5	51077
1780028843	6	50645
1780028843	7	50743
1780028848	0	50721
1780028848	1	51357
1780028848	2	50647
1780028848	3	50901
1780028848	4	50741
1780028848	5	51077
1780028848	6	50645
1780028848	7	50743
1780028853	0	50721
1780028853	1	51357
1780028853	2	50647
1780028853	3	50901
1780028853	4	50741
1780028853	5	51077
1780028853	6	50645
1780028853	7	50743
1780028859	0	50721
1780028859	1	51357
1780028859	2	50647
1780028859	3	50901
1780028859	4	50741
1780028859	5	51077
1780028859	6	50645
1780028859	7	50743
1780028864	0	50721
1780028864	1	51357
1780028864	2	50647
1780028864	3	50901
1780028864	4	50741
1780028864	5	51077
1780028864	6	50645
1780028864	7	50743
1780028869	0	50721
1780028869	1	51357
1780028869	2	50647
1780028869	3	50901
1780028869	4	50741
1780028869	5	51077
1780028869	6	50645
1780028869	7	50743
1780028875	0	50721
1780028875	1	51357
1780028875	2	50647
1780028875	3	50901
1780028875	4	50741
1780028875	5	51077
1780028875	6	50645
1780028875	7	50743
1780028880	0	50721
1780028880	1	51357
1780028880	2	50647
1780028880	3	50901
1780028880	4	50741
1780028880	5	51077
1780028880	6	50645
1780028880	7	50743
1780028885	0	50721
1780028885	1	51357
1780028885	2	50647
1780028885	3	50901
1780028885	4	50741
1780028885	5	51077
1780028885	6	50645
1780028885	7	50743
1780028891	0	50721
1780028891	1	51357
1780028891	2	50647
1780028891	3	50901
1780028891	4	50741
1780028891	5	51077
1780028891	6	50645
1780028891	7	50743
1780028896	0	50721
1780028896	1	51357
1780028896	2	50647
1780028896	3	50901
1780028896	4	50741
1780028896	5	51077
1780028896	6	50645
1780028896	7	50743
1780028901	0	50721
1780028901	1	51357
1780028901	2	50647
1780028901	3	50901
1780028901	4	50741
1780028901	5	51077
1780028901	6	50645
1780028901	7	50743
1780028906	0	50721
1780028906	1	51357
1780028906	2	50647
1780028906	3	50901
1780028906	4	50741
1780028906	5	51077
1780028906	6	50645
1780028906	7	50743
1780028912	0	50721
1780028912	1	51357
1780028912	2	50647
1780028912	3	50901
1780028912	4	50741
1780028912	5	51077
1780028912	6	50645
1780028912	7	50743
1780028917	0	50721
1780028917	1	51357
1780028917	2	50647
1780028917	3	50901
1780028917	4	50741
1780028917	5	51077
1780028917	6	50645
1780028917	7	50743
1780028922	0	50721
1780028922	1	51357
1780028922	2	50647
1780028922	3	50901
1780028922	4	50741
1780028922	5	51077
1780028922	6	50645
1780028922	7	50743
1780028928	0	50721
1780028928	1	51357
1780028928	2	50647
1780028928	3	50901
1780028928	4	50741
1780028928	5	51077
1780028928	6	50645
1780028928	7	50743
1780028933	0	50721
1780028933	1	51357
1780028933	2	50647
1780028933	3	50901
1780028933	4	50741
1780028933	5	51077
1780028933	6	50645
1780028933	7	50743
1780028938	0	50721
1780028938	1	51357
1780028938	2	50647
1780028938	3	50901
1780028938	4	50741
1780028938	5	51077
1780028938	6	50645
1780028938	7	50743
1780028944	0	50721
1780028944	1	51357
1780028944	2	50647
1780028944	3	50901
1780028944	4	50741
1780028944	5	51077
1780028944	6	50645
1780028944	7	50743
1780028949	0	50721
1780028949	1	51357
1780028949	2	50647
1780028949	3	50901
1780028949	4	50741
1780028949	5	51077
1780028949	6	50645
1780028949	7	50743
1780028954	0	50721
1780028954	1	51357
1780028954	2	50647
1780028954	3	50901
1780028954	4	50741
1780028954	5	51077
1780028954	6	50645
1780028954	7	50743
1780028960	0	50721
1780028960	1	51357
1780028960	2	50647
1780028960	3	50901
1780028960	4	50741
1780028960	5	51077
1780028960	6	50645
1780028960	7	50743
1780028965	0	50721
1780028965	1	51357
1780028965	2	50647
1780028965	3	50901
1780028965	4	50741
1780028965	5	51077
1780028965	6	50645
1780028965	7	50743
1780028970	0	50721
1780028970	1	51357
1780028970	2	50647
1780028970	3	50901
1780028970	4	50741
1780028970	5	51077
1780028970	6	50645
1780028970	7	50743
1780028975	0	50721
1780028975	1	51357
1780028975	2	50647
1780028975	3	50901
1780028975	4	50741
1780028975	5	51077
1780028975	6	50645
1780028975	7	50743
1780028981	0	50721
1780028981	1	51357
1780028981	2	50647
1780028981	3	50901
1780028981	4	50741
1780028981	5	51077
1780028981	6	50645
1780028981	7	50743
1780028986	0	50721
1780028986	1	51357
1780028986	2	50647
1780028986	3	50901
1780028986	4	50741
1780028986	5	51077
1780028986	6	50645
1780028986	7	50743
1780028992	0	50721
1780028992	1	51357
1780028992	2	50647
1780028992	3	50901
1780028992	4	50741
1780028992	5	51077
1780028992	6	50645
1780028992	7	50743
1780028997	0	50721
1780028997	1	51357
1780028997	2	50647
1780028997	3	50901
1780028997	4	50741
1780028997	5	51077
1780028997	6	50645
1780028997	7	50743
1780029002	0	50721
1780029002	1	51357
1780029002	2	50647
1780029002	3	50901
1780029002	4	50741
1780029002	5	51077
1780029002	6	50645
1780029002	7	50743
1780029007	0	50721
1780029007	1	51357
1780029007	2	50647
1780029007	3	50901
1780029007	4	50741
1780029007	5	51077
1780029007	6	50645
1780029007	7	50743
1780029013	0	50721
1780029013	1	51357
1780029013	2	50647
1780029013	3	50901
1780029013	4	50741
1780029013	5	51077
1780029013	6	50645
1780029013	7	50743
1780029018	0	50721
1780029018	1	51357
1780029018	2	50647
1780029018	3	50901
1780029018	4	50741
1780029018	5	51077
1780029018	6	50645
1780029018	7	50743
1780029023	0	50721
1780029023	1	51357
1780029023	2	50647
1780029023	3	50901
1780029023	4	50741
1780029023	5	51077
1780029023	6	50645
1780029023	7	50743
1780029029	0	50721
1780029029	1	51357
1780029029	2	50647
1780029029	3	50901
1780029029	4	50741
1780029029	5	51077
1780029029	6	50645
1780029029	7	50743
1780029034	0	50721
1780029034	1	51357
1780029034	2	50647
1780029034	3	50901
1780029034	4	50741
1780029034	5	51077
1780029034	6	50645
1780029034	7	50743
1780029039	0	50721
1780029039	1	51357
1780029039	2	50647
1780029039	3	50901
1780029039	4	50741
1780029039	5	51077
1780029039	6	50645
1780029039	7	50743
1780029045	0	50721
1780029045	1	51357
1780029045	2	50647
1780029045	3	50901
1780029045	4	50741
1780029045	5	51077
1780029045	6	50645
1780029045	7	50743
1780029050	0	50721
1780029050	1	51357
1780029050	2	50647
1780029050	3	50901
1780029050	4	50741
1780029050	5	51077
1780029050	6	50645
1780029050	7	50743
1780029055	0	50721
1780029055	1	51357
1780029055	2	50647
1780029055	3	50901
1780029055	4	50741
1780029055	5	51077
1780029055	6	50645
1780029055	7	50743
1780029061	0	50721
1780029061	1	51357
1780029061	2	50647
1780029061	3	50901
1780029061	4	50741
1780029061	5	51077
1780029061	6	50645
1780029061	7	50743
1780029066	0	50721
1780029066	1	51357
1780029066	2	50647
1780029066	3	50901
1780029066	4	50741
1780029066	5	51077
1780029066	6	50645
1780029066	7	50743
1780029072	0	50721
1780029072	1	51357
1780029072	2	50647
1780029072	3	50901
1780029072	4	50741
1780029072	5	51077
1780029072	6	50645
1780029072	7	50743
1780029077	0	50721
1780029077	1	51357
1780029077	2	50647
1780029077	3	50901
1780029077	4	50741
1780029077	5	51077
1780029077	6	50645
1780029077	7	50743
1780029082	0	50721
1780029082	1	51357
1780029082	2	50647
1780029082	3	50901
1780029082	4	50741
1780029082	5	51077
1780029082	6	50645
1780029082	7	50743
1780029087	0	50721
1780029087	1	51357
1780029087	2	50647
1780029087	3	50901
1780029087	4	50741
1780029087	5	51077
1780029087	6	50645
1780029087	7	50743
1780029093	0	50721
1780029093	1	51357
1780029093	2	50647
1780029093	3	50901
1780029093	4	50741
1780029093	5	51077
1780029093	6	50645
1780029093	7	50743
1780029098	0	50721
1780029098	1	51357
1780029098	2	50647
1780029098	3	50901
1780029098	4	50741
1780029098	5	51077
1780029098	6	50645
1780029098	7	50743
1780029103	0	50721
1780029103	1	51357
1780029103	2	50647
1780029103	3	50901
1780029103	4	50741
1780029103	5	51077
1780029103	6	50645
1780029103	7	50743
1780029109	0	50721
1780029109	1	51357
1780029109	2	50647
1780029109	3	50901
1780029109	4	50741
1780029109	5	51077
1780029109	6	50645
1780029109	7	50743
1780029114	0	50721
1780029114	1	51357
1780029114	2	50647
1780029114	3	50901
1780029114	4	50741
1780029114	5	51077
1780029114	6	50645
1780029114	7	50743
1780029119	0	50721
1780029119	1	51357
1780029119	2	50647
1780029119	3	50901
1780029119	4	50741
1780029119	5	51077
1780029119	6	50645
1780029119	7	50743
1780029125	0	50721
1780029125	1	51357
1780029125	2	50647
1780029125	3	50901
1780029125	4	50741
1780029125	5	51077
1780029125	6	50645
1780029125	7	50743
1780029130	0	50721
1780029130	1	51357
1780029130	2	50647
1780029130	3	50901
1780029130	4	50741
1780029130	5	51077
1780029130	6	50645
1780029130	7	50743
1780029135	0	50721
1780029135	1	51357
1780029135	2	50647
1780029135	3	50901
1780029135	4	50741
1780029135	5	51077
1780029135	6	50645
1780029135	7	50743
1780029141	0	50721
1780029141	1	51357
1780029141	2	50647
1780029141	3	50901
1780029141	4	50741
1780029141	5	51077
1780029141	6	50645
1780029141	7	50743
1780029146	0	50721
1780029146	1	51357
1780029146	2	50647
1780029146	3	50901
1780029146	4	50741
1780029146	5	51077
1780029146	6	50645
1780029146	7	50743
1780029151	0	50721
1780029151	1	51357
1780029151	2	50647
1780029151	3	50901
1780029151	4	50741
1780029151	5	51077
1780029151	6	50645
1780029151	7	50743
1780029156	0	50721
1780029156	1	51357
1780029156	2	50647
1780029156	3	50901
1780029156	4	50741
1780029156	5	51077
1780029156	6	50645
1780029156	7	50743
1780029162	0	50721
1780029162	1	51357
1780029162	2	50647
1780029162	3	50901
1780029162	4	50741
1780029162	5	51077
1780029162	6	50645
1780029162	7	50743
1780029167	0	50721
1780029167	1	51357
1780029167	2	50647
1780029167	3	50901
1780029167	4	50741
1780029167	5	51077
1780029167	6	50645
1780029167	7	50743
1780029172	0	50721
1780029172	1	51357
1780029172	2	50647
1780029172	3	50901
1780029172	4	50741
1780029172	5	51077
1780029172	6	50645
1780029172	7	50743
1780029178	0	50721
1780029178	1	51357
1780029178	2	50647
1780029178	3	50901
1780029178	4	50741
1780029178	5	51077
1780029178	6	50645
1780029178	7	50743
1780029183	0	50721
1780029183	1	51357
1780029183	2	50647
1780029183	3	50901
1780029183	4	50741
1780029183	5	51077
1780029183	6	50645
1780029183	7	50743
1780029188	0	50721
1780029188	1	51357
1780029188	2	50647
1780029188	3	50901
1780029188	4	50741
1780029188	5	51077
1780029188	6	50645
1780029188	7	50743
1780029194	0	50721
1780029194	1	51357
1780029194	2	50647
1780029194	3	50901
1780029194	4	50741
1780029194	5	51077
1780029194	6	50645
1780029194	7	50743
1780029199	0	50721
1780029199	1	51357
1780029199	2	50647
1780029199	3	50901
1780029199	4	50741
1780029199	5	51077
1780029199	6	50645
1780029199	7	50743
1780029204	0	50721
1780029204	1	51357
1780029204	2	50647
1780029204	3	50901
1780029204	4	50741
1780029204	5	51077
1780029204	6	50645
1780029204	7	50743
1780029209	0	50721
1780029209	1	51357
1780029209	2	50647
1780029209	3	50901
1780029209	4	50741
1780029209	5	51077
1780029209	6	50645
1780029209	7	50743
1780029215	0	50721
1780029215	1	51357
1780029215	2	50647
1780029215	3	50901
1780029215	4	50741
1780029215	5	51077
1780029215	6	50645
1780029215	7	50743
1780029220	0	50721
1780029220	1	51357
1780029220	2	50647
1780029220	3	50901
1780029220	4	50741
1780029220	5	51077
1780029220	6	50645
1780029220	7	50743
1780029225	0	50721
1780029225	1	51357
1780029225	2	50647
1780029225	3	50901
1780029225	4	50741
1780029225	5	51077
1780029225	6	50645
1780029225	7	50743
1780029231	0	50721
1780029231	1	51357
1780029231	2	50647
1780029231	3	50901
1780029231	4	50741
1780029231	5	51077
1780029231	6	50645
1780029231	7	50743
1780029236	0	50721
1780029236	1	51357
1780029236	2	50647
1780029236	3	50901
1780029236	4	50741
1780029236	5	51077
1780029236	6	50645
1780029236	7	50743
1780029241	0	50721
1780029241	1	51357
1780029241	2	50647
1780029241	3	50901
1780029241	4	50741
1780029241	5	51077
1780029241	6	50645
1780029241	7	50743
1780029247	0	50721
1780029247	1	51357
1780029247	2	50647
1780029247	3	50901
1780029247	4	50741
1780029247	5	51077
1780029247	6	50645
1780029247	7	50743
1780029252	0	50721
1780029252	1	51357
1780029252	2	50647
1780029252	3	50901
1780029252	4	50741
1780029252	5	51077
1780029252	6	50645
1780029252	7	50743
1780029257	0	50721
1780029257	1	51357
1780029257	2	50647
1780029257	3	50901
1780029257	4	50741
1780029257	5	51077
1780029257	6	50645
1780029257	7	50743
1780029263	0	50721
1780029263	1	51357
1780029263	2	50647
1780029263	3	50901
1780029263	4	50741
1780029263	5	51077
1780029263	6	50645
1780029263	7	50743
1780029268	0	50721
1780029268	1	51357
1780029268	2	50647
1780029268	3	50901
1780029268	4	50741
1780029268	5	51077
1780029268	6	50645
1780029268	7	50743
1780029273	0	50721
1780029273	1	51357
1780029273	2	50647
1780029273	3	50901
1780029273	4	50741
1780029273	5	51077
1780029273	6	50645
1780029273	7	50743
1780029278	0	50721
1780029278	1	51357
1780029278	2	50647
1780029278	3	50901
1780029278	4	50741
1780029278	5	51077
1780029278	6	50645
1780029278	7	50743
1780029284	0	50721
1780029284	1	51357
1780029284	2	50647
1780029284	3	50901
1780029284	4	50741
1780029284	5	51077
1780029284	6	50645
1780029284	7	50743
1780029289	0	50721
1780029289	1	51357
1780029289	2	50647
1780029289	3	50901
1780029289	4	50741
1780029289	5	51077
1780029289	6	50645
1780029289	7	50743
1780029294	0	50721
1780029294	1	51357
1780029294	2	50647
1780029294	3	50901
1780029294	4	50741
1780029294	5	51077
1780029294	6	50645
1780029294	7	50743
1780029300	0	50721
1780029300	1	51357
1780029300	2	50647
1780029300	3	50901
1780029300	4	50741
1780029300	5	51077
1780029300	6	50645
1780029300	7	50743
1780029305	0	50721
1780029305	1	51357
1780029305	2	50647
1780029305	3	50901
1780029305	4	50741
1780029305	5	51077
1780029305	6	50645
1780029305	7	50743
1780029310	0	50721
1780029310	1	51357
1780029310	2	50647
1780029310	3	50901
1780029310	4	50741
1780029310	5	51077
1780029310	6	50645
1780029310	7	50743
1780029316	0	50721
1780029316	1	51357
1780029316	2	50647
1780029316	3	50901
1780029316	4	50741
1780029316	5	51077
1780029316	6	50645
1780029316	7	50743
1780029321	0	50721
1780029321	1	51357
1780029321	2	50647
1780029321	3	50901
1780029321	4	50741
1780029321	5	51077
1780029321	6	50645
1780029321	7	50743
1780029326	0	50721
1780029326	1	51357
1780029326	2	50647
1780029326	3	50901
1780029326	4	50741
1780029326	5	51077
1780029326	6	50645
1780029326	7	50743
1780029332	0	50721
1780029332	1	51357
1780029332	2	50647
1780029332	3	50901
1780029332	4	50741
1780029332	5	51077
1780029332	6	50645
1780029332	7	50743
1780029337	0	50721
1780029337	1	51357
1780029337	2	50647
1780029337	3	50901
1780029337	4	50741
1780029337	5	51077
1780029337	6	50645
1780029337	7	50743
1780029342	0	50721
1780029342	1	51357
1780029342	2	50647
1780029342	3	50901
1780029342	4	50741
1780029342	5	51077
1780029342	6	50645
1780029342	7	50743
1780029348	0	50721
1780029348	1	51357
1780029348	2	50647
1780029348	3	50901
1780029348	4	50741
1780029348	5	51077
1780029348	6	50645
1780029348	7	50743
1780029353	0	50721
1780029353	1	51357
1780029353	2	50647
1780029353	3	50901
1780029353	4	50741
1780029353	5	51077
1780029353	6	50645
1780029353	7	50743
1780029358	0	50721
1780029358	1	51357
1780029358	2	50647
1780029358	3	50901
1780029358	4	50741
1780029358	5	51077
1780029358	6	50645
1780029358	7	50743
1780029363	0	50721
1780029363	1	51357
1780029363	2	50647
1780029363	3	50901
1780029363	4	50741
1780029363	5	51077
1780029363	6	50645
1780029363	7	50743
1780029369	0	50721
1780029369	1	51357
1780029369	2	50647
1780029369	3	50901
1780029369	4	50741
1780029369	5	51077
1780029369	6	50645
1780029369	7	50743
1780029374	0	50721
1780029374	1	51357
1780029374	2	50647
1780029374	3	50901
1780029374	4	50741
1780029374	5	51077
1780029374	6	50645
1780029374	7	50743
1780029379	0	50721
1780029379	1	51357
1780029379	2	50647
1780029379	3	50901
1780029379	4	50741
1780029379	5	51077
1780029379	6	50645
1780029379	7	50743
1780029385	0	50721
1780029385	1	51357
1780029385	2	50647
1780029385	3	50901
1780029385	4	50741
1780029385	5	51077
1780029385	6	50645
1780029385	7	50743
1780029390	0	50721
1780029390	1	51357
1780029390	2	50647
1780029390	3	50901
1780029390	4	50741
1780029390	5	51077
1780029390	6	50645
1780029390	7	50743
1780029395	0	50721
1780029395	1	51357
1780029395	2	50647
1780029395	3	50901
1780029395	4	50741
1780029395	5	51077
1780029395	6	50645
1780029395	7	50743
1780029401	0	50721
1780029401	1	51357
1780029401	2	50647
1780029401	3	50901
1780029401	4	50741
1780029401	5	51077
1780029401	6	50645
1780029401	7	50743
1780029406	0	50721
1780029406	1	51357
1780029406	2	50647
1780029406	3	50901
1780029406	4	50741
1780029406	5	51077
1780029406	6	50645
1780029406	7	50743
1780029411	0	50721
1780029411	1	51357
1780029411	2	50647
1780029411	3	50901
1780029411	4	50741
1780029411	5	51077
1780029411	6	50645
1780029411	7	50743
1780029416	0	50721
1780029416	1	51357
1780029416	2	50647
1780029416	3	50901
1780029416	4	50741
1780029416	5	51077
1780029416	6	50645
1780029416	7	50743
1780029422	0	50721
1780029422	1	51357
1780029422	2	50647
1780029422	3	50901
1780029422	4	50741
1780029422	5	51077
1780029422	6	50645
1780029422	7	50743
1780029427	0	50721
1780029427	1	51357
1780029427	2	50647
1780029427	3	50901
1780029427	4	50741
1780029427	5	51077
1780029427	6	50645
1780029427	7	50743
1780029432	0	50721
1780029432	1	51357
1780029432	2	50647
1780029432	3	50901
1780029432	4	50741
1780029432	5	51077
1780029432	6	50645
1780029432	7	50743
1780029438	0	50721
1780029438	1	51357
1780029438	2	50647
1780029438	3	50901
1780029438	4	50741
1780029438	5	51077
1780029438	6	50645
1780029438	7	50743
1780029443	0	50721
1780029443	1	51357
1780029443	2	50647
1780029443	3	50901
1780029443	4	50741
1780029443	5	51077
1780029443	6	50645
1780029443	7	50743
1780029449	0	50721
1780029449	1	51357
1780029449	2	50647
1780029449	3	50901
1780029449	4	50741
1780029449	5	51077
1780029449	6	50645
1780029449	7	50743
1780029454	0	50721
1780029454	1	51357
1780029454	2	50647
1780029454	3	50901
1780029454	4	50741
1780029454	5	51077
1780029454	6	50645
1780029454	7	50743
1780029459	0	50721
1780029459	1	51357
1780029459	2	50647
1780029459	3	50901
1780029459	4	50741
1780029459	5	51077
1780029459	6	50645
1780029459	7	50743
1780029465	0	50721
1780029465	1	51357
1780029465	2	50647
1780029465	3	50901
1780029465	4	50741
1780029465	5	51077
1780029465	6	50645
1780029465	7	50743
1780029470	0	50721
1780029470	1	51357
1780029470	2	50647
1780029470	3	50901
1780029470	4	50741
1780029470	5	51077
1780029470	6	50645
1780029470	7	50743
1780029475	0	50721
1780029475	1	51357
1780029475	2	50647
1780029475	3	50901
1780029475	4	50741
1780029475	5	51077
1780029475	6	50645
1780029475	7	50743
1780029480	0	50721
1780029480	1	51357
1780029480	2	50647
1780029480	3	50901
1780029480	4	50741
1780029480	5	51077
1780029480	6	50645
1780029480	7	50743
1780029486	0	50721
1780029486	1	51357
1780029486	2	50647
1780029486	3	50901
1780029486	4	50741
1780029486	5	51077
1780029486	6	50645
1780029486	7	50743
1780029491	0	50721
1780029491	1	51357
1780029491	2	50647
1780029491	3	50901
1780029491	4	50741
1780029491	5	51077
1780029491	6	50645
1780029491	7	50743
1780029496	0	50721
1780029496	1	51357
1780029496	2	50647
1780029496	3	50901
1780029496	4	50741
1780029496	5	51077
1780029496	6	50645
1780029496	7	50743
1780029502	0	50721
1780029502	1	51357
1780029502	2	50647
1780029502	3	50901
1780029502	4	50741
1780029502	5	51077
1780029502	6	50645
1780029502	7	50743
1780029507	0	50721
1780029507	1	51357
1780029507	2	50647
1780029507	3	50901
1780029507	4	50741
1780029507	5	51077
1780029507	6	50645
1780029507	7	50743
1780029512	0	50721
1780029512	1	51357
1780029512	2	50647
1780029512	3	50901
1780029512	4	50741
1780029512	5	51077
1780029512	6	50645
1780029512	7	50743
1780029518	0	50721
1780029518	1	51357
1780029518	2	50647
1780029518	3	50901
1780029518	4	50741
1780029518	5	51077
1780029518	6	50645
1780029518	7	50743
1780029523	0	50721
1780029523	1	51357
1780029523	2	50647
1780029523	3	50901
1780029523	4	50741
1780029523	5	51077
1780029523	6	50645
1780029523	7	50743
1780029528	0	50721
1780029528	1	51357
1780029528	2	50647
1780029528	3	50901
1780029528	4	50741
1780029528	5	51077
1780029528	6	50645
1780029528	7	50743
1780029533	0	50721
1780029533	1	51357
1780029533	2	50647
1780029533	3	50901
1780029533	4	50741
1780029533	5	51077
1780029533	6	50645
1780029533	7	50743
1780029539	0	50721
1780029539	1	51357
1780029539	2	50647
1780029539	3	50901
1780029539	4	50741
1780029539	5	51077
1780029539	6	50645
1780029539	7	50743
1780029544	0	50721
1780029544	1	51357
1780029544	2	50647
1780029544	3	50901
1780029544	4	50741
1780029544	5	51077
1780029544	6	50645
1780029544	7	50743
1780029550	0	50721
1780029550	1	51357
1780029550	2	50647
1780029550	3	50901
1780029550	4	50741
1780029550	5	51077
1780029550	6	50645
1780029550	7	50743
1780029555	0	50721
1780029555	1	51357
1780029555	2	50647
1780029555	3	50901
1780029555	4	50741
1780029555	5	51077
1780029555	6	50645
1780029555	7	50743
1780029560	0	50721
1780029560	1	51357
1780029560	2	50647
1780029560	3	50901
1780029560	4	50741
1780029560	5	51077
1780029560	6	50645
1780029560	7	50743
1780029565	0	50721
1780029565	1	51357
1780029565	2	50647
1780029565	3	50901
1780029565	4	50741
1780029565	5	51077
1780029565	6	50645
1780029565	7	50743
1780029571	0	50721
1780029571	1	51357
1780029571	2	50647
1780029571	3	50901
1780029571	4	50741
1780029571	5	51077
1780029571	6	50645
1780029571	7	50743
1780029576	0	50721
1780029576	1	51357
1780029576	2	50647
1780029576	3	50901
1780029576	4	50741
1780029576	5	51077
1780029576	6	50645
1780029576	7	50743
1780029581	0	50721
1780029581	1	51357
1780029581	2	50647
1780029581	3	50901
1780029581	4	50741
1780029581	5	51077
1780029581	6	50645
1780029581	7	50743
1780029587	0	50721
1780029587	1	51357
1780029587	2	50647
1780029587	3	50901
1780029587	4	50741
1780029587	5	51077
1780029587	6	50645
1780029587	7	50743
1780029592	0	50721
1780029592	1	51357
1780029592	2	50647
1780029592	3	50901
1780029592	4	50741
1780029592	5	51077
1780029592	6	50645
1780029592	7	50743
1780029597	0	50721
1780029597	1	51357
1780029597	2	50647
1780029597	3	50901
1780029597	4	50741
1780029597	5	51077
1780029597	6	50645
1780029597	7	50743
1780029603	0	50721
1780029603	1	51357
1780029603	2	50647
1780029603	3	50901
1780029603	4	50741
1780029603	5	51077
1780029603	6	50645
1780029603	7	50743
1780029608	0	50721
1780029608	1	51357
1780029608	2	50647
1780029608	3	50901
1780029608	4	50741
1780029608	5	51077
1780029608	6	50645
1780029608	7	50743
1780029613	0	50721
1780029613	1	51357
1780029613	2	50647
1780029613	3	50901
1780029613	4	50741
1780029613	5	51077
1780029613	6	50645
1780029613	7	50743
1780029619	0	50721
1780029619	1	51357
1780029619	2	50647
1780029619	3	50901
1780029619	4	50741
1780029619	5	51077
1780029619	6	50645
1780029619	7	50743
1780029624	0	50721
1780029624	1	51357
1780029624	2	50647
1780029624	3	50901
1780029624	4	50741
1780029624	5	51077
1780029624	6	50645
1780029624	7	50743
1780029629	0	50721
1780029629	1	51357
1780029629	2	50647
1780029629	3	50901
1780029629	4	50741
1780029629	5	51077
1780029629	6	50645
1780029629	7	50743
1780029634	0	50721
1780029634	1	51357
1780029634	2	50647
1780029634	3	50901
1780029634	4	50741
1780029634	5	51077
1780029634	6	50645
1780029634	7	50743
1780029640	0	50721
1780029640	1	51357
1780029640	2	50647
1780029640	3	50901
1780029640	4	50741
1780029640	5	51077
1780029640	6	50645
1780029640	7	50743
1780029645	0	50721
1780029645	1	51357
1780029645	2	50647
1780029645	3	50901
1780029645	4	50741
1780029645	5	51077
1780029645	6	50645
1780029645	7	50743
1780029650	0	50721
1780029650	1	51357
1780029650	2	50647
1780029650	3	50901
1780029650	4	50741
1780029650	5	51077
1780029650	6	50645
1780029650	7	50743
1780029656	0	50721
1780029656	1	51357
1780029656	2	50647
1780029656	3	50901
1780029656	4	50741
1780029656	5	51077
1780029656	6	50645
1780029656	7	50743
1780029661	0	50721
1780029661	1	51357
1780029661	2	50647
1780029661	3	50901
1780029661	4	50741
1780029661	5	51077
1780029661	6	50645
1780029661	7	50743
1780029666	0	50721
1780029666	1	51357
1780029666	2	50647
1780029666	3	50901
1780029666	4	50741
1780029666	5	51077
1780029666	6	50645
1780029666	7	50743
1780029672	0	50721
1780029672	1	51357
1780029672	2	50647
1780029672	3	50901
1780029672	4	50741
1780029672	5	51077
1780029672	6	50645
1780029672	7	50743
1780029677	0	50721
1780029677	1	51357
1780029677	2	50647
1780029677	3	50901
1780029677	4	50741
1780029677	5	51077
1780029677	6	50645
1780029677	7	50743
1780029682	0	50721
1780029682	1	51357
1780029682	2	50647
1780029682	3	50901
1780029682	4	50741
1780029682	5	51077
1780029682	6	50645
1780029682	7	50743
1780029688	0	50721
1780029688	1	51357
1780029688	2	50647
1780029688	3	50901
1780029688	4	50741
1780029688	5	51077
1780029688	6	50645
1780029688	7	50743
1780029693	0	50721
1780029693	1	51357
1780029693	2	50647
1780029693	3	50901
1780029693	4	50741
1780029693	5	51077
1780029693	6	50645
1780029693	7	50743
1780029698	0	50721
1780029698	1	51357
1780029698	2	50647
1780029698	3	50901
1780029698	4	50741
1780029698	5	51077
1780029698	6	50645
1780029698	7	50743
1780029703	0	50721
1780029703	1	51357
1780029703	2	50647
1780029703	3	50901
1780029703	4	50741
1780029703	5	51077
1780029703	6	50645
1780029703	7	50743
1780029709	0	50721
1780029709	1	51357
1780029709	2	50647
1780029709	3	50901
1780029709	4	50741
1780029709	5	51077
1780029709	6	50645
1780029709	7	50743
1780029714	0	50721
1780029714	1	51357
1780029714	2	50647
1780029714	3	50901
1780029714	4	50741
1780029714	5	51077
1780029714	6	50645
1780029714	7	50743
1780029719	0	50721
1780029719	1	51357
1780029719	2	50647
1780029719	3	50901
1780029719	4	50741
1780029719	5	51077
1780029719	6	50645
1780029719	7	50743
1780029725	0	50721
1780029725	1	51357
1780029725	2	50647
1780029725	3	50901
1780029725	4	50741
1780029725	5	51077
1780029725	6	50645
1780029725	7	50743
1780029730	0	50721
1780029730	1	51357
1780029730	2	50647
1780029730	3	50901
1780029730	4	50741
1780029730	5	51077
1780029730	6	50645
1780029730	7	50743
1780029735	0	50721
1780029735	1	51357
1780029735	2	50647
1780029735	3	50901
1780029735	4	50741
1780029735	5	51077
1780029735	6	50645
1780029735	7	50743
1780029741	0	50721
1780029741	1	51357
1780029741	2	50647
1780029741	3	50901
1780029741	4	50741
1780029741	5	51077
1780029741	6	50645
1780029741	7	50743
1780029746	0	50721
1780029746	1	51357
1780029746	2	50647
1780029746	3	50901
1780029746	4	50741
1780029746	5	51077
1780029746	6	50645
1780029746	7	50743
1780029751	0	50721
1780029751	1	51357
1780029751	2	50647
1780029751	3	50901
1780029751	4	50741
1780029751	5	51077
1780029751	6	50645
1780029751	7	50743
1780029757	0	50721
1780029757	1	51357
1780029757	2	50647
1780029757	3	50901
1780029757	4	50741
1780029757	5	51077
1780029757	6	50645
1780029757	7	50743
1780029762	0	50721
1780029762	1	51357
1780029762	2	50647
1780029762	3	50901
1780029762	4	50741
1780029762	5	51077
1780029762	6	50645
1780029762	7	50743
1780029767	0	50721
1780029767	1	51357
1780029767	2	50647
1780029767	3	50901
1780029767	4	50741
1780029767	5	51077
1780029767	6	50645
1780029767	7	50743
1780029773	0	50721
1780029773	1	51357
1780029773	2	50647
1780029773	3	50901
1780029773	4	50741
1780029773	5	51077
1780029773	6	50645
1780029773	7	50743
1780029778	0	50721
1780029778	1	51357
1780029778	2	50647
1780029778	3	50901
1780029778	4	50741
1780029778	5	51077
1780029778	6	50645
1780029778	7	50743
1780029783	0	50721
1780029783	1	51357
1780029783	2	50647
1780029783	3	50901
1780029783	4	50741
1780029783	5	51077
1780029783	6	50645
1780029783	7	50743
1780029788	0	50721
1780029788	1	51357
1780029788	2	50647
1780029788	3	50901
1780029788	4	50741
1780029788	5	51077
1780029788	6	50645
1780029788	7	50743
1780029794	0	50721
1780029794	1	51357
1780029794	2	50647
1780029794	3	50901
1780029794	4	50741
1780029794	5	51077
1780029794	6	50645
1780029794	7	50743
1780029799	0	50721
1780029799	1	51357
1780029799	2	50647
1780029799	3	50901
1780029799	4	50741
1780029799	5	51077
1780029799	6	50645
1780029799	7	50743
1780029804	0	50721
1780029804	1	51357
1780029804	2	50647
1780029804	3	50901
1780029804	4	50741
1780029804	5	51077
1780029804	6	50645
1780029804	7	50743
1780029810	0	50721
1780029810	1	51357
1780029810	2	50647
1780029810	3	50901
1780029810	4	50741
1780029810	5	51077
1780029810	6	50645
1780029810	7	50743
1780029815	0	50721
1780029815	1	51357
1780029815	2	50647
1780029815	3	50901
1780029815	4	50741
1780029815	5	51077
1780029815	6	50645
1780029815	7	50743
1780029820	0	50721
1780029820	1	51357
1780029820	2	50647
1780029820	3	50901
1780029820	4	50741
1780029820	5	51077
1780029820	6	50645
1780029820	7	50743
1780029826	0	50721
1780029826	1	51357
1780029826	2	50647
1780029826	3	50901
1780029826	4	50741
1780029826	5	51077
1780029826	6	50645
1780029826	7	50743
1780029831	0	50721
1780029831	1	51357
1780029831	2	50647
1780029831	3	50901
1780029831	4	50741
1780029831	5	51077
1780029831	6	50645
1780029831	7	50743
1780029836	0	50721
1780029836	1	51357
1780029836	2	50647
1780029836	3	50901
1780029836	4	50741
1780029836	5	51077
1780029836	6	50645
1780029836	7	50743
1780029841	0	50721
1780029841	1	51357
1780029841	2	50647
1780029841	3	50901
1780029841	4	50741
1780029841	5	51077
1780029841	6	50645
1780029841	7	50743
1780029847	0	50721
1780029847	1	51357
1780029847	2	50647
1780029847	3	50901
1780029847	4	50741
1780029847	5	51077
1780029847	6	50645
1780029847	7	50743
1780029852	0	50721
1780029852	1	51357
1780029852	2	50647
1780029852	3	50901
1780029852	4	50741
1780029852	5	51077
1780029852	6	50645
1780029852	7	50743
1780029858	0	50721
1780029858	1	51357
1780029858	2	50647
1780029858	3	50901
1780029858	4	50741
1780029858	5	51077
1780029858	6	50645
1780029858	7	50743
1780029863	0	50721
1780029863	1	51357
1780029863	2	50647
1780029863	3	50901
1780029863	4	50741
1780029863	5	51077
1780029863	6	50645
1780029863	7	50743
1780029868	0	50721
1780029868	1	51357
1780029868	2	50647
1780029868	3	50901
1780029868	4	50741
1780029868	5	51077
1780029868	6	50645
1780029868	7	50743
1780029873	0	50721
1780029873	1	51357
1780029873	2	50647
1780029873	3	50901
1780029873	4	50741
1780029873	5	51077
1780029873	6	50645
1780029873	7	50743
1780029879	0	50721
1780029879	1	51357
1780029879	2	50647
1780029879	3	50901
1780029879	4	50741
1780029879	5	51077
1780029879	6	50645
1780029879	7	50743
1780029884	0	50721
1780029884	1	51357
1780029884	2	50647
1780029884	3	50901
1780029884	4	50741
1780029884	5	51077
1780029884	6	50645
1780029884	7	50743
1780029889	0	50721
1780029889	1	51357
1780029889	2	50647
1780029889	3	50901
1780029889	4	50741
1780029889	5	51077
1780029889	6	50645
1780029889	7	50743
1780029895	0	50721
1780029895	1	51357
1780029895	2	50647
1780029895	3	50901
1780029895	4	50741
1780029895	5	51077
1780029895	6	50645
1780029895	7	50743
1780029900	0	50721
1780029900	1	51357
1780029900	2	50647
1780029900	3	50901
1780029900	4	50741
1780029900	5	51077
1780029900	6	50645
1780029900	7	50743
1780029905	0	50721
1780029905	1	51357
1780029905	2	50647
1780029905	3	50901
1780029905	4	50741
1780029905	5	51077
1780029905	6	50645
1780029905	7	50743
1780029911	0	50721
1780029911	1	51357
1780029911	2	50647
1780029911	3	50901
1780029911	4	50741
1780029911	5	51077
1780029911	6	50645
1780029911	7	50743
1780029916	0	50721
1780029916	1	51357
1780029916	2	50647
1780029916	3	50901
1780029916	4	50741
1780029916	5	51077
1780029916	6	50645
1780029916	7	50743
1780029921	0	50721
1780029921	1	51357
1780029921	2	50647
1780029921	3	50901
1780029921	4	50741
1780029921	5	51077
1780029921	6	50645
1780029921	7	50743
1780029926	0	50721
1780029926	1	51357
1780029926	2	50647
1780029926	3	50901
1780029926	4	50741
1780029926	5	51077
1780029926	6	50645
1780029926	7	50743
1780029932	0	50721
1780029932	1	51357
1780029932	2	50647
1780029932	3	50901
1780029932	4	50741
1780029932	5	51077
1780029932	6	50645
1780029932	7	50743
1780029937	0	50721
1780029937	1	51357
1780029937	2	50647
1780029937	3	50901
1780029937	4	50741
1780029937	5	51077
1780029937	6	50645
1780029937	7	50743
1780029943	0	50721
1780029943	1	51357
1780029943	2	50647
1780029943	3	50901
1780029943	4	50741
1780029943	5	51077
1780029943	6	50645
1780029943	7	50743
1780029948	0	50721
1780029948	1	51357
1780029948	2	50647
1780029948	3	50901
1780029948	4	50741
1780029948	5	51077
1780029948	6	50645
1780029948	7	50743
1780029953	0	50721
1780029953	1	51357
1780029953	2	50647
1780029953	3	50901
1780029953	4	50741
1780029953	5	51077
1780029953	6	50645
1780029953	7	50743
1780029959	0	50721
1780029959	1	51357
1780029959	2	50647
1780029959	3	50901
1780029959	4	50741
1780029959	5	51077
1780029959	6	50645
1780029959	7	50743
1780029964	0	50721
1780029964	1	51357
1780029964	2	50647
1780029964	3	50901
1780029964	4	50741
1780029964	5	51077
1780029964	6	50645
1780029964	7	50743
1780029969	0	50721
1780029969	1	51357
1780029969	2	50647
1780029969	3	50901
1780029969	4	50741
1780029969	5	51077
1780029969	6	50645
1780029969	7	50743
1780029975	0	50721
1780029975	1	51357
1780029975	2	50647
1780029975	3	50901
1780029975	4	50741
1780029975	5	51077
1780029975	6	50645
1780029975	7	50743
1780029980	0	50721
1780029980	1	51357
1780029980	2	50647
1780029980	3	50901
1780029980	4	50741
1780029980	5	51077
1780029980	6	50645
1780029980	7	50743
1780029985	0	50721
1780029985	1	51357
1780029985	2	50647
1780029985	3	50901
1780029985	4	50741
1780029985	5	51077
1780029985	6	50645
1780029985	7	50743
1780029990	0	50721
1780029990	1	51357
1780029990	2	50647
1780029990	3	50901
1780029990	4	50741
1780029990	5	51077
1780029990	6	50645
1780029990	7	50743
1780029996	0	50721
1780029996	1	51357
1780029996	2	50647
1780029996	3	50901
1780029996	4	50741
1780029996	5	51077
1780029996	6	50645
1780029996	7	50743
1780030001	0	50721
1780030001	1	51357
1780030001	2	50647
1780030001	3	50901
1780030001	4	50741
1780030001	5	51077
1780030001	6	50645
1780030001	7	50743
1780030006	0	50721
1780030006	1	51357
1780030006	2	50647
1780030006	3	50901
1780030006	4	50741
1780030006	5	51077
1780030006	6	50645
1780030006	7	50743
1780030012	0	50721
1780030012	1	51357
1780030012	2	50647
1780030012	3	50901
1780030012	4	50741
1780030012	5	51077
1780030012	6	50645
1780030012	7	50743
1780030017	0	50721
1780030017	1	51357
1780030017	2	50647
1780030017	3	50901
1780030017	4	50741
1780030017	5	51077
1780030017	6	50645
1780030017	7	50743
1780030022	0	50721
1780030022	1	51357
1780030022	2	50647
1780030022	3	50901
1780030022	4	50741
1780030022	5	51077
1780030022	6	50645
1780030022	7	50743
1780030028	0	50721
1780030028	1	51357
1780030028	2	50647
1780030028	3	50901
1780030028	4	50741
1780030028	5	51077
1780030028	6	50645
1780030028	7	50743
1780030033	0	50721
1780030033	1	51357
1780030033	2	50647
1780030033	3	50901
1780030033	4	50741
1780030033	5	51077
1780030033	6	50645
1780030033	7	50743
1780030038	0	50721
1780030038	1	51357
1780030038	2	50647
1780030038	3	50901
1780030038	4	50741
1780030038	5	51077
1780030038	6	50645
1780030038	7	50743
1780030043	0	50721
1780030043	1	51357
1780030043	2	50647
1780030043	3	50901
1780030043	4	50741
1780030043	5	51077
1780030043	6	50645
1780030043	7	50743
1780030049	0	50721
1780030049	1	51357
1780030049	2	50647
1780030049	3	50901
1780030049	4	50741
1780030049	5	51077
1780030049	6	50645
1780030049	7	50743
1780030054	0	50721
1780030054	1	51357
1780030054	2	50647
1780030054	3	50901
1780030054	4	50741
1780030054	5	51077
1780030054	6	50645
1780030054	7	50743
1780030059	0	50721
1780030059	1	51357
1780030059	2	50647
1780030059	3	50901
1780030059	4	50741
1780030059	5	51077
1780030059	6	50645
1780030059	7	50743
1780030065	0	50721
1780030065	1	51357
1780030065	2	50647
1780030065	3	50901
1780030065	4	50741
1780030065	5	51077
1780030065	6	50645
1780030065	7	50743
1780030070	0	50721
1780030070	1	51357
1780030070	2	50647
1780030070	3	50901
1780030070	4	50741
1780030070	5	51077
1780030070	6	50645
1780030070	7	50743
1780030075	0	50721
1780030075	1	51357
1780030075	2	50647
1780030075	3	50901
1780030075	4	50741
1780030075	5	51077
1780030075	6	50645
1780030075	7	50743
1780030081	0	50721
1780030081	1	51357
1780030081	2	50647
1780030081	3	50901
1780030081	4	50741
1780030081	5	51077
1780030081	6	50645
1780030081	7	50743
1780030086	0	50721
1780030086	1	51357
1780030086	2	50647
1780030086	3	50901
1780030086	4	50741
1780030086	5	51077
1780030086	6	50645
1780030086	7	50743
1780030091	0	50721
1780030091	1	51357
1780030091	2	50647
1780030091	3	50901
1780030091	4	50741
1780030091	5	51077
1780030091	6	50645
1780030091	7	50743
1780030097	0	50721
1780030097	1	51357
1780030097	2	50647
1780030097	3	50901
1780030097	4	50741
1780030097	5	51077
1780030097	6	50645
1780030097	7	50743
1780030102	0	50721
1780030102	1	51357
1780030102	2	50647
1780030102	3	50901
1780030102	4	50741
1780030102	5	51077
1780030102	6	50645
1780030102	7	50743
1780030107	0	50721
1780030107	1	51357
1780030107	2	50647
1780030107	3	50901
1780030107	4	50741
1780030107	5	51077
1780030107	6	50645
1780030107	7	50743
1780030112	0	50721
1780030112	1	51357
1780030112	2	50647
1780030112	3	50901
1780030112	4	50741
1780030112	5	51077
1780030112	6	50645
1780030112	7	50743
1780030118	0	50721
1780030118	1	51357
1780030118	2	50647
1780030118	3	50901
1780030118	4	50741
1780030118	5	51077
1780030118	6	50645
1780030118	7	50743
1780030123	0	50721
1780030123	1	51357
1780030123	2	50647
1780030123	3	50901
1780030123	4	50741
1780030123	5	51077
1780030123	6	50645
1780030123	7	50743
1780030128	0	50721
1780030128	1	51357
1780030128	2	50647
1780030128	3	50901
1780030128	4	50741
1780030128	5	51077
1780030128	6	50645
1780030128	7	50743
1780030134	0	50721
1780030134	1	51357
1780030134	2	50647
1780030134	3	50901
1780030134	4	50741
1780030134	5	51077
1780030134	6	50645
1780030134	7	50743
1780030139	0	50721
1780030139	1	51357
1780030139	2	50647
1780030139	3	50901
1780030139	4	50741
1780030139	5	51077
1780030139	6	50645
1780030139	7	50743
1780030144	0	50721
1780030144	1	51357
1780030144	2	50647
1780030144	3	50901
1780030144	4	50741
1780030144	5	51077
1780030144	6	50645
1780030144	7	50743
1780030150	0	50721
1780030150	1	51357
1780030150	2	50647
1780030150	3	50901
1780030150	4	50741
1780030150	5	51077
1780030150	6	50645
1780030150	7	50743
1780030155	0	50721
1780030155	1	51357
1780030155	2	50647
1780030155	3	50901
1780030155	4	50741
1780030155	5	51077
1780030155	6	50645
1780030155	7	50743
1780030160	0	50721
1780030160	1	51357
1780030160	2	50647
1780030160	3	50901
1780030160	4	50741
1780030160	5	51077
1780030160	6	50645
1780030160	7	50743
1780030166	0	50721
1780030166	1	51357
1780030166	2	50647
1780030166	3	50901
1780030166	4	50741
1780030166	5	51077
1780030166	6	50645
1780030166	7	50743
1780030171	0	50721
1780030171	1	51357
1780030171	2	50647
1780030171	3	50901
1780030171	4	50741
1780030171	5	51077
1780030171	6	50645
1780030171	7	50743
1780030176	0	50721
1780030176	1	51357
1780030176	2	50647
1780030176	3	50901
1780030176	4	50741
1780030176	5	51077
1780030176	6	50645
1780030176	7	50743
1780030182	0	50721
1780030182	1	51357
1780030182	2	50647
1780030182	3	50901
1780030182	4	50741
1780030182	5	51077
1780030182	6	50645
1780030182	7	50743
1780030187	0	50721
1780030187	1	51357
1780030187	2	50647
1780030187	3	50901
1780030187	4	50741
1780030187	5	51077
1780030187	6	50645
1780030187	7	50743
1780030192	0	50721
1780030192	1	51357
1780030192	2	50647
1780030192	3	50901
1780030192	4	50741
1780030192	5	51077
1780030192	6	50645
1780030192	7	50743
1780030198	0	50721
1780030198	1	51357
1780030198	2	50647
1780030198	3	50901
1780030198	4	50741
1780030198	5	51077
1780030198	6	50645
1780030198	7	50743
1780030203	0	50721
1780030203	1	51357
1780030203	2	50647
1780030203	3	50901
1780030203	4	50741
1780030203	5	51077
1780030203	6	50645
1780030203	7	50743
1780030208	0	50721
1780030208	1	51357
1780030208	2	50647
1780030208	3	50901
1780030208	4	50741
1780030208	5	51077
1780030208	6	50645
1780030208	7	50743
1780030214	0	50721
1780030214	1	51357
1780030214	2	50647
1780030214	3	50901
1780030214	4	50741
1780030214	5	51077
1780030214	6	50645
1780030214	7	50743
1780030219	0	50721
1780030219	1	51357
1780030219	2	50647
1780030219	3	50901
1780030219	4	50741
1780030219	5	51077
1780030219	6	50645
1780030219	7	50743
1780030224	0	50721
1780030224	1	51357
1780030224	2	50647
1780030224	3	50901
1780030224	4	50741
1780030224	5	51077
1780030224	6	50645
1780030224	7	50743
1780030229	0	50721
1780030229	1	51357
1780030229	2	50647
1780030229	3	50901
1780030229	4	50741
1780030229	5	51077
1780030229	6	50645
1780030229	7	50743
1780030235	0	50721
1780030235	1	51357
1780030235	2	50647
1780030235	3	50901
1780030235	4	50741
1780030235	5	51077
1780030235	6	50645
1780030235	7	50743
1780030240	0	50721
1780030240	1	51357
1780030240	2	50647
1780030240	3	50901
1780030240	4	50741
1780030240	5	51077
1780030240	6	50645
1780030240	7	50743
1780030245	0	50721
1780030245	1	51357
1780030245	2	50647
1780030245	3	50901
1780030245	4	50741
1780030245	5	51077
1780030245	6	50645
1780030245	7	50743
1780030251	0	50721
1780030251	1	51357
1780030251	2	50647
1780030251	3	50901
1780030251	4	50741
1780030251	5	51077
1780030251	6	50645
1780030251	7	50743
1780030256	0	50721
1780030256	1	51357
1780030256	2	50647
1780030256	3	50901
1780030256	4	50741
1780030256	5	51077
1780030256	6	50645
1780030256	7	50743
1780030261	0	50721
1780030261	1	51357
1780030261	2	50647
1780030261	3	50901
1780030261	4	50741
1780030261	5	51077
1780030261	6	50645
1780030261	7	50743
1780030267	0	50721
1780030267	1	51357
1780030267	2	50647
1780030267	3	50901
1780030267	4	50741
1780030267	5	51077
1780030267	6	50645
1780030267	7	50743
1780030272	0	50721
1780030272	1	51357
1780030272	2	50647
1780030272	3	50901
1780030272	4	50741
1780030272	5	51077
1780030272	6	50645
1780030272	7	50743
1780030277	0	50721
1780030277	1	51357
1780030277	2	50647
1780030277	3	50901
1780030277	4	50741
1780030277	5	51077
1780030277	6	50645
1780030277	7	50743
1780030283	0	50721
1780030283	1	51357
1780030283	2	50647
1780030283	3	50901
1780030283	4	50741
1780030283	5	51077
1780030283	6	50645
1780030283	7	50743
1780030288	0	50721
1780030288	1	51357
1780030288	2	50647
1780030288	3	50901
1780030288	4	50741
1780030288	5	51077
1780030288	6	50645
1780030288	7	50743
1780030293	0	50721
1780030293	1	51357
1780030293	2	50647
1780030293	3	50901
1780030293	4	50741
1780030293	5	51077
1780030293	6	50645
1780030293	7	50743
1780030298	0	50721
1780030298	1	51357
1780030298	2	50647
1780030298	3	50901
1780030298	4	50741
1780030298	5	51077
1780030298	6	50645
1780030298	7	50743
1780030304	0	50721
1780030304	1	51357
1780030304	2	50647
1780030304	3	50901
1780030304	4	50741
1780030304	5	51077
1780030304	6	50645
1780030304	7	50743
1780030309	0	50721
1780030309	1	51357
1780030309	2	50647
1780030309	3	50901
1780030309	4	50741
1780030309	5	51077
1780030309	6	50645
1780030309	7	50743
1780030314	0	50721
1780030314	1	51357
1780030314	2	50647
1780030314	3	50901
1780030314	4	50741
1780030314	5	51077
1780030314	6	50645
1780030314	7	50743
1780030320	0	50721
1780030320	1	51357
1780030320	2	50647
1780030320	3	50901
1780030320	4	50741
1780030320	5	51077
1780030320	6	50645
1780030320	7	50743
1780030325	0	50721
1780030325	1	51357
1780030325	2	50647
1780030325	3	50901
1780030325	4	50741
1780030325	5	51077
1780030325	6	50645
1780030325	7	50743
1780030330	0	50721
1780030330	1	51357
1780030330	2	50647
1780030330	3	50901
1780030330	4	50741
1780030330	5	51077
1780030330	6	50645
1780030330	7	50743
1780030336	0	50721
1780030336	1	51357
1780030336	2	50647
1780030336	3	50901
1780030336	4	50741
1780030336	5	51077
1780030336	6	50645
1780030336	7	50743
1780030341	0	50721
1780030341	1	51357
1780030341	2	50647
1780030341	3	50901
1780030341	4	50741
1780030341	5	51077
1780030341	6	50645
1780030341	7	50743
1780030346	0	50721
1780030346	1	51357
1780030346	2	50647
1780030346	3	50901
1780030346	4	50741
1780030346	5	51077
1780030346	6	50645
1780030346	7	50743
1780030351	0	50721
1780030351	1	51357
1780030351	2	50647
1780030351	3	50901
1780030351	4	50741
1780030351	5	51077
1780030351	6	50645
1780030351	7	50743
1780030357	0	50721
1780030357	1	51357
1780030357	2	50647
1780030357	3	50901
1780030357	4	50741
1780030357	5	51077
1780030357	6	50645
1780030357	7	50743
1780030362	0	50721
1780030362	1	51357
1780030362	2	50647
1780030362	3	50901
1780030362	4	50741
1780030362	5	51077
1780030362	6	50705
1780030362	7	50743
1780030367	0	50721
1780030367	1	51357
1780030367	2	50647
1780030367	3	50901
1780030367	4	50741
1780030367	5	51077
1780030367	6	50705
1780030367	7	50743
1780030373	0	50721
1780030373	1	51357
1780030373	2	50647
1780030373	3	50901
1780030373	4	50741
1780030373	5	51077
1780030373	6	50705
1780030373	7	50743
1780030378	0	50721
1780030378	1	51357
1780030378	2	50647
1780030378	3	50901
1780030378	4	50741
1780030378	5	51077
1780030378	6	50705
1780030378	7	50743
1780030383	0	50721
1780030383	1	51357
1780030383	2	50647
1780030383	3	50901
1780030383	4	50741
1780030383	5	51077
1780030383	6	50705
1780030383	7	50743
1780030389	0	50721
1780030389	1	51357
1780030389	2	50647
1780030389	3	50901
1780030389	4	50741
1780030389	5	51077
1780030389	6	50705
1780030389	7	50743
1780030394	0	50721
1780030394	1	51357
1780030394	2	50647
1780030394	3	50901
1780030394	4	50741
1780030394	5	51077
1780030394	6	50705
1780030394	7	50743
1780030399	0	50721
1780030399	1	51357
1780030399	2	50647
1780030399	3	50901
1780030399	4	50741
1780030399	5	51077
1780030399	6	50705
1780030399	7	50743
1780030405	0	50721
1780030405	1	51357
1780030405	2	50647
1780030405	3	50901
1780030405	4	50741
1780030405	5	51077
1780030405	6	50705
1780030405	7	50743
1780030410	0	50721
1780030410	1	51357
1780030410	2	50647
1780030410	3	50901
1780030410	4	50741
1780030410	5	51077
1780030410	6	50705
1780030410	7	50743
1780030415	0	50721
1780030415	1	51357
1780030415	2	50647
1780030415	3	50901
1780030415	4	50741
1780030415	5	51077
1780030415	6	50705
1780030415	7	50743
1780030421	0	50721
1780030421	1	51357
1780030421	2	50647
1780030421	3	50901
1780030421	4	50741
1780030421	5	51077
1780030421	6	50705
1780030421	7	50743
1780030426	0	50721
1780030426	1	51357
1780030426	2	50647
1780030426	3	50901
1780030426	4	50741
1780030426	5	51077
1780030426	6	50705
1780030426	7	50743
1780030431	0	50721
1780030431	1	51357
1780030431	2	50647
1780030431	3	50901
1780030431	4	50741
1780030431	5	51077
1780030431	6	50705
1780030431	7	50743
1780030436	0	50721
1780030436	1	51357
1780030436	2	50647
1780030436	3	50901
1780030436	4	50741
1780030436	5	51077
1780030436	6	50705
1780030436	7	50743
1780030442	0	50721
1780030442	1	51357
1780030442	2	50647
1780030442	3	50901
1780030442	4	50741
1780030442	5	51077
1780030442	6	50705
1780030442	7	50743
1780030447	0	50721
1780030447	1	51357
1780030447	2	50647
1780030447	3	50901
1780030447	4	50741
1780030447	5	51077
1780030447	6	50705
1780030447	7	50743
1780030452	0	50721
1780030452	1	51357
1780030452	2	50647
1780030452	3	50901
1780030452	4	50741
1780030452	5	51077
1780030452	6	50705
1780030452	7	50743
1780030458	0	50721
1780030458	1	51357
1780030458	2	50647
1780030458	3	50901
1780030458	4	50741
1780030458	5	51077
1780030458	6	50705
1780030458	7	50743
1780030463	0	50721
1780030463	1	51357
1780030463	2	50647
1780030463	3	50901
1780030463	4	50741
1780030463	5	51077
1780030463	6	50705
1780030463	7	50743
1780030468	0	50721
1780030468	1	51357
1780030468	2	50647
1780030468	3	50901
1780030468	4	50741
1780030468	5	51077
1780030468	6	50705
1780030468	7	50743
1780030474	0	50721
1780030474	1	51357
1780030474	2	50647
1780030474	3	50901
1780030474	4	50741
1780030474	5	51077
1780030474	6	50705
1780030474	7	50743
1780030479	0	50721
1780030479	1	51357
1780030479	2	50647
1780030479	3	50901
1780030479	4	50741
1780030479	5	51077
1780030479	6	50705
1780030479	7	50743
1780030484	0	50721
1780030484	1	51357
1780030484	2	50647
1780030484	3	50901
1780030484	4	50741
1780030484	5	51077
1780030484	6	50705
1780030484	7	50743
1780030490	0	50721
1780030490	1	51357
1780030490	2	50647
1780030490	3	50901
1780030490	4	50741
1780030490	5	51077
1780030490	6	50705
1780030490	7	50743
1780030495	0	50721
1780030495	1	51357
1780030495	2	50647
1780030495	3	50901
1780030495	4	50741
1780030495	5	51077
1780030495	6	50705
1780030495	7	50743
1780030500	0	50721
1780030500	1	51357
1780030500	2	50647
1780030500	3	50901
1780030500	4	50741
1780030500	5	51077
1780030500	6	50705
1780030500	7	50743
1780030506	0	50721
1780030506	1	51357
1780030506	2	50647
1780030506	3	50901
1780030506	4	50741
1780030506	5	51077
1780030506	6	50705
1780030506	7	50743
1780030511	0	50721
1780030511	1	51357
1780030511	2	50647
1780030511	3	50901
1780030511	4	50741
1780030511	5	51077
1780030511	6	50705
1780030511	7	50743
1780030516	0	50721
1780030516	1	51357
1780030516	2	50647
1780030516	3	50901
1780030516	4	50741
1780030516	5	51077
1780030516	6	50705
1780030516	7	50743
1780030522	0	50721
1780030522	1	51357
1780030522	2	50647
1780030522	3	50901
1780030522	4	50741
1780030522	5	51077
1780030522	6	50705
1780030522	7	50743
1780030527	0	50721
1780030527	1	51357
1780030527	2	50647
1780030527	3	50901
1780030527	4	50741
1780030527	5	51077
1780030527	6	50705
1780030527	7	50743
1780030532	0	50721
1780030532	1	51357
1780030532	2	50647
1780030532	3	50901
1780030532	4	50741
1780030532	5	51077
1780030532	6	50705
1780030532	7	50743
1780030537	0	50721
1780030537	1	51357
1780030537	2	50647
1780030537	3	50901
1780030537	4	50741
1780030537	5	51077
1780030537	6	50705
1780030537	7	50743
1780030543	0	50721
1780030543	1	51357
1780030543	2	50647
1780030543	3	50901
1780030543	4	50741
1780030543	5	51077
1780030543	6	50705
1780030543	7	50743
1780030548	0	50721
1780030548	1	51357
1780030548	2	50647
1780030548	3	50901
1780030548	4	50741
1780030548	5	51077
1780030548	6	50705
1780030548	7	50743
1780030553	0	50721
1780030553	1	51357
1780030553	2	50647
1780030553	3	50901
1780030553	4	50741
1780030553	5	51077
1780030553	6	50705
1780030553	7	50743
1780030559	0	50721
1780030559	1	51357
1780030559	2	50647
1780030559	3	50901
1780030559	4	50741
1780030559	5	51077
1780030559	6	50705
1780030559	7	50743
1780030564	0	50721
1780030564	1	51357
1780030564	2	50647
1780030564	3	50901
1780030564	4	50741
1780030564	5	51077
1780030564	6	50705
1780030564	7	50743
1780030569	0	50721
1780030569	1	51357
1780030569	2	50647
1780030569	3	50901
1780030569	4	50741
1780030569	5	51077
1780030569	6	50705
1780030569	7	50743
1780030575	0	50721
1780030575	1	51357
1780030575	2	50647
1780030575	3	50901
1780030575	4	50741
1780030575	5	51077
1780030575	6	50705
1780030575	7	50743
1780030580	0	50721
1780030580	1	51357
1780030580	2	50647
1780030580	3	50901
1780030580	4	50741
1780030580	5	51077
1780030580	6	50705
1780030580	7	50743
1780030585	0	50721
1780030585	1	51357
1780030585	2	50647
1780030585	3	50901
1780030585	4	50741
1780030585	5	51077
1780030585	6	50705
1780030585	7	50743
1780030591	0	50721
1780030591	1	51357
1780030591	2	50647
1780030591	3	50901
1780030591	4	50741
1780030591	5	51077
1780030591	6	50705
1780030591	7	50743
1780030596	0	50721
1780030596	1	51357
1780030596	2	50647
1780030596	3	50901
1780030596	4	50741
1780030596	5	51077
1780030596	6	50705
1780030596	7	50743
1780030601	0	50721
1780030601	1	51357
1780030601	2	50647
1780030601	3	50901
1780030601	4	50741
1780030601	5	51077
1780030601	6	50705
1780030601	7	50743
1780030607	0	50721
1780030607	1	51357
1780030607	2	50647
1780030607	3	50901
1780030607	4	50741
1780030607	5	51077
1780030607	6	50705
1780030607	7	50743
1780030612	0	50721
1780030612	1	51357
1780030612	2	50647
1780030612	3	50901
1780030612	4	50741
1780030612	5	51077
1780030612	6	50705
1780030612	7	50743
1780030617	0	50721
1780030617	1	51357
1780030617	2	50647
1780030617	3	50901
1780030617	4	50741
1780030617	5	51077
1780030617	6	50705
1780030617	7	50743
1780030623	0	50721
1780030623	1	51357
1780030623	2	50647
1780030623	3	50901
1780030623	4	50741
1780030623	5	51077
1780030623	6	50705
1780030623	7	50743
1780030628	0	50721
1780030628	1	51357
1780030628	2	50647
1780030628	3	50901
1780030628	4	50741
1780030628	5	51077
1780030628	6	50705
1780030628	7	50743
1780030633	0	50721
1780030633	1	51357
1780030633	2	50647
1780030633	3	50901
1780030633	4	50741
1780030633	5	51077
1780030633	6	50705
1780030633	7	50743
1780030639	0	50721
1780030639	1	51357
1780030639	2	50647
1780030639	3	50901
1780030639	4	50741
1780030639	5	51077
1780030639	6	50705
1780030639	7	50743
1780030644	0	50721
1780030644	1	51357
1780030644	2	50647
1780030644	3	50901
1780030644	4	50741
1780030644	5	51077
1780030644	6	50705
1780030644	7	50743
1780030649	0	50721
1780030649	1	51357
1780030649	2	50647
1780030649	3	50901
1780030649	4	50741
1780030649	5	51077
1780030649	6	50705
1780030649	7	50743
1780030655	0	50721
1780030655	1	51357
1780030655	2	50647
1780030655	3	50901
1780030655	4	50741
1780030655	5	51077
1780030655	6	50705
1780030655	7	50743
1780030660	0	50721
1780030660	1	51357
1780030660	2	50647
1780030660	3	50901
1780030660	4	50741
1780030660	5	51077
1780030660	6	50705
1780030660	7	50743
1780030665	0	50721
1780030665	1	51357
1780030665	2	50647
1780030665	3	50901
1780030665	4	50741
1780030665	5	51077
1780030665	6	50705
1780030665	7	50743
1780030670	0	50721
1780030670	1	51357
1780030670	2	50647
1780030670	3	50901
1780030670	4	50741
1780030670	5	51077
1780030670	6	50705
1780030670	7	50743
1780030676	0	50721
1780030676	1	51357
1780030676	2	50647
1780030676	3	50901
1780030676	4	50741
1780030676	5	51077
1780030676	6	50705
1780030676	7	50743
1780030681	0	50721
1780030681	1	51357
1780030681	2	50647
1780030681	3	50901
1780030681	4	50741
1780030681	5	51077
1780030681	6	50705
1780030681	7	50743
1780030686	0	50721
1780030686	1	51357
1780030686	2	50647
1780030686	3	50901
1780030686	4	50741
1780030686	5	51077
1780030686	6	50705
1780030686	7	50743
1780030692	0	50721
1780030692	1	51357
1780030692	2	50647
1780030692	3	50901
1780030692	4	50741
1780030692	5	51077
1780030692	6	50705
1780030692	7	50743
1780030697	0	50721
1780030697	1	51357
1780030697	2	50647
1780030697	3	50901
1780030697	4	50741
1780030697	5	51077
1780030697	6	50705
1780030697	7	50743
1780030702	0	50721
1780030702	1	51357
1780030702	2	50647
1780030702	3	50901
1780030702	4	50741
1780030702	5	51077
1780030702	6	50705
1780030702	7	50743
1780030708	0	50721
1780030708	1	51357
1780030708	2	50647
1780030708	3	50901
1780030708	4	50741
1780030708	5	51077
1780030708	6	50705
1780030708	7	50743
1780030713	0	50721
1780030713	1	51357
1780030713	2	50647
1780030713	3	50901
1780030713	4	50741
1780030713	5	51077
1780030713	6	50705
1780030713	7	50743
1780030718	0	50721
1780030718	1	51357
1780030718	2	50647
1780030718	3	50901
1780030718	4	50741
1780030718	5	51077
1780030718	6	50705
1780030718	7	50743
1780030724	0	50721
1780030724	1	51357
1780030724	2	50647
1780030724	3	50901
1780030724	4	50741
1780030724	5	51077
1780030724	6	50705
1780030724	7	50743
1780030729	0	50721
1780030729	1	51357
1780030729	2	50647
1780030729	3	50901
1780030729	4	50741
1780030729	5	51077
1780030729	6	50705
1780030729	7	50743
1780030734	0	50721
1780030734	1	51357
1780030734	2	50647
1780030734	3	50901
1780030734	4	50741
1780030734	5	51217
1780030734	6	50705
1780030734	7	50743
1780030739	0	50721
1780030739	1	51357
1780030739	2	50647
1780030739	3	50901
1780030739	4	50741
1780030739	5	51217
1780030739	6	50705
1780030739	7	50743
1780030745	0	50721
1780030745	1	51357
1780030745	2	50647
1780030745	3	50901
1780030745	4	50741
1780030745	5	51217
1780030745	6	50705
1780030745	7	50743
1780030750	0	50721
1780030750	1	51357
1780030750	2	50647
1780030750	3	50901
1780030750	4	50741
1780030750	5	51217
1780030750	6	50705
1780030750	7	50743
1780030755	0	50721
1780030755	1	51357
1780030755	2	50647
1780030755	3	50901
1780030755	4	50741
1780030755	5	51217
1780030755	6	50705
1780030755	7	50743
1780030761	0	50721
1780030761	1	51357
1780030761	2	50647
1780030761	3	50901
1780030761	4	50741
1780030761	5	51217
1780030761	6	50705
1780030761	7	50743
1780030766	0	50721
1780030766	1	51357
1780030766	2	50647
1780030766	3	50901
1780030766	4	50741
1780030766	5	51217
1780030766	6	50705
1780030766	7	50743
1780030771	0	50721
1780030771	1	51357
1780030771	2	50647
1780030771	3	50901
1780030771	4	50741
1780030771	5	51217
1780030771	6	50705
1780030771	7	50743
1780030777	0	50721
1780030777	1	51357
1780030777	2	50647
1780030777	3	50901
1780030777	4	50741
1780030777	5	51217
1780030777	6	50705
1780030777	7	50743
1780030782	0	50721
1780030782	1	51357
1780030782	2	50647
1780030782	3	50901
1780030782	4	50741
1780030782	5	51217
1780030782	6	50705
1780030782	7	50743
1780030787	0	50721
1780030787	1	51357
1780030787	2	50647
1780030787	3	50901
1780030787	4	50741
1780030787	5	51217
1780030787	6	50705
1780030787	7	50743
1780030792	0	50721
1780030792	1	51357
1780030792	2	50647
1780030792	3	50901
1780030792	4	50741
1780030792	5	51217
1780030792	6	50705
1780030792	7	50743
1780030798	0	50721
1780030798	1	51357
1780030798	2	50647
1780030798	3	50901
1780030798	4	50741
1780030798	5	51217
1780030798	6	50705
1780030798	7	50743
1780030803	0	50721
1780030803	1	51357
1780030803	2	50647
1780030803	3	50901
1780030803	4	50741
1780030803	5	51217
1780030803	6	50705
1780030803	7	50743
1780030808	0	50721
1780030808	1	51357
1780030808	2	50647
1780030808	3	50901
1780030808	4	50741
1780030808	5	51217
1780030808	6	50705
1780030808	7	50743
1780030814	0	50721
1780030814	1	51357
1780030814	2	50647
1780030814	3	50901
1780030814	4	50741
1780030814	5	51217
1780030814	6	50705
1780030814	7	50743
1780030819	0	50721
1780030819	1	51357
1780030819	2	50647
1780030819	3	50901
1780030819	4	50741
1780030819	5	51217
1780030819	6	50705
1780030819	7	50743
1780030824	0	50721
1780030824	1	51357
1780030824	2	50647
1780030824	3	50901
1780030824	4	50741
1780030824	5	51217
1780030824	6	50705
1780030824	7	50743
1780030830	0	50721
1780030830	1	51357
1780030830	2	50647
1780030830	3	50901
1780030830	4	50741
1780030830	5	51217
1780030830	6	50705
1780030830	7	50743
1780030835	0	50721
1780030835	1	51357
1780030835	2	50647
1780030835	3	50901
1780030835	4	50741
1780030835	5	51217
1780030835	6	50705
1780030835	7	50743
1780030840	0	50721
1780030840	1	51357
1780030840	2	50647
1780030840	3	50901
1780030840	4	50741
1780030840	5	51217
1780030840	6	50705
1780030840	7	50743
1780030846	0	50721
1780030846	1	51357
1780030846	2	50647
1780030846	3	50901
1780030846	4	50741
1780030846	5	51217
1780030846	6	50705
1780030846	7	50743
1780030851	0	50721
1780030851	1	51357
1780030851	2	50647
1780030851	3	50901
1780030851	4	50741
1780030851	5	51217
1780030851	6	50705
1780030851	7	50743
1780030856	0	50721
1780030856	1	51357
1780030856	2	50647
1780030856	3	50901
1780030856	4	50741
1780030856	5	51217
1780030856	6	50705
1780030856	7	50743
1780030861	0	50721
1780030861	1	51357
1780030861	2	50647
1780030861	3	50901
1780030861	4	50741
1780030861	5	51217
1780030861	6	50705
1780030861	7	50743
1780030867	0	50721
1780030867	1	51357
1780030867	2	50647
1780030867	3	50901
1780030867	4	50741
1780030867	5	51217
1780030867	6	50705
1780030867	7	50743
1780030872	0	50721
1780030872	1	51357
1780030872	2	50647
1780030872	3	50901
1780030872	4	50741
1780030872	5	51217
1780030872	6	50705
1780030872	7	50743
1780030877	0	50721
1780030877	1	51357
1780030877	2	50647
1780030877	3	50901
1780030877	4	50741
1780030877	5	51217
1780030877	6	50705
1780030877	7	50743
1780030883	0	50721
1780030883	1	51357
1780030883	2	50647
1780030883	3	50901
1780030883	4	50741
1780030883	5	51217
1780030883	6	50705
1780030883	7	50743
1780030888	0	50721
1780030888	1	51357
1780030888	2	50647
1780030888	3	50901
1780030888	4	50741
1780030888	5	51217
1780030888	6	50705
1780030888	7	50743
1780030893	0	50721
1780030893	1	51357
1780030893	2	50647
1780030893	3	50901
1780030893	4	50741
1780030893	5	51217
1780030893	6	50705
1780030893	7	50743
1780030899	0	50721
1780030899	1	51357
1780030899	2	50647
1780030899	3	50901
1780030899	4	50741
1780030899	5	51217
1780030899	6	50705
1780030899	7	50743
1780030904	0	50721
1780030904	1	51357
1780030904	2	50647
1780030904	3	50901
1780030904	4	50741
1780030904	5	51217
1780030904	6	50705
1780030904	7	50743
1780030909	0	50721
1780030909	1	51357
1780030909	2	50647
1780030909	3	50901
1780030909	4	50741
1780030909	5	51217
1780030909	6	50705
1780030909	7	50743
1780030915	0	50721
1780030915	1	51357
1780030915	2	50647
1780030915	3	50901
1780030915	4	50741
1780030915	5	51217
1780030915	6	50705
1780030915	7	50743
1780030920	0	50721
1780030920	1	51357
1780030920	2	50647
1780030920	3	50901
1780030920	4	50741
1780030920	5	51217
1780030920	6	50705
1780030920	7	50743
1780030926	0	50721
1780030926	1	51357
1780030926	2	50647
1780030926	3	50901
1780030926	4	50741
1780030926	5	51217
1780030926	6	50705
1780030926	7	50743
1780030931	0	50721
1780030931	1	51357
1780030931	2	50647
1780030931	3	50901
1780030931	4	50741
1780030931	5	51217
1780030931	6	50705
1780030931	7	50743
1780030936	0	50721
1780030936	1	51357
1780030936	2	50647
1780030936	3	50901
1780030936	4	50741
1780030936	5	51217
1780030936	6	50705
1780030936	7	50743
1780030941	0	50721
1780030941	1	51357
1780030941	2	50647
1780030941	3	50901
1780030941	4	50741
1780030941	5	51217
1780030941	6	50705
1780030941	7	50743
1780030947	0	50721
1780030947	1	51357
1780030947	2	50647
1780030947	3	50901
1780030947	4	50741
1780030947	5	51217
1780030947	6	50705
1780030947	7	50743
1780030952	0	50721
1780030952	1	51357
1780030952	2	50647
1780030952	3	50901
1780030952	4	50741
1780030952	5	51217
1780030952	6	50705
1780030952	7	50743
1780030957	0	50721
1780030957	1	51357
1780030957	2	50647
1780030957	3	50901
1780030957	4	50741
1780030957	5	51217
1780030957	6	50705
1780030957	7	50743
1780030963	0	50721
1780030963	1	51357
1780030963	2	50647
1780030963	3	50901
1780030963	4	50741
1780030963	5	51217
1780030963	6	50705
1780030963	7	50743
1780030968	0	50721
1780030968	1	51357
1780030968	2	50647
1780030968	3	50901
1780030968	4	50741
1780030968	5	51217
1780030968	6	50705
1780030968	7	50743
1780030973	0	50721
1780030973	1	51357
1780030973	2	50647
1780030973	3	50901
1780030973	4	50741
1780030973	5	51217
1780030973	6	50705
1780030973	7	50743
1780030979	0	50721
1780030979	1	51357
1780030979	2	50647
1780030979	3	50901
1780030979	4	50741
1780030979	5	51217
1780030979	6	50705
1780030979	7	50743
1780030984	0	50721
1780030984	1	51357
1780030984	2	50647
1780030984	3	50901
1780030984	4	50741
1780030984	5	51217
1780030984	6	50705
1780030984	7	50743
1780030989	0	50721
1780030989	1	51357
1780030989	2	50647
1780030989	3	50901
1780030989	4	50741
1780030989	5	51217
1780030989	6	50705
1780030989	7	50743
1780030995	0	50721
1780030995	1	51357
1780030995	2	50647
1780030995	3	50901
1780030995	4	50741
1780030995	5	51217
1780030995	6	50705
1780030995	7	50743
1780031000	0	50721
1780031000	1	51357
1780031000	2	50647
1780031000	3	50901
1780031000	4	50741
1780031000	5	51217
1780031000	6	50705
1780031000	7	50743
1780031005	0	50721
1780031005	1	51357
1780031005	2	50647
1780031005	3	50901
1780031005	4	50741
1780031005	5	51217
1780031005	6	50705
1780031005	7	50743
1780031010	0	50721
1780031010	1	51357
1780031010	2	50647
1780031010	3	50901
1780031010	4	50741
1780031010	5	51217
1780031010	6	50705
1780031010	7	50743
1780031016	0	50721
1780031016	1	51357
1780031016	2	50647
1780031016	3	50901
1780031016	4	50741
1780031016	5	51217
1780031016	6	50705
1780031016	7	50743
1780031021	0	50721
1780031021	1	51357
1780031021	2	50647
1780031021	3	50901
1780031021	4	50741
1780031021	5	51217
1780031021	6	50705
1780031021	7	50743
1780031027	0	50721
1780031027	1	51357
1780031027	2	50647
1780031027	3	50901
1780031027	4	50741
1780031027	5	51217
1780031027	6	50705
1780031027	7	50743
1780031032	0	50721
1780031032	1	51357
1780031032	2	50647
1780031032	3	50901
1780031032	4	50741
1780031032	5	51217
1780031032	6	50705
1780031032	7	50743
1780031037	0	50721
1780031037	1	51357
1780031037	2	50647
1780031037	3	50901
1780031037	4	50741
1780031037	5	51217
1780031037	6	50705
1780031037	7	50743
1780031043	0	50721
1780031043	1	51357
1780031043	2	50647
1780031043	3	50901
1780031043	4	50741
1780031043	5	51217
1780031043	6	50705
1780031043	7	50743
1780031048	0	50721
1780031048	1	51357
1780031048	2	50647
1780031048	3	50901
1780031048	4	50741
1780031048	5	51217
1780031048	6	50705
1780031048	7	50743
1780031053	0	50721
1780031053	1	51357
1780031053	2	50647
1780031053	3	50901
1780031053	4	50741
1780031053	5	51217
1780031053	6	50705
1780031053	7	50743
1780031059	0	50721
1780031059	1	51357
1780031059	2	50647
1780031059	3	50901
1780031059	4	50741
1780031059	5	51217
1780031059	6	50705
1780031059	7	50743
1780031064	0	50721
1780031064	1	51357
1780031064	2	50647
1780031064	3	50901
1780031064	4	50741
1780031064	5	51217
1780031064	6	50705
1780031064	7	50743
1780031069	0	50721
1780031069	1	51357
1780031069	2	50647
1780031069	3	50901
1780031069	4	50741
1780031069	5	51217
1780031069	6	50705
1780031069	7	50743
1780031074	0	50721
1780031074	1	51357
1780031074	2	50647
1780031074	3	50901
1780031074	4	50741
1780031074	5	51217
1780031074	6	50705
1780031074	7	50743
1780031080	0	50721
1780031080	1	51357
1780031080	2	50647
1780031080	3	50901
1780031080	4	50741
1780031080	5	51217
1780031080	6	50705
1780031080	7	50743
1780031085	0	50721
1780031085	1	51357
1780031085	2	50647
1780031085	3	50901
1780031085	4	50741
1780031085	5	51217
1780031085	6	50705
1780031085	7	50743
1780031090	0	50721
1780031090	1	51357
1780031090	2	50647
1780031090	3	50901
1780031090	4	50741
1780031090	5	51217
1780031090	6	50705
1780031090	7	50743
1780031096	0	50721
1780031096	1	51357
1780031096	2	50647
1780031096	3	50901
1780031096	4	50741
1780031096	5	51217
1780031096	6	50705
1780031096	7	50743
1780031101	0	50721
1780031101	1	51357
1780031101	2	50647
1780031101	3	50901
1780031101	4	50741
1780031101	5	51217
1780031101	6	50705
1780031101	7	50743
1780031106	0	50721
1780031106	1	51357
1780031106	2	50647
1780031106	3	50901
1780031106	4	50741
1780031106	5	51217
1780031106	6	50705
1780031106	7	50743
1780031112	0	50721
1780031112	1	51357
1780031112	2	50647
1780031112	3	50901
1780031112	4	50741
1780031112	5	51217
1780031112	6	50705
1780031112	7	50743
1780031117	0	50721
1780031117	1	51357
1780031117	2	50647
1780031117	3	50901
1780031117	4	50741
1780031117	5	51217
1780031117	6	50705
1780031117	7	50743
1780031122	0	50721
1780031122	1	51357
1780031122	2	50647
1780031122	3	50901
1780031122	4	50741
1780031122	5	51217
1780031122	6	50705
1780031122	7	50743
1780031127	0	50721
1780031127	1	51357
1780031127	2	50647
1780031127	3	50901
1780031127	4	50741
1780031127	5	51217
1780031127	6	50705
1780031127	7	50743
1780031133	0	50721
1780031133	1	51357
1780031133	2	50647
1780031133	3	50901
1780031133	4	50741
1780031133	5	51217
1780031133	6	50705
1780031133	7	50743
1780031138	0	50721
1780031138	1	51357
1780031138	2	50647
1780031138	3	50901
1780031138	4	50741
1780031138	5	51217
1780031138	6	50705
1780031138	7	50743
1780031143	0	50721
1780031143	1	51357
1780031143	2	50647
1780031143	3	50901
1780031143	4	50741
1780031143	5	51217
1780031143	6	50705
1780031143	7	50743
1780031149	0	50721
1780031149	1	51357
1780031149	2	50647
1780031149	3	50901
1780031149	4	50741
1780031149	5	51217
1780031149	6	50705
1780031149	7	50743
1780031154	0	50721
1780031154	1	51357
1780031154	2	50647
1780031154	3	50901
1780031154	4	50741
1780031154	5	51217
1780031154	6	50705
1780031154	7	50743
1780031159	0	50721
1780031159	1	51357
1780031159	2	50647
1780031159	3	50901
1780031159	4	50741
1780031159	5	51217
1780031159	6	50705
1780031159	7	50743
1780031165	0	50721
1780031165	1	51357
1780031165	2	50647
1780031165	3	50901
1780031165	4	50741
1780031165	5	51217
1780031165	6	50705
1780031165	7	50743
1780031170	0	50721
1780031170	1	51357
1780031170	2	50647
1780031170	3	50901
1780031170	4	50741
1780031170	5	51217
1780031170	6	50705
1780031170	7	50743
1780031175	0	50721
1780031175	1	51357
1780031175	2	50647
1780031175	3	50901
1780031175	4	50741
1780031175	5	51217
1780031175	6	50705
1780031175	7	50743
1780031181	0	50721
1780031181	1	51357
1780031181	2	50647
1780031181	3	50901
1780031181	4	50741
1780031181	5	51217
1780031181	6	50705
1780031181	7	50743
1780031186	0	50721
1780031186	1	51357
1780031186	2	50647
1780031186	3	50901
1780031186	4	50741
1780031186	5	51217
1780031186	6	50705
1780031186	7	50743
1780031191	0	50721
1780031191	1	51357
1780031191	2	50647
1780031191	3	50901
1780031191	4	50741
1780031191	5	51217
1780031191	6	50705
1780031191	7	50743
1780031197	0	50721
1780031197	1	51357
1780031197	2	50647
1780031197	3	50901
1780031197	4	50741
1780031197	5	51217
1780031197	6	50705
1780031197	7	50743
1780031202	0	50721
1780031202	1	51357
1780031202	2	50647
1780031202	3	50901
1780031202	4	50741
1780031202	5	51217
1780031202	6	50705
1780031202	7	50743
1780031207	0	50721
1780031207	1	51357
1780031207	2	50647
1780031207	3	50901
1780031207	4	50741
1780031207	5	51217
1780031207	6	50705
1780031207	7	50743
1780031212	0	50721
1780031212	1	51357
1780031212	2	50647
1780031212	3	50901
1780031212	4	50741
1780031212	5	51217
1780031212	6	50705
1780031212	7	50743
1780031218	0	50721
1780031218	1	51357
1780031218	2	50647
1780031218	3	50901
1780031218	4	50741
1780031218	5	51217
1780031218	6	50705
1780031218	7	50743
1780031223	0	50721
1780031223	1	51357
1780031223	2	50647
1780031223	3	50901
1780031223	4	50741
1780031223	5	51217
1780031223	6	50705
1780031223	7	50743
1780031228	0	50721
1780031228	1	51357
1780031228	2	50647
1780031228	3	50901
1780031228	4	50741
1780031228	5	51217
1780031228	6	50705
1780031228	7	50743
1780031234	0	50721
1780031234	1	51357
1780031234	2	50647
1780031234	3	50901
1780031234	4	50741
1780031234	5	51217
1780031234	6	50705
1780031234	7	50743
1780031239	0	50721
1780031239	1	51357
1780031239	2	50647
1780031239	3	50901
1780031239	4	50741
1780031239	5	51217
1780031239	6	50705
1780031239	7	50743
1780031244	0	50721
1780031244	1	51357
1780031244	2	50647
1780031244	3	50901
1780031244	4	50741
1780031244	5	51217
1780031244	6	50705
1780031244	7	50743
1780031250	0	50721
1780031250	1	51357
1780031250	2	50647
1780031250	3	50901
1780031250	4	50741
1780031250	5	51217
1780031250	6	50705
1780031250	7	50743
1780031255	0	50721
1780031255	1	51357
1780031255	2	50647
1780031255	3	50901
1780031255	4	50741
1780031255	5	51217
1780031255	6	50705
1780031255	7	50743
1780031260	0	50721
1780031260	1	51357
1780031260	2	50647
1780031260	3	50901
1780031260	4	50741
1780031260	5	51217
1780031260	6	50705
1780031260	7	50743
1780031265	0	50721
1780031265	1	51357
1780031265	2	50647
1780031265	3	50901
1780031265	4	50741
1780031265	5	51217
1780031265	6	50705
1780031265	7	50743
1780031271	0	50721
1780031271	1	51357
1780031271	2	50647
1780031271	3	50901
1780031271	4	50741
1780031271	5	51217
1780031271	6	50705
1780031271	7	50743
1780031276	0	50721
1780031276	1	51357
1780031276	2	50647
1780031276	3	50901
1780031276	4	50741
1780031276	5	51217
1780031276	6	50705
1780031276	7	50743
1780031281	0	50721
1780031281	1	51357
1780031281	2	50647
1780031281	3	50901
1780031281	4	50741
1780031281	5	51217
1780031281	6	50705
1780031281	7	50743
1780031287	0	50721
1780031287	1	51357
1780031287	2	50647
1780031287	3	50901
1780031287	4	50741
1780031287	5	51217
1780031287	6	50705
1780031287	7	50743
1780031292	0	50721
1780031292	1	51357
1780031292	2	50647
1780031292	3	50901
1780031292	4	50741
1780031292	5	51217
1780031292	6	50705
1780031292	7	50743
1780031297	0	50721
1780031297	1	51357
1780031297	2	50647
1780031297	3	50901
1780031297	4	50741
1780031297	5	51217
1780031297	6	50705
1780031297	7	50743
1780031303	0	50721
1780031303	1	51357
1780031303	2	50647
1780031303	3	50901
1780031303	4	50741
1780031303	5	51217
1780031303	6	50705
1780031303	7	50743
1780031308	0	50721
1780031308	1	51357
1780031308	2	50647
1780031308	3	50901
1780031308	4	50741
1780031308	5	51217
1780031308	6	50705
1780031308	7	50743
1780031313	0	50721
1780031313	1	51357
1780031313	2	50647
1780031313	3	50901
1780031313	4	50741
1780031313	5	51217
1780031313	6	50705
1780031313	7	50743
1780031318	0	50721
1780031318	1	51357
1780031318	2	50647
1780031318	3	50901
1780031318	4	50741
1780031318	5	51217
1780031318	6	50705
1780031318	7	50743
1780031324	0	50721
1780031324	1	51357
1780031324	2	50647
1780031324	3	50901
1780031324	4	50741
1780031324	5	51217
1780031324	6	50705
1780031324	7	50743
1780031329	0	50721
1780031329	1	51357
1780031329	2	50647
1780031329	3	50901
1780031329	4	50741
1780031329	5	51217
1780031329	6	50705
1780031329	7	50743
1780031335	0	50721
1780031335	1	51357
1780031335	2	50647
1780031335	3	50901
1780031335	4	50741
1780031335	5	51217
1780031335	6	50705
1780031335	7	50743
1780031340	0	50721
1780031340	1	51357
1780031340	2	50647
1780031340	3	50901
1780031340	4	50741
1780031340	5	51217
1780031340	6	50705
1780031340	7	50743
1780031345	0	50721
1780031345	1	51357
1780031345	2	50647
1780031345	3	50901
1780031345	4	50741
1780031345	5	51217
1780031345	6	50705
1780031345	7	50743
1780031350	0	50721
1780031350	1	51357
1780031350	2	50647
1780031350	3	50901
1780031350	4	50741
1780031350	5	51217
1780031350	6	50705
1780031350	7	50743
1780031356	0	50721
1780031356	1	51357
1780031356	2	50647
1780031356	3	50901
1780031356	4	50741
1780031356	5	51217
1780031356	6	50705
1780031356	7	50743
1780031361	0	50721
1780031361	1	51357
1780031361	2	50647
1780031361	3	50901
1780031361	4	50741
1780031361	5	51217
1780031361	6	50705
1780031361	7	50743
1780031366	0	50721
1780031366	1	51357
1780031366	2	50647
1780031366	3	50901
1780031366	4	50741
1780031366	5	51217
1780031366	6	50705
1780031366	7	50743
1780031372	0	50721
1780031372	1	51357
1780031372	2	50647
1780031372	3	50901
1780031372	4	50741
1780031372	5	51217
1780031372	6	50705
1780031372	7	50743
1780031377	0	50721
1780031377	1	51357
1780031377	2	50647
1780031377	3	50901
1780031377	4	50741
1780031377	5	51217
1780031377	6	50705
1780031377	7	50743
1780031382	0	50721
1780031382	1	51357
1780031382	2	50647
1780031382	3	50901
1780031382	4	50741
1780031382	5	51217
1780031382	6	50705
1780031382	7	50743
1780031388	0	50721
1780031388	1	51357
1780031388	2	50647
1780031388	3	50901
1780031388	4	50741
1780031388	5	51217
1780031388	6	50705
1780031388	7	50743
1780031393	0	50721
1780031393	1	51357
1780031393	2	50647
1780031393	3	50901
1780031393	4	50741
1780031393	5	51217
1780031393	6	50705
1780031393	7	50743
1780031398	0	50721
1780031398	1	51357
1780031398	2	50647
1780031398	3	50901
1780031398	4	50741
1780031398	5	51217
1780031398	6	50705
1780031398	7	50743
1780031403	0	50721
1780031403	1	51357
1780031403	2	50647
1780031403	3	50901
1780031403	4	50741
1780031403	5	51217
1780031403	6	50705
1780031403	7	50743
1780031409	0	50721
1780031409	1	51357
1780031409	2	50647
1780031409	3	50901
1780031409	4	50741
1780031409	5	51217
1780031409	6	50705
1780031409	7	50743
1780031414	0	50721
1780031414	1	51357
1780031414	2	50647
1780031414	3	50901
1780031414	4	50741
1780031414	5	51217
1780031414	6	50705
1780031414	7	50743
1780031419	0	50721
1780031419	1	51357
1780031419	2	50647
1780031419	3	50901
1780031419	4	50741
1780031419	5	51217
1780031419	6	50705
1780031419	7	50743
1780031425	0	50721
1780031425	1	51357
1780031425	2	50647
1780031425	3	50901
1780031425	4	50741
1780031425	5	51217
1780031425	6	50705
1780031425	7	50743
1780031430	0	50721
1780031430	1	51357
1780031430	2	50647
1780031430	3	50901
1780031430	4	50741
1780031430	5	51217
1780031430	6	50705
1780031430	7	50743
1780031435	0	50721
1780031435	1	51357
1780031435	2	50647
1780031435	3	50901
1780031435	4	50741
1780031435	5	51217
1780031435	6	50705
1780031435	7	50743
1780031440	0	50721
1780031440	1	51357
1780031440	2	50647
1780031440	3	50901
1780031440	4	50741
1780031440	5	51217
1780031440	6	50705
1780031440	7	50743
1780031446	0	50721
1780031446	1	51357
1780031446	2	50647
1780031446	3	50901
1780031446	4	50741
1780031446	5	51217
1780031446	6	50705
1780031446	7	50743
1780031451	0	50721
1780031451	1	51357
1780031451	2	50647
1780031451	3	50901
1780031451	4	50741
1780031451	5	51217
1780031451	6	50705
1780031451	7	50743
1780031456	0	50721
1780031456	1	51357
1780031456	2	50647
1780031456	3	50901
1780031456	4	50741
1780031456	5	51217
1780031456	6	50705
1780031456	7	50743
1780031462	0	50721
1780031462	1	51357
1780031462	2	50647
1780031462	3	50901
1780031462	4	50741
1780031462	5	51217
1780031462	6	50705
1780031462	7	50743
1780031467	0	50721
1780031467	1	51357
1780031467	2	50647
1780031467	3	50901
1780031467	4	50741
1780031467	5	51217
1780031467	6	50705
1780031467	7	50743
1780031472	0	50721
1780031472	1	51357
1780031472	2	50647
1780031472	3	50901
1780031472	4	50741
1780031472	5	51217
1780031472	6	50705
1780031472	7	50743
1780031478	0	50721
1780031478	1	51357
1780031478	2	50647
1780031478	3	50901
1780031478	4	50741
1780031478	5	51217
1780031478	6	50705
1780031478	7	50743
1780031483	0	50721
1780031483	1	51357
1780031483	2	50647
1780031483	3	50901
1780031483	4	50741
1780031483	5	51217
1780031483	6	50705
1780031483	7	50743
1780031488	0	50721
1780031488	1	51357
1780031488	2	50647
1780031488	3	50901
1780031488	4	50741
1780031488	5	51217
1780031488	6	50705
1780031488	7	50743
1780031493	0	50721
1780031493	1	51357
1780031493	2	50647
1780031493	3	50901
1780031493	4	50741
1780031493	5	51217
1780031493	6	50705
1780031493	7	50743
1780031499	0	50721
1780031499	1	51357
1780031499	2	50647
1780031499	3	50901
1780031499	4	50741
1780031499	5	51217
1780031499	6	50705
1780031499	7	50743
1780031504	0	50721
1780031504	1	51357
1780031504	2	50647
1780031504	3	50901
1780031504	4	50741
1780031504	5	51217
1780031504	6	50705
1780031504	7	50743
1780031509	0	50721
1780031509	1	51357
1780031509	2	50647
1780031509	3	50901
1780031509	4	50741
1780031509	5	51217
1780031509	6	50705
1780031509	7	50743
1780031515	0	50721
1780031515	1	51357
1780031515	2	50647
1780031515	3	50901
1780031515	4	50741
1780031515	5	51217
1780031515	6	50705
1780031515	7	50743
1780031520	0	50721
1780031520	1	51357
1780031520	2	50647
1780031520	3	50901
1780031520	4	50741
1780031520	5	51217
1780031520	6	50705
1780031520	7	50743
1780031525	0	50721
1780031525	1	51357
1780031525	2	50647
1780031525	3	50901
1780031525	4	50741
1780031525	5	51217
1780031525	6	50705
1780031525	7	50743
1780031531	0	50721
1780031531	1	51357
1780031531	2	50647
1780031531	3	50901
1780031531	4	50741
1780031531	5	51217
1780031531	6	50705
1780031531	7	50743
1780031536	0	50721
1780031536	1	51357
1780031536	2	50647
1780031536	3	50901
1780031536	4	50741
1780031536	5	51217
1780031536	6	50705
1780031536	7	50743
1780031541	0	50721
1780031541	1	51357
1780031541	2	50647
1780031541	3	50901
1780031541	4	50741
1780031541	5	51217
1780031541	6	50705
1780031541	7	50743
1780031546	0	50721
1780031546	1	51357
1780031546	2	50647
1780031546	3	50901
1780031546	4	50741
1780031546	5	51217
1780031546	6	50705
1780031546	7	50743
1780031552	0	50721
1780031552	1	51357
1780031552	2	50647
1780031552	3	50901
1780031552	4	50741
1780031552	5	51217
1780031552	6	50705
1780031552	7	50743
1780031557	0	50721
1780031557	1	51357
1780031557	2	50647
1780031557	3	50901
1780031557	4	50741
1780031557	5	51217
1780031557	6	50705
1780031557	7	50743
1780031562	0	50721
1780031562	1	51357
1780031562	2	50647
1780031562	3	50901
1780031562	4	50741
1780031562	5	51217
1780031562	6	50705
1780031562	7	50743
1780031568	0	50721
1780031568	1	51357
1780031568	2	50647
1780031568	3	50901
1780031568	4	50741
1780031568	5	51217
1780031568	6	50705
1780031568	7	50743
1780031573	0	50721
1780031573	1	51357
1780031573	2	50647
1780031573	3	50901
1780031573	4	50741
1780031573	5	51217
1780031573	6	50705
1780031573	7	50743
1780031578	0	50721
1780031578	1	51357
1780031578	2	50647
1780031578	3	50901
1780031578	4	50741
1780031578	5	51217
1780031578	6	50705
1780031578	7	50743
1780031584	0	50721
1780031584	1	51357
1780031584	2	50647
1780031584	3	50901
1780031584	4	50741
1780031584	5	51217
1780031584	6	50705
1780031584	7	50743
1780031589	0	50721
1780031589	1	51357
1780031589	2	50647
1780031589	3	50901
1780031589	4	50741
1780031589	5	51217
1780031589	6	50705
1780031589	7	50743
1780031594	0	50721
1780031594	1	51357
1780031594	2	50647
1780031594	3	50901
1780031594	4	50741
1780031594	5	51217
1780031594	6	50705
1780031594	7	50743
1780031599	0	50721
1780031599	1	51357
1780031599	2	50647
1780031599	3	50901
1780031599	4	50741
1780031599	5	51217
1780031599	6	50705
1780031599	7	50743
1780031605	0	50721
1780031605	1	51357
1780031605	2	50647
1780031605	3	50901
1780031605	4	50741
1780031605	5	51217
1780031605	6	50705
1780031605	7	50743
1780031610	0	50721
1780031610	1	51357
1780031610	2	50647
1780031610	3	50901
1780031610	4	50741
1780031610	5	51217
1780031610	6	50705
1780031610	7	50743
1780031615	0	50721
1780031615	1	51357
1780031615	2	50647
1780031615	3	50901
1780031615	4	50741
1780031615	5	51217
1780031615	6	50705
1780031615	7	50743
1780031621	0	50721
1780031621	1	51357
1780031621	2	50647
1780031621	3	50901
1780031621	4	50741
1780031621	5	51217
1780031621	6	50705
1780031621	7	50743
1780031626	0	50721
1780031626	1	51357
1780031626	2	50647
1780031626	3	50901
1780031626	4	50741
1780031626	5	51217
1780031626	6	50705
1780031626	7	50743
1780031631	0	50721
1780031631	1	51357
1780031631	2	50647
1780031631	3	50901
1780031631	4	50741
1780031631	5	51217
1780031631	6	50705
1780031631	7	50743
1780031637	0	50721
1780031637	1	51357
1780031637	2	50647
1780031637	3	50901
1780031637	4	50741
1780031637	5	51217
1780031637	6	50705
1780031637	7	50743
1780031642	0	50721
1780031642	1	51357
1780031642	2	50647
1780031642	3	50901
1780031642	4	50741
1780031642	5	51217
1780031642	6	50705
1780031642	7	50743
1780031647	0	50721
1780031647	1	51357
1780031647	2	50647
1780031647	3	50901
1780031647	4	50741
1780031647	5	51217
1780031647	6	50705
1780031647	7	50743
1780031653	0	50721
1780031653	1	51357
1780031653	2	50647
1780031653	3	50901
1780031653	4	50741
1780031653	5	51217
1780031653	6	50705
1780031653	7	50743
1780031658	0	50721
1780031658	1	51357
1780031658	2	50647
1780031658	3	50901
1780031658	4	50741
1780031658	5	51217
1780031658	6	50705
1780031658	7	50743
1780031663	0	50721
1780031663	1	51357
1780031663	2	50647
1780031663	3	50901
1780031663	4	50741
1780031663	5	51217
1780031663	6	50705
1780031663	7	50743
1780031669	0	50721
1780031669	1	51357
1780031669	2	50647
1780031669	3	50901
1780031669	4	50741
1780031669	5	51217
1780031669	6	50705
1780031669	7	50743
1780031674	0	50721
1780031674	1	51357
1780031674	2	50647
1780031674	3	50901
1780031674	4	50741
1780031674	5	51217
1780031674	6	50705
1780031674	7	50743
1780031679	0	50721
1780031679	1	51357
1780031679	2	50647
1780031679	3	50901
1780031679	4	50741
1780031679	5	51217
1780031679	6	50705
1780031679	7	50743
1780031684	0	50721
1780031684	1	51357
1780031684	2	50647
1780031684	3	50901
1780031684	4	50741
1780031684	5	51217
1780031684	6	50705
1780031684	7	50743
1780031690	0	50721
1780031690	1	51357
1780031690	2	50647
1780031690	3	50901
1780031690	4	50741
1780031690	5	51217
1780031690	6	50705
1780031690	7	50743
1780031695	0	50721
1780031695	1	51357
1780031695	2	50647
1780031695	3	50901
1780031695	4	50741
1780031695	5	51217
1780031695	6	50705
1780031695	7	50743
1780031700	0	50721
1780031700	1	51357
1780031700	2	50647
1780031700	3	50901
1780031700	4	50741
1780031700	5	51217
1780031700	6	50705
1780031700	7	50743
1780031706	0	50721
1780031706	1	51357
1780031706	2	50647
1780031706	3	50901
1780031706	4	50741
1780031706	5	51217
1780031706	6	50705
1780031706	7	50743
1780031711	0	50721
1780031711	1	51357
1780031711	2	50647
1780031711	3	50901
1780031711	4	50741
1780031711	5	51217
1780031711	6	50705
1780031711	7	50743
1780031716	0	50721
1780031716	1	51357
1780031716	2	50647
1780031716	3	50901
1780031716	4	50741
1780031716	5	51217
1780031716	6	50705
1780031716	7	50743
1780031722	0	50721
1780031722	1	51357
1780031722	2	50647
1780031722	3	50901
1780031722	4	50741
1780031722	5	51217
1780031722	6	50705
1780031722	7	50743
1780031727	0	50721
1780031727	1	51357
1780031727	2	50647
1780031727	3	50901
1780031727	4	50741
1780031727	5	51217
1780031727	6	50705
1780031727	7	50743
1780031732	0	50721
1780031732	1	51357
1780031732	2	50647
1780031732	3	50901
1780031732	4	50741
1780031732	5	51217
1780031732	6	50705
1780031732	7	50743
1780031737	0	50721
1780031737	1	51357
1780031737	2	50647
1780031737	3	50901
1780031737	4	50741
1780031737	5	51217
1780031737	6	50705
1780031737	7	50743
1780031743	0	50721
1780031743	1	51357
1780031743	2	50647
1780031743	3	50901
1780031743	4	50741
1780031743	5	51217
1780031743	6	50705
1780031743	7	50743
1780031748	0	50721
1780031748	1	51357
1780031748	2	50647
1780031748	3	50901
1780031748	4	50741
1780031748	5	51217
1780031748	6	50705
1780031748	7	50743
1780031753	0	50721
1780031753	1	51357
1780031753	2	50647
1780031753	3	50901
1780031753	4	50741
1780031753	5	51217
1780031753	6	50705
1780031753	7	50743
1780031759	0	50721
1780031759	1	51357
1780031759	2	50647
1780031759	3	50901
1780031759	4	50741
1780031759	5	51217
1780031759	6	50705
1780031759	7	50743
1780031764	0	50721
1780031764	1	51357
1780031764	2	50647
1780031764	3	50901
1780031764	4	50741
1780031764	5	51217
1780031764	6	50705
1780031764	7	50743
1780031769	0	50721
1780031769	1	51357
1780031769	2	50647
1780031769	3	50901
1780031769	4	50741
1780031769	5	51217
1780031769	6	50705
1780031769	7	50743
1780031775	0	50721
1780031775	1	51357
1780031775	2	50647
1780031775	3	50901
1780031775	4	50741
1780031775	5	51217
1780031775	6	50705
1780031775	7	50743
1780031780	0	50721
1780031780	1	51357
1780031780	2	50647
1780031780	3	50901
1780031780	4	50741
1780031780	5	51217
1780031780	6	50705
1780031780	7	50743
1780031785	0	50721
1780031785	1	51357
1780031785	2	50647
1780031785	3	50901
1780031785	4	50743
1780031785	5	51217
1780031785	6	50705
1780031785	7	50743
1780031790	0	50721
1780031790	1	51357
1780031790	2	50647
1780031790	3	50901
1780031790	4	50743
1780031790	5	51217
1780031790	6	50705
1780031790	7	50743
1780031796	0	50721
1780031796	1	51357
1780031796	2	50647
1780031796	3	50901
1780031796	4	50743
1780031796	5	51217
1780031796	6	50705
1780031796	7	50743
1780031801	0	50721
1780031801	1	51357
1780031801	2	50647
1780031801	3	50901
1780031801	4	50743
1780031801	5	51217
1780031801	6	50705
1780031801	7	50743
1780031806	0	50721
1780031806	1	51357
1780031806	2	50647
1780031806	3	50901
1780031806	4	50743
1780031806	5	51217
1780031806	6	50705
1780031806	7	50743
1780031812	0	50721
1780031812	1	51357
1780031812	2	50647
1780031812	3	50901
1780031812	4	50743
1780031812	5	51217
1780031812	6	50705
1780031812	7	50743
1780031817	0	50721
1780031817	1	51357
1780031817	2	50647
1780031817	3	50901
1780031817	4	50743
1780031817	5	51217
1780031817	6	50705
1780031817	7	50743
1780031822	0	50721
1780031822	1	51357
1780031822	2	50647
1780031822	3	50901
1780031822	4	50743
1780031822	5	51217
1780031822	6	50705
1780031822	7	50743
1780031828	0	50721
1780031828	1	51357
1780031828	2	50647
1780031828	3	50901
1780031828	4	50743
1780031828	5	51217
1780031828	6	50705
1780031828	7	50743
1780031833	0	50721
1780031833	1	51357
1780031833	2	50647
1780031833	3	50901
1780031833	4	50743
1780031833	5	51217
1780031833	6	50705
1780031833	7	50743
1780031838	0	50721
1780031838	1	51357
1780031838	2	50647
1780031838	3	50901
1780031838	4	50743
1780031838	5	51217
1780031838	6	50705
1780031838	7	50743
1780031844	0	50721
1780031844	1	51357
1780031844	2	50647
1780031844	3	50901
1780031844	4	50743
1780031844	5	51217
1780031844	6	50705
1780031844	7	50743
1780031849	0	50721
1780031849	1	51357
1780031849	2	50647
1780031849	3	50901
1780031849	4	50743
1780031849	5	51217
1780031849	6	50705
1780031849	7	50743
1780031854	0	50721
1780031854	1	51357
1780031854	2	50647
1780031854	3	50901
1780031854	4	50743
1780031854	5	51217
1780031854	6	50705
1780031854	7	50743
1780031859	0	50721
1780031859	1	51357
1780031859	2	50647
1780031859	3	50901
1780031859	4	50743
1780031859	5	51217
1780031859	6	50705
1780031859	7	50743
1780031865	0	50721
1780031865	1	51357
1780031865	2	50647
1780031865	3	50901
1780031865	4	50743
1780031865	5	51217
1780031865	6	50705
1780031865	7	50743
1780031870	0	50721
1780031870	1	51357
1780031870	2	50647
1780031870	3	50901
1780031870	4	50743
1780031870	5	51217
1780031870	6	50705
1780031870	7	50743
1780031875	0	50721
1780031875	1	51357
1780031875	2	50647
1780031875	3	50901
1780031875	4	50743
1780031875	5	51217
1780031875	6	50705
1780031875	7	50743
1780031881	0	50721
1780031881	1	51357
1780031881	2	50647
1780031881	3	50901
1780031881	4	50743
1780031881	5	51217
1780031881	6	50705
1780031881	7	50743
1780031886	0	50721
1780031886	1	51357
1780031886	2	50647
1780031886	3	50901
1780031886	4	50743
1780031886	5	51217
1780031886	6	50705
1780031886	7	50743
1780031891	0	50721
1780031891	1	51357
1780031891	2	50647
1780031891	3	50901
1780031891	4	50743
1780031891	5	51217
1780031891	6	50705
1780031891	7	50743
1780031897	0	50721
1780031897	1	51357
1780031897	2	50647
1780031897	3	50901
1780031897	4	50743
1780031897	5	51217
1780031897	6	50705
1780031897	7	50743
1780031902	0	50721
1780031902	1	51357
1780031902	2	50647
1780031902	3	50901
1780031902	4	50743
1780031902	5	51217
1780031902	6	50705
1780031902	7	50743
1780031907	0	50721
1780031907	1	51357
1780031907	2	50647
1780031907	3	50901
1780031907	4	50743
1780031907	5	51217
1780031907	6	50705
1780031907	7	50743
1780031913	0	50721
1780031913	1	51357
1780031913	2	50647
1780031913	3	50901
1780031913	4	50743
1780031913	5	51217
1780031913	6	50705
1780031913	7	50743
1780031918	0	50721
1780031918	1	51357
1780031918	2	50647
1780031918	3	50901
1780031918	4	50743
1780031918	5	51217
1780031918	6	50705
1780031918	7	50743
1780031923	0	50721
1780031923	1	51357
1780031923	2	50647
1780031923	3	50901
1780031923	4	50743
1780031923	5	51217
1780031923	6	50705
1780031923	7	50743
1780031928	0	50721
1780031928	1	51357
1780031928	2	50647
1780031928	3	50901
1780031928	4	50743
1780031928	5	51217
1780031928	6	50705
1780031928	7	50743
1780031934	0	50721
1780031934	1	51357
1780031934	2	50647
1780031934	3	50901
1780031934	4	50743
1780031934	5	51217
1780031934	6	50705
1780031934	7	50743
1780031939	0	50721
1780031939	1	51357
1780031939	2	50647
1780031939	3	50901
1780031939	4	50743
1780031939	5	51217
1780031939	6	50705
1780031939	7	50743
1780031944	0	50721
1780031944	1	51357
1780031944	2	50647
1780031944	3	50901
1780031944	4	50743
1780031944	5	51217
1780031944	6	50705
1780031944	7	50743
1780031950	0	50721
1780031950	1	51357
1780031950	2	50647
1780031950	3	50901
1780031950	4	50743
1780031950	5	51217
1780031950	6	50705
1780031950	7	50743
1780031955	0	50721
1780031955	1	51357
1780031955	2	50647
1780031955	3	50901
1780031955	4	50743
1780031955	5	51217
1780031955	6	50705
1780031955	7	50743
1780031960	0	50721
1780031960	1	51357
1780031960	2	50647
1780031960	3	50901
1780031960	4	50743
1780031960	5	51217
1780031960	6	50705
1780031960	7	50743
1780031966	0	50721
1780031966	1	51357
1780031966	2	50647
1780031966	3	50901
1780031966	4	50743
1780031966	5	51217
1780031966	6	50705
1780031966	7	50743
1780031971	0	50721
1780031971	1	51357
1780031971	2	50647
1780031971	3	50901
1780031971	4	50743
1780031971	5	51217
1780031971	6	50705
1780031971	7	50743
1780031976	0	50721
1780031976	1	51357
1780031976	2	50647
1780031976	3	50901
1780031976	4	50743
1780031976	5	51217
1780031976	6	50705
1780031976	7	50743
1780031982	0	50721
1780031982	1	51357
1780031982	2	50647
1780031982	3	50901
1780031982	4	50743
1780031982	5	51217
1780031982	6	50705
1780031982	7	50743
1780031987	0	50721
1780031987	1	51357
1780031987	2	50647
1780031987	3	50901
1780031987	4	50743
1780031987	5	51217
1780031987	6	50705
1780031987	7	50743
1780031992	0	50721
1780031992	1	51357
1780031992	2	50647
1780031992	3	50901
1780031992	4	50743
1780031992	5	51217
1780031992	6	50705
1780031992	7	50743
1780031998	0	50721
1780031998	1	51357
1780031998	2	50647
1780031998	3	50901
1780031998	4	50743
1780031998	5	51217
1780031998	6	50705
1780031998	7	50743
1780032003	0	50721
1780032003	1	51357
1780032003	2	50647
1780032003	3	50901
1780032003	4	50743
1780032003	5	51217
1780032003	6	50705
1780032003	7	50743
1780032008	0	50721
1780032008	1	51357
1780032008	2	50647
1780032008	3	50901
1780032008	4	50743
1780032008	5	51217
1780032008	6	50705
1780032008	7	50743
1780032014	0	50721
1780032014	1	51357
1780032014	2	50647
1780032014	3	50901
1780032014	4	50743
1780032014	5	51217
1780032014	6	50705
1780032014	7	50743
1780032019	0	50721
1780032019	1	51357
1780032019	2	50647
1780032019	3	50901
1780032019	4	50743
1780032019	5	51217
1780032019	6	50705
1780032019	7	50743
1780032024	0	50721
1780032024	1	51357
1780032024	2	50647
1780032024	3	50901
1780032024	4	50743
1780032024	5	51217
1780032024	6	50705
1780032024	7	50743
1780032030	0	50721
1780032030	1	51357
1780032030	2	50647
1780032030	3	50901
1780032030	4	50743
1780032030	5	51217
1780032030	6	50705
1780032030	7	50743
1780032035	0	50721
1780032035	1	51357
1780032035	2	50647
1780032035	3	50901
1780032035	4	50743
1780032035	5	51217
1780032035	6	50705
1780032035	7	50743
1780032040	0	50721
1780032040	1	51357
1780032040	2	50647
1780032040	3	50901
1780032040	4	50743
1780032040	5	51217
1780032040	6	50705
1780032040	7	50743
1780032046	0	50721
1780032046	1	51357
1780032046	2	50647
1780032046	3	50901
1780032046	4	50743
1780032046	5	51217
1780032046	6	50705
1780032046	7	50743
1780032051	0	50721
1780032051	1	51357
1780032051	2	50647
1780032051	3	50901
1780032051	4	50743
1780032051	5	51217
1780032051	6	50705
1780032051	7	50743
1780032056	0	50721
1780032056	1	51357
1780032056	2	50647
1780032056	3	50901
1780032056	4	50743
1780032056	5	51217
1780032056	6	50705
1780032056	7	50743
1780032061	0	50721
1780032061	1	51357
1780032061	2	50647
1780032061	3	50901
1780032061	4	50743
1780032061	5	51217
1780032061	6	50705
1780032061	7	50743
1780032067	0	50721
1780032067	1	51357
1780032067	2	50647
1780032067	3	50901
1780032067	4	50743
1780032067	5	51217
1780032067	6	50705
1780032067	7	50743
1780032072	0	50721
1780032072	1	51357
1780032072	2	50647
1780032072	3	50901
1780032072	4	50743
1780032072	5	51217
1780032072	6	50705
1780032072	7	50743
1780032077	0	50721
1780032077	1	51357
1780032077	2	50647
1780032077	3	50901
1780032077	4	50743
1780032077	5	51217
1780032077	6	50705
1780032077	7	50743
1780032083	0	50721
1780032083	1	51357
1780032083	2	50647
1780032083	3	50901
1780032083	4	50743
1780032083	5	51217
1780032083	6	50705
1780032083	7	50743
1780032088	0	50721
1780032088	1	51357
1780032088	2	50647
1780032088	3	50901
1780032088	4	50743
1780032088	5	51217
1780032088	6	50705
1780032088	7	50743
1780032094	0	50721
1780032094	1	51357
1780032094	2	50647
1780032094	3	50901
1780032094	4	50743
1780032094	5	51217
1780032094	6	50705
1780032094	7	50743
1780032099	0	50721
1780032099	1	51357
1780032099	2	50647
1780032099	3	50901
1780032099	4	50743
1780032099	5	51217
1780032099	6	50705
1780032099	7	50743
1780032104	0	50721
1780032104	1	51357
1780032104	2	50647
1780032104	3	50901
1780032104	4	50743
1780032104	5	51217
1780032104	6	50705
1780032104	7	50743
1780032110	0	50721
1780032110	1	51357
1780032110	2	50647
1780032110	3	50901
1780032110	4	50743
1780032110	5	51217
1780032110	6	50705
1780032110	7	50743
1780032115	0	50721
1780032115	1	51357
1780032115	2	50647
1780032115	3	50901
1780032115	4	50743
1780032115	5	51217
1780032115	6	50705
1780032115	7	50743
1780032120	0	50721
1780032120	1	51357
1780032120	2	50647
1780032120	3	50901
1780032120	4	50743
1780032120	5	51217
1780032120	6	50705
1780032120	7	50743
1780032126	0	50721
1780032126	1	51357
1780032126	2	50647
1780032126	3	50901
1780032126	4	50743
1780032126	5	51217
1780032126	6	50705
1780032126	7	50743
1780032131	0	50721
1780032131	1	51357
1780032131	2	50647
1780032131	3	50901
1780032131	4	50743
1780032131	5	51217
1780032131	6	50705
1780032131	7	50743
1780032136	0	50721
1780032136	1	51357
1780032136	2	50647
1780032136	3	50901
1780032136	4	50743
1780032136	5	51217
1780032136	6	50705
1780032136	7	50743
1780032142	0	50721
1780032142	1	51357
1780032142	2	50647
1780032142	3	50901
1780032142	4	50743
1780032142	5	51217
1780032142	6	50705
1780032142	7	50743
1780032147	0	50721
1780032147	1	51357
1780032147	2	50647
1780032147	3	50901
1780032147	4	50743
1780032147	5	51217
1780032147	6	50705
1780032147	7	50743
1780032152	0	50721
1780032152	1	51357
1780032152	2	50647
1780032152	3	50901
1780032152	4	50743
1780032152	5	51217
1780032152	6	50705
1780032152	7	50743
1780032158	0	50721
1780032158	1	51357
1780032158	2	50647
1780032158	3	50901
1780032158	4	50743
1780032158	5	51217
1780032158	6	50705
1780032158	7	50743
1780032163	0	50721
1780032163	1	51357
1780032163	2	50647
1780032163	3	50901
1780032163	4	50743
1780032163	5	51217
1780032163	6	50705
1780032163	7	50743
1780032168	0	50721
1780032168	1	51357
1780032168	2	50647
1780032168	3	50901
1780032168	4	50743
1780032168	5	51217
1780032168	6	50705
1780032168	7	50743
1780032173	0	50721
1780032173	1	51357
1780032173	2	50647
1780032173	3	50901
1780032173	4	50743
1780032173	5	51217
1780032173	6	50705
1780032173	7	50743
1780032179	0	50721
1780032179	1	51357
1780032179	2	50647
1780032179	3	50901
1780032179	4	50743
1780032179	5	51217
1780032179	6	50705
1780032179	7	50743
1780032184	0	50721
1780032184	1	51357
1780032184	2	50647
1780032184	3	50901
1780032184	4	50743
1780032184	5	51217
1780032184	6	50705
1780032184	7	50743
1780032189	0	50721
1780032189	1	51357
1780032189	2	50647
1780032189	3	50901
1780032189	4	50743
1780032189	5	51217
1780032189	6	50705
1780032189	7	50743
1780032195	0	50721
1780032195	1	51357
1780032195	2	50647
1780032195	3	50901
1780032195	4	50743
1780032195	5	51217
1780032195	6	50705
1780032195	7	50743
1780032200	0	50721
1780032200	1	51357
1780032200	2	50647
1780032200	3	50901
1780032200	4	50743
1780032200	5	51217
1780032200	6	50705
1780032200	7	50743
1780032205	0	50721
1780032205	1	51357
1780032205	2	50647
1780032205	3	50901
1780032205	4	50743
1780032205	5	51217
1780032205	6	50705
1780032205	7	50743
1780032211	0	50721
1780032211	1	51357
1780032211	2	50647
1780032211	3	50901
1780032211	4	50743
1780032211	5	51217
1780032211	6	50705
1780032211	7	50743
1780032216	0	50721
1780032216	1	51357
1780032216	2	50647
1780032216	3	50901
1780032216	4	50743
1780032216	5	51217
1780032216	6	50705
1780032216	7	50743
1780032221	0	50721
1780032221	1	51357
1780032221	2	50647
1780032221	3	50901
1780032221	4	50743
1780032221	5	51217
1780032221	6	50705
1780032221	7	50743
1780032227	0	50721
1780032227	1	51357
1780032227	2	50647
1780032227	3	50901
1780032227	4	50743
1780032227	5	51217
1780032227	6	50705
1780032227	7	50743
1780032232	0	50721
1780032232	1	51357
1780032232	2	50647
1780032232	3	50901
1780032232	4	50743
1780032232	5	51217
1780032232	6	50705
1780032232	7	50743
1780032237	0	50721
1780032237	1	51357
1780032237	2	50647
1780032237	3	50901
1780032237	4	50743
1780032237	5	51217
1780032237	6	50705
1780032237	7	50743
1780032243	0	50721
1780032243	1	51357
1780032243	2	50647
1780032243	3	50901
1780032243	4	50743
1780032243	5	51217
1780032243	6	50705
1780032243	7	50743
1780032248	0	50721
1780032248	1	51357
1780032248	2	50647
1780032248	3	50901
1780032248	4	50743
1780032248	5	51217
1780032248	6	50705
1780032248	7	50743
1780032253	0	50721
1780032253	1	51357
1780032253	2	50647
1780032253	3	50901
1780032253	4	50743
1780032253	5	51217
1780032253	6	50705
1780032253	7	50743
1780032258	0	50721
1780032258	1	51357
1780032258	2	50647
1780032258	3	50901
1780032258	4	50743
1780032258	5	51217
1780032258	6	50705
1780032258	7	50743
1780032264	0	50721
1780032264	1	51357
1780032264	2	50647
1780032264	3	50901
1780032264	4	50743
1780032264	5	51217
1780032264	6	50705
1780032264	7	50743
1780032269	0	50721
1780032269	1	51357
1780032269	2	50647
1780032269	3	50901
1780032269	4	50743
1780032269	5	51217
1780032269	6	50705
1780032269	7	50743
1780032274	0	50721
1780032274	1	51357
1780032274	2	50647
1780032274	3	50901
1780032274	4	50743
1780032274	5	51217
1780032274	6	50705
1780032274	7	50743
1780032280	0	50721
1780032280	1	51357
1780032280	2	50647
1780032280	3	50901
1780032280	4	50743
1780032280	5	51217
1780032280	6	50705
1780032280	7	50743
1780032285	0	50721
1780032285	1	51357
1780032285	2	50647
1780032285	3	50901
1780032285	4	50743
1780032285	5	51217
1780032285	6	50705
1780032285	7	50743
1780032291	0	50721
1780032291	1	51357
1780032291	2	50647
1780032291	3	50901
1780032291	4	50743
1780032291	5	51217
1780032291	6	50705
1780032291	7	50743
1780032296	0	50721
1780032296	1	51357
1780032296	2	50647
1780032296	3	50901
1780032296	4	50743
1780032296	5	51217
1780032296	6	50705
1780032296	7	50743
1780032301	0	50721
1780032301	1	51357
1780032301	2	50647
1780032301	3	50901
1780032301	4	50743
1780032301	5	51217
1780032301	6	50705
1780032301	7	50743
1780032307	0	50721
1780032307	1	51357
1780032307	2	50647
1780032307	3	50901
1780032307	4	50743
1780032307	5	51217
1780032307	6	50705
1780032307	7	50743
1780032312	0	50721
1780032312	1	51357
1780032312	2	50647
1780032312	3	50901
1780032312	4	50743
1780032312	5	51217
1780032312	6	50705
1780032312	7	50743
1780032317	0	50721
1780032317	1	51357
1780032317	2	50647
1780032317	3	50901
1780032317	4	50743
1780032317	5	51217
1780032317	6	50705
1780032317	7	50743
1780032323	0	50721
1780032323	1	51357
1780032323	2	50647
1780032323	3	50901
1780032323	4	50743
1780032323	5	51217
1780032323	6	50705
1780032323	7	50743
1780032328	0	50721
1780032328	1	51357
1780032328	2	50647
1780032328	3	50901
1780032328	4	50743
1780032328	5	51217
1780032328	6	50705
1780032328	7	50743
1780032334	0	50721
1780032334	1	51357
1780032334	2	50647
1780032334	3	50901
1780032334	4	50743
1780032334	5	51217
1780032334	6	50705
1780032334	7	50743
1780032339	0	50721
1780032339	1	51357
1780032339	2	50647
1780032339	3	50901
1780032339	4	50743
1780032339	5	51217
1780032339	6	50705
1780032339	7	50743
1780032344	0	50721
1780032344	1	51357
1780032344	2	50647
1780032344	3	50901
1780032344	4	50743
1780032344	5	51217
1780032344	6	50705
1780032344	7	50743
1780032349	0	50721
1780032349	1	51357
1780032349	2	50647
1780032349	3	50901
1780032349	4	50743
1780032349	5	51217
1780032349	6	50705
1780032349	7	50743
1780032355	0	50721
1780032355	1	51357
1780032355	2	50647
1780032355	3	50901
1780032355	4	50743
1780032355	5	51217
1780032355	6	50705
1780032355	7	50743
1780032360	0	50721
1780032360	1	51357
1780032360	2	50647
1780032360	3	50901
1780032360	4	50743
1780032360	5	51217
1780032360	6	50705
1780032360	7	50743
1780032365	0	50721
1780032365	1	51357
1780032365	2	50647
1780032365	3	50901
1780032365	4	50743
1780032365	5	51217
1780032365	6	50705
1780032365	7	50743
1780032371	0	50721
1780032371	1	51357
1780032371	2	50647
1780032371	3	50901
1780032371	4	50743
1780032371	5	51217
1780032371	6	50705
1780032371	7	50743
1780032376	0	50721
1780032376	1	51357
1780032376	2	50647
1780032376	3	50901
1780032376	4	50743
1780032376	5	51217
1780032376	6	50705
1780032376	7	50743
1780032381	0	50721
1780032381	1	51357
1780032381	2	50647
1780032381	3	50901
1780032381	4	50743
1780032381	5	51217
1780032381	6	50705
1780032381	7	50743
1780032387	0	50721
1780032387	1	51357
1780032387	2	50647
1780032387	3	50901
1780032387	4	50743
1780032387	5	51217
1780032387	6	50705
1780032387	7	50743
1780032392	0	50721
1780032392	1	51357
1780032392	2	50647
1780032392	3	50901
1780032392	4	50743
1780032392	5	51217
1780032392	6	50705
1780032392	7	50743
1780032397	0	50721
1780032397	1	51357
1780032397	2	50647
1780032397	3	50901
1780032397	4	50743
1780032397	5	51217
1780032397	6	50705
1780032397	7	50743
1780032403	0	50721
1780032403	1	51357
1780032403	2	50647
1780032403	3	50901
1780032403	4	50743
1780032403	5	51217
1780032403	6	50705
1780032403	7	50743
1780032408	0	50721
1780032408	1	51357
1780032408	2	50647
1780032408	3	50901
1780032408	4	50743
1780032408	5	51217
1780032408	6	50705
1780032408	7	50743
1780032413	0	50721
1780032413	1	51357
1780032413	2	50647
1780032413	3	50901
1780032413	4	50743
1780032413	5	51217
1780032413	6	50705
1780032413	7	50743
1780032419	0	50721
1780032419	1	51357
1780032419	2	50647
1780032419	3	50901
1780032419	4	50743
1780032419	5	51217
1780032419	6	50705
1780032419	7	50743
1780032424	0	50721
1780032424	1	51357
1780032424	2	50647
1780032424	3	50901
1780032424	4	50743
1780032424	5	51217
1780032424	6	50705
1780032424	7	50743
1780032429	0	50721
1780032429	1	51357
1780032429	2	50647
1780032429	3	50901
1780032429	4	50743
1780032429	5	51217
1780032429	6	50705
1780032429	7	50743
1780032435	0	50721
1780032435	1	51357
1780032435	2	50647
1780032435	3	50901
1780032435	4	50743
1780032435	5	51217
1780032435	6	50705
1780032435	7	50743
1780032440	0	50721
1780032440	1	51357
1780032440	2	50647
1780032440	3	50901
1780032440	4	50743
1780032440	5	51217
1780032440	6	50705
1780032440	7	50743
1780032445	0	50721
1780032445	1	51357
1780032445	2	50647
1780032445	3	50901
1780032445	4	50743
1780032445	5	51217
1780032445	6	50705
1780032445	7	50743
1780032450	0	50721
1780032450	1	51357
1780032450	2	50647
1780032450	3	50901
1780032450	4	50743
1780032450	5	51217
1780032450	6	50705
1780032450	7	50743
1780032456	0	50721
1780032456	1	51357
1780032456	2	50647
1780032456	3	50901
1780032456	4	50743
1780032456	5	51217
1780032456	6	50705
1780032456	7	50743
1780032461	0	50721
1780032461	1	51357
1780032461	2	50647
1780032461	3	50901
1780032461	4	50743
1780032461	5	51217
1780032461	6	50705
1780032461	7	50743
1780032466	0	50721
1780032466	1	51357
1780032466	2	50647
1780032466	3	50901
1780032466	4	50743
1780032466	5	51217
1780032466	6	50705
1780032466	7	50743
1780032472	0	50721
1780032472	1	51357
1780032472	2	50647
1780032472	3	50901
1780032472	4	50743
1780032472	5	51217
1780032472	6	50705
1780032472	7	50743
1780032477	0	50721
1780032477	1	51357
1780032477	2	50647
1780032477	3	50901
1780032477	4	50743
1780032477	5	51217
1780032477	6	50705
1780032477	7	50743
1780032482	0	50721
1780032482	1	51357
1780032482	2	50647
1780032482	3	50901
1780032482	4	50743
1780032482	5	51217
1780032482	6	50705
1780032482	7	50743
1780032488	0	50721
1780032488	1	51357
1780032488	2	50647
1780032488	3	50901
1780032488	4	50743
1780032488	5	51217
1780032488	6	50705
1780032488	7	50743
1780032493	0	50721
1780032493	1	51357
1780032493	2	50647
1780032493	3	50901
1780032493	4	50743
1780032493	5	51217
1780032493	6	50705
1780032493	7	50743
1780032499	0	50721
1780032499	1	51357
1780032499	2	50647
1780032499	3	50901
1780032499	4	50743
1780032499	5	51217
1780032499	6	50705
1780032499	7	50743
1780032504	0	50721
1780032504	1	51357
1780032504	2	50647
1780032504	3	50901
1780032504	4	50743
1780032504	5	51217
1780032504	6	50705
1780032504	7	50743
1780032510	0	50721
1780032510	1	51357
1780032510	2	50647
1780032510	3	50901
1780032510	4	50743
1780032510	5	51217
1780032510	6	50705
1780032510	7	50743
1780032515	0	50721
1780032515	1	51357
1780032515	2	50647
1780032515	3	50901
1780032515	4	50743
1780032515	5	51217
1780032515	6	50705
1780032515	7	50743
1780032520	0	50721
1780032520	1	51357
1780032520	2	50647
1780032520	3	50901
1780032520	4	50743
1780032520	5	51217
1780032520	6	50705
1780032520	7	50743
1780032526	0	50721
1780032526	1	51357
1780032526	2	50647
1780032526	3	50901
1780032526	4	50743
1780032526	5	51217
1780032526	6	50705
1780032526	7	50743
1780032531	0	50721
1780032531	1	51357
1780032531	2	50647
1780032531	3	50901
1780032531	4	50743
1780032531	5	51217
1780032531	6	50705
1780032531	7	50743
1780032536	0	50721
1780032536	1	51357
1780032536	2	50647
1780032536	3	50901
1780032536	4	50743
1780032536	5	51217
1780032536	6	50705
1780032536	7	50743
1780032541	0	50721
1780032541	1	51357
1780032541	2	50647
1780032541	3	50901
1780032541	4	50743
1780032541	5	51217
1780032541	6	50705
1780032541	7	50743
1780032547	0	50721
1780032547	1	51357
1780032547	2	50647
1780032547	3	50901
1780032547	4	50743
1780032547	5	51217
1780032547	6	50705
1780032547	7	50743
1780032552	0	50721
1780032552	1	51357
1780032552	2	50647
1780032552	3	50901
1780032552	4	50743
1780032552	5	51217
1780032552	6	50705
1780032552	7	50743
1780032557	0	50721
1780032557	1	51357
1780032557	2	50647
1780032557	3	50901
1780032557	4	50743
1780032557	5	51217
1780032557	6	50705
1780032557	7	50743
1780032563	0	50721
1780032563	1	51357
1780032563	2	50647
1780032563	3	50901
1780032563	4	50743
1780032563	5	51217
1780032563	6	50705
1780032563	7	50743
1780032568	0	50721
1780032568	1	51357
1780032568	2	50647
1780032568	3	50901
1780032568	4	50743
1780032568	5	51217
1780032568	6	50705
1780032568	7	50743
1780032573	0	50721
1780032573	1	51357
1780032573	2	50647
1780032573	3	50901
1780032573	4	50743
1780032573	5	51217
1780032573	6	50705
1780032573	7	50743
1780032579	0	50721
1780032579	1	51357
1780032579	2	50647
1780032579	3	50901
1780032579	4	50743
1780032579	5	51217
1780032579	6	50705
1780032579	7	50743
1780032584	0	50721
1780032584	1	51357
1780032584	2	50647
1780032584	3	50901
1780032584	4	50743
1780032584	5	51217
1780032584	6	50705
1780032584	7	50743
1780032589	0	50721
1780032589	1	51357
1780032589	2	50647
1780032589	3	50901
1780032589	4	50743
1780032589	5	51217
1780032589	6	50705
1780032589	7	50743
1780032595	0	50721
1780032595	1	51357
1780032595	2	50647
1780032595	3	50901
1780032595	4	50743
1780032595	5	51217
1780032595	6	50705
1780032595	7	50743
1780032600	0	50721
1780032600	1	51357
1780032600	2	50647
1780032600	3	50901
1780032600	4	50743
1780032600	5	51217
1780032600	6	50705
1780032600	7	50743
1780032605	0	50721
1780032605	1	51357
1780032605	2	50647
1780032605	3	50901
1780032605	4	50743
1780032605	5	51217
1780032605	6	50705
1780032605	7	50743
1780032611	0	50721
1780032611	1	51357
1780032611	2	50647
1780032611	3	50901
1780032611	4	50743
1780032611	5	51217
1780032611	6	50705
1780032611	7	50743
1780032616	0	50721
1780032616	1	51357
1780032616	2	50647
1780032616	3	50901
1780032616	4	50743
1780032616	5	51217
1780032616	6	50705
1780032616	7	50743
1780032621	0	50721
1780032621	1	51357
1780032621	2	50647
1780032621	3	50901
1780032621	4	50743
1780032621	5	51217
1780032621	6	50705
1780032621	7	50743
1780032627	0	50721
1780032627	1	51357
1780032627	2	50647
1780032627	3	50901
1780032627	4	50743
1780032627	5	51217
1780032627	6	50705
1780032627	7	50743
1780032632	0	50721
1780032632	1	51357
1780032632	2	50647
1780032632	3	50901
1780032632	4	50743
1780032632	5	51217
1780032632	6	50705
1780032632	7	50743
1780032637	0	50721
1780032637	1	51357
1780032637	2	50647
1780032637	3	50901
1780032637	4	50743
1780032637	5	51217
1780032637	6	50705
1780032637	7	50743
1780032643	0	50721
1780032643	1	51357
1780032643	2	50647
1780032643	3	50901
1780032643	4	50743
1780032643	5	51217
1780032643	6	50705
1780032643	7	50743
1780032648	0	50721
1780032648	1	51357
1780032648	2	50647
1780032648	3	50901
1780032648	4	50743
1780032648	5	51217
1780032648	6	50705
1780032648	7	50743
1780032653	0	50721
1780032653	1	51357
1780032653	2	50647
1780032653	3	50901
1780032653	4	50743
1780032653	5	51217
1780032653	6	50705
1780032653	7	50743
1780032659	0	50721
1780032659	1	51357
1780032659	2	50647
1780032659	3	50901
1780032659	4	50743
1780032659	5	51217
1780032659	6	50705
1780032659	7	50743
1780032664	0	50721
1780032664	1	51357
1780032664	2	50647
1780032664	3	50901
1780032664	4	50743
1780032664	5	51217
1780032664	6	50705
1780032664	7	50743
1780032669	0	50721
1780032669	1	51357
1780032669	2	50647
1780032669	3	50901
1780032669	4	50743
1780032669	5	51217
1780032669	6	50705
1780032669	7	50743
1780032675	0	50721
1780032675	1	51357
1780032675	2	50647
1780032675	3	50901
1780032675	4	50743
1780032675	5	51217
1780032675	6	50705
1780032675	7	50743
1780032680	0	50721
1780032680	1	51357
1780032680	2	50647
1780032680	3	50901
1780032680	4	50743
1780032680	5	51217
1780032680	6	50705
1780032680	7	50743
1780032685	0	50721
1780032685	1	51357
1780032685	2	50647
1780032685	3	50901
1780032685	4	50743
1780032685	5	51217
1780032685	6	50705
1780032685	7	50743
1780032691	0	50721
1780032691	1	51357
1780032691	2	50647
1780032691	3	50901
1780032691	4	50743
1780032691	5	51217
1780032691	6	50705
1780032691	7	50743
1780032696	0	50721
1780032696	1	51357
1780032696	2	50647
1780032696	3	50901
1780032696	4	50743
1780032696	5	51217
1780032696	6	50705
1780032696	7	50743
1780032701	0	50721
1780032701	1	51357
1780032701	2	50647
1780032701	3	50901
1780032701	4	50743
1780032701	5	51217
1780032701	6	50705
1780032701	7	50743
1780032707	0	50721
1780032707	1	51357
1780032707	2	50647
1780032707	3	50901
1780032707	4	50743
1780032707	5	51217
1780032707	6	50705
1780032707	7	50743
1780032712	0	50721
1780032712	1	51357
1780032712	2	50647
1780032712	3	50901
1780032712	4	50743
1780032712	5	51217
1780032712	6	50705
1780032712	7	50743
1780032717	0	50721
1780032717	1	51357
1780032717	2	50647
1780032717	3	50901
1780032717	4	50743
1780032717	5	51217
1780032717	6	50705
1780032717	7	50743
1780032723	0	50721
1780032723	1	51357
1780032723	2	50647
1780032723	3	50901
1780032723	4	50743
1780032723	5	51217
1780032723	6	50705
1780032723	7	50743
1780032728	0	50721
1780032728	1	51357
1780032728	2	50647
1780032728	3	50901
1780032728	4	50743
1780032728	5	51217
1780032728	6	50705
1780032728	7	50743
1780032733	0	50721
1780032733	1	51357
1780032733	2	50647
1780032733	3	50901
1780032733	4	50743
1780032733	5	51217
1780032733	6	50705
1780032733	7	50743
1780032739	0	50721
1780032739	1	51357
1780032739	2	50647
1780032739	3	50901
1780032739	4	50743
1780032739	5	51217
1780032739	6	50705
1780032739	7	50743
1780032744	0	50721
1780032744	1	51357
1780032744	2	50647
1780032744	3	50901
1780032744	4	50743
1780032744	5	51217
1780032744	6	50705
1780032744	7	50743
1780032749	0	50721
1780032749	1	51357
1780032749	2	50647
1780032749	3	50901
1780032749	4	50743
1780032749	5	51217
1780032749	6	50705
1780032749	7	50743
1780032755	0	50721
1780032755	1	51357
1780032755	2	50647
1780032755	3	50901
1780032755	4	50743
1780032755	5	51217
1780032755	6	50705
1780032755	7	50743
1780032760	0	50721
1780032760	1	51357
1780032760	2	50647
1780032760	3	50901
1780032760	4	50743
1780032760	5	51217
1780032760	6	50705
1780032760	7	50743
1780032765	0	50721
1780032765	1	51357
1780032765	2	50647
1780032765	3	50901
1780032765	4	50743
1780032765	5	51217
1780032765	6	50705
1780032765	7	50743
1780032771	0	50721
1780032771	1	51357
1780032771	2	50647
1780032771	3	50901
1780032771	4	50743
1780032771	5	51217
1780032771	6	50705
1780032771	7	50743
1780032776	0	50721
1780032776	1	51357
1780032776	2	50647
1780032776	3	50901
1780032776	4	50743
1780032776	5	51217
1780032776	6	50705
1780032776	7	50743
1780032781	0	50721
1780032781	1	51357
1780032781	2	50647
1780032781	3	50901
1780032781	4	50743
1780032781	5	51217
1780032781	6	50705
1780032781	7	50743
1780032787	0	50721
1780032787	1	51357
1780032787	2	50647
1780032787	3	50901
1780032787	4	50743
1780032787	5	51217
1780032787	6	50705
1780032787	7	50743
1780032792	0	50721
1780032792	1	51357
1780032792	2	50647
1780032792	3	50901
1780032792	4	50743
1780032792	5	51217
1780032792	6	50705
1780032792	7	50743
1780032797	0	50721
1780032797	1	51357
1780032797	2	50647
1780032797	3	50901
1780032797	4	50743
1780032797	5	51217
1780032797	6	50705
1780032797	7	50743
1780032802	0	50721
1780032802	1	51357
1780032802	2	50647
1780032802	3	50901
1780032802	4	50743
1780032802	5	51217
1780032802	6	50705
1780032802	7	50743
1780032808	0	50721
1780032808	1	51357
1780032808	2	50647
1780032808	3	50901
1780032808	4	50743
1780032808	5	51217
1780032808	6	50705
1780032808	7	50743
1780032813	0	50721
1780032813	1	51357
1780032813	2	50647
1780032813	3	50901
1780032813	4	50743
1780032813	5	51217
1780032813	6	50705
1780032813	7	50743
1780032818	0	50721
1780032818	1	51357
1780032818	2	50647
1780032818	3	50901
1780032818	4	50743
1780032818	5	51217
1780032818	6	50705
1780032818	7	50743
1780032824	0	50721
1780032824	1	51357
1780032824	2	50647
1780032824	3	50901
1780032824	4	50743
1780032824	5	51217
1780032824	6	50705
1780032824	7	50743
1780032829	0	50721
1780032829	1	51357
1780032829	2	50647
1780032829	3	50901
1780032829	4	50743
1780032829	5	51217
1780032829	6	50705
1780032829	7	50743
1780032834	0	50721
1780032834	1	51357
1780032834	2	50647
1780032834	3	50901
1780032834	4	50743
1780032834	5	51217
1780032834	6	50705
1780032834	7	50743
1780032840	0	50721
1780032840	1	51357
1780032840	2	50647
1780032840	3	50901
1780032840	4	50743
1780032840	5	51217
1780032840	6	50705
1780032840	7	50743
1780032845	0	50721
1780032845	1	51357
1780032845	2	50647
1780032845	3	50901
1780032845	4	50743
1780032845	5	51217
1780032845	6	50705
1780032845	7	50743
1780032850	0	50721
1780032850	1	51357
1780032850	2	50647
1780032850	3	50901
1780032850	4	50743
1780032850	5	51217
1780032850	6	50705
1780032850	7	50743
1780032856	0	50721
1780032856	1	51357
1780032856	2	50647
1780032856	3	50901
1780032856	4	50743
1780032856	5	51217
1780032856	6	50705
1780032856	7	50743
1780032861	0	50721
1780032861	1	51357
1780032861	2	50647
1780032861	3	50901
1780032861	4	50743
1780032861	5	51217
1780032861	6	50705
1780032861	7	50743
1780032866	0	50721
1780032866	1	51357
1780032866	2	50647
1780032866	3	50901
1780032866	4	50743
1780032866	5	51217
1780032866	6	50705
1780032866	7	50743
1780032872	0	50721
1780032872	1	51357
1780032872	2	50647
1780032872	3	50901
1780032872	4	50743
1780032872	5	51217
1780032872	6	50705
1780032872	7	50743
1780032877	0	50721
1780032877	1	51357
1780032877	2	50647
1780032877	3	50901
1780032877	4	50743
1780032877	5	51217
1780032877	6	50705
1780032877	7	50743
1780032882	0	50721
1780032882	1	51357
1780032882	2	50647
1780032882	3	50901
1780032882	4	50743
1780032882	5	51217
1780032882	6	50705
1780032882	7	50743
1780032887	0	50721
1780032887	1	51357
1780032887	2	50647
1780032887	3	50901
1780032887	4	50743
1780032887	5	51217
1780032887	6	50705
1780032887	7	50743
1780032893	0	50721
1780032893	1	51357
1780032893	2	50647
1780032893	3	50901
1780032893	4	50743
1780032893	5	51217
1780032893	6	50705
1780032893	7	50743
1780032898	0	50721
1780032898	1	51357
1780032898	2	50647
1780032898	3	50901
1780032898	4	50743
1780032898	5	51217
1780032898	6	50705
1780032898	7	50743
1780032903	0	50721
1780032903	1	51357
1780032903	2	50647
1780032903	3	50901
1780032903	4	50743
1780032903	5	51217
1780032903	6	50705
1780032903	7	50743
1780032909	0	50721
1780032909	1	51357
1780032909	2	50647
1780032909	3	50901
1780032909	4	50743
1780032909	5	51217
1780032909	6	50705
1780032909	7	50743
1780032914	0	50721
1780032914	1	51357
1780032914	2	50647
1780032914	3	50901
1780032914	4	50743
1780032914	5	51217
1780032914	6	50705
1780032914	7	50743
1780032919	0	50721
1780032919	1	51357
1780032919	2	50647
1780032919	3	50901
1780032919	4	50743
1780032919	5	51217
1780032919	6	50705
1780032919	7	50743
1780032925	0	50721
1780032925	1	51357
1780032925	2	50647
1780032925	3	50901
1780032925	4	50743
1780032925	5	51217
1780032925	6	50705
1780032925	7	50743
1780032930	0	50721
1780032930	1	51357
1780032930	2	50647
1780032930	3	50901
1780032930	4	50743
1780032930	5	51217
1780032930	6	50705
1780032930	7	50743
1780032935	0	50721
1780032935	1	51357
1780032935	2	50647
1780032935	3	50901
1780032935	4	50743
1780032935	5	51217
1780032935	6	50705
1780032935	7	50743
1780032941	0	50721
1780032941	1	51357
1780032941	2	50647
1780032941	3	50901
1780032941	4	50743
1780032941	5	51217
1780032941	6	50705
1780032941	7	50743
1780032946	0	50721
1780032946	1	51357
1780032946	2	50647
1780032946	3	50901
1780032946	4	50743
1780032946	5	51217
1780032946	6	50705
1780032946	7	50743
1780032951	0	50721
1780032951	1	51357
1780032951	2	50647
1780032951	3	50901
1780032951	4	50743
1780032951	5	51217
1780032951	6	50705
1780032951	7	50743
1780032957	0	50721
1780032957	1	51357
1780032957	2	50647
1780032957	3	50901
1780032957	4	50743
1780032957	5	51217
1780032957	6	50705
1780032957	7	50743
1780032962	0	50721
1780032962	1	51357
1780032962	2	50647
1780032962	3	50901
1780032962	4	50743
1780032962	5	51217
1780032962	6	50705
1780032962	7	50743
1780032967	0	50721
1780032967	1	51357
1780032967	2	50647
1780032967	3	50901
1780032967	4	50743
1780032967	5	51217
1780032967	6	50705
1780032967	7	50743
1780032973	0	50721
1780032973	1	51357
1780032973	2	50647
1780032973	3	50901
1780032973	4	50743
1780032973	5	51217
1780032973	6	50705
1780032973	7	50743
1780032978	0	50721
1780032978	1	51357
1780032978	2	50647
1780032978	3	50901
1780032978	4	50743
1780032978	5	51217
1780032978	6	50705
1780032978	7	50743
1780032983	0	50721
1780032983	1	51357
1780032983	2	50647
1780032983	3	50901
1780032983	4	50743
1780032983	5	51217
1780032983	6	50705
1780032983	7	50743
1780032989	0	50721
1780032989	1	51357
1780032989	2	50647
1780032989	3	50901
1780032989	4	50743
1780032989	5	51217
1780032989	6	50705
1780032989	7	50743
1780032994	0	50721
1780032994	1	51357
1780032994	2	50647
1780032994	3	50901
1780032994	4	50743
1780032994	5	51217
1780032994	6	50705
1780032994	7	50743
1780032999	0	50721
1780032999	1	51357
1780032999	2	50647
1780032999	3	50901
1780032999	4	50743
1780032999	5	51217
1780032999	6	50705
1780032999	7	50743
1780033005	0	50721
1780033005	1	51357
1780033005	2	50647
1780033005	3	50901
1780033005	4	50743
1780033005	5	51217
1780033005	6	50705
1780033005	7	50743
1780033010	0	50721
1780033010	1	51357
1780033010	2	50647
1780033010	3	50901
1780033010	4	50743
1780033010	5	51217
1780033010	6	50705
1780033010	7	50743
1780033015	0	50721
1780033015	1	51357
1780033015	2	50647
1780033015	3	50901
1780033015	4	50743
1780033015	5	51217
1780033015	6	50705
1780033015	7	50743
1780033020	0	50721
1780033020	1	51357
1780033020	2	50647
1780033020	3	50901
1780033020	4	50743
1780033020	5	51217
1780033020	6	50705
1780033020	7	50743
1780033026	0	50721
1780033026	1	51357
1780033026	2	50647
1780033026	3	50901
1780033026	4	50743
1780033026	5	51217
1780033026	6	50705
1780033026	7	50743
1780033031	0	50721
1780033031	1	51357
1780033031	2	50647
1780033031	3	50901
1780033031	4	50743
1780033031	5	51217
1780033031	6	50705
1780033031	7	50743
1780033036	0	50721
1780033036	1	51357
1780033036	2	50647
1780033036	3	50901
1780033036	4	50743
1780033036	5	51217
1780033036	6	50705
1780033036	7	50743
1780033042	0	50721
1780033042	1	51357
1780033042	2	50647
1780033042	3	50901
1780033042	4	50743
1780033042	5	51217
1780033042	6	50705
1780033042	7	50743
1780033047	0	50721
1780033047	1	51357
1780033047	2	50647
1780033047	3	50901
1780033047	4	50743
1780033047	5	51217
1780033047	6	50705
1780033047	7	50743
1780033052	0	50721
1780033052	1	51357
1780033052	2	50647
1780033052	3	50901
1780033052	4	50743
1780033052	5	51217
1780033052	6	50705
1780033052	7	50743
1780033058	0	50721
1780033058	1	51357
1780033058	2	50647
1780033058	3	50901
1780033058	4	50743
1780033058	5	51217
1780033058	6	50705
1780033058	7	50743
1780033063	0	50721
1780033063	1	51357
1780033063	2	50647
1780033063	3	50901
1780033063	4	50743
1780033063	5	51217
1780033063	6	50705
1780033063	7	50743
1780033068	0	50721
1780033068	1	51357
1780033068	2	50647
1780033068	3	50901
1780033068	4	50743
1780033068	5	51217
1780033068	6	50705
1780033068	7	50743
1780033074	0	50721
1780033074	1	51357
1780033074	2	50647
1780033074	3	50901
1780033074	4	50743
1780033074	5	51217
1780033074	6	50705
1780033074	7	50743
1780033079	0	50721
1780033079	1	51357
1780033079	2	50647
1780033079	3	50901
1780033079	4	50743
1780033079	5	51217
1780033079	6	50705
1780033079	7	50743
1780033084	0	50721
1780033084	1	51357
1780033084	2	50647
1780033084	3	50901
1780033084	4	50743
1780033084	5	51217
1780033084	6	50705
1780033084	7	50743
1780033090	0	50721
1780033090	1	51357
1780033090	2	50647
1780033090	3	50901
1780033090	4	50743
1780033090	5	51217
1780033090	6	50705
1780033090	7	50743
1780033095	0	50721
1780033095	1	51357
1780033095	2	50647
1780033095	3	50901
1780033095	4	50743
1780033095	5	51217
1780033095	6	50705
1780033095	7	50743
1780033100	0	50721
1780033100	1	51357
1780033100	2	50647
1780033100	3	50901
1780033100	4	50743
1780033100	5	51217
1780033100	6	50705
1780033100	7	50743
1780033106	0	50721
1780033106	1	51357
1780033106	2	50647
1780033106	3	50901
1780033106	4	50743
1780033106	5	51217
1780033106	6	50705
1780033106	7	50743
1780033111	0	50721
1780033111	1	51357
1780033111	2	50647
1780033111	3	50901
1780033111	4	50743
1780033111	5	51217
1780033111	6	50705
1780033111	7	50743
1780033116	0	50721
1780033116	1	51357
1780033116	2	50647
1780033116	3	50901
1780033116	4	50743
1780033116	5	51217
1780033116	6	50705
1780033116	7	50743
1780033122	0	50721
1780033122	1	51357
1780033122	2	50647
1780033122	3	50901
1780033122	4	50743
1780033122	5	51217
1780033122	6	50705
1780033122	7	50743
1780033127	0	50721
1780033127	1	51357
1780033127	2	50647
1780033127	3	50901
1780033127	4	50743
1780033127	5	51217
1780033127	6	50705
1780033127	7	50743
1780033133	0	50721
1780033133	1	51357
1780033133	2	50647
1780033133	3	50901
1780033133	4	50743
1780033133	5	51217
1780033133	6	50705
1780033133	7	50743
1780033138	0	50721
1780033138	1	51357
1780033138	2	50647
1780033138	3	50901
1780033138	4	50743
1780033138	5	51217
1780033138	6	50705
1780033138	7	50743
1780033143	0	50721
1780033143	1	51357
1780033143	2	50647
1780033143	3	50901
1780033143	4	50743
1780033143	5	51217
1780033143	6	50705
1780033143	7	50743
1780033148	0	50721
1780033148	1	51357
1780033148	2	50647
1780033148	3	50901
1780033148	4	50743
1780033148	5	51217
1780033148	6	50705
1780033148	7	50743
1780033154	0	50721
1780033154	1	51357
1780033154	2	50647
1780033154	3	50901
1780033154	4	50743
1780033154	5	51217
1780033154	6	50705
1780033154	7	50743
1780033159	0	50721
1780033159	1	51357
1780033159	2	50647
1780033159	3	50901
1780033159	4	50743
1780033159	5	51217
1780033159	6	50705
1780033159	7	50743
1780033164	0	50721
1780033164	1	51357
1780033164	2	50647
1780033164	3	50901
1780033164	4	50743
1780033164	5	51217
1780033164	6	50705
1780033164	7	50743
1780033170	0	50721
1780033170	1	51357
1780033170	2	50647
1780033170	3	50901
1780033170	4	50743
1780033170	5	51217
1780033170	6	50705
1780033170	7	50743
1780033175	0	50721
1780033175	1	51357
1780033175	2	50647
1780033175	3	50901
1780033175	4	50743
1780033175	5	51217
1780033175	6	50705
1780033175	7	50743
1780033180	0	50721
1780033180	1	51357
1780033180	2	50647
1780033180	3	50901
1780033180	4	50743
1780033180	5	51217
1780033180	6	50705
1780033180	7	50743
1780033186	0	50721
1780033186	1	51357
1780033186	2	50647
1780033186	3	50901
1780033186	4	50743
1780033186	5	51217
1780033186	6	50705
1780033186	7	50743
1780033191	0	50721
1780033191	1	51357
1780033191	2	50647
1780033191	3	50901
1780033191	4	50743
1780033191	5	51217
1780033191	6	50705
1780033191	7	50743
1780033196	0	50721
1780033196	1	51357
1780033196	2	50647
1780033196	3	50901
1780033196	4	50743
1780033196	5	51217
1780033196	6	50705
1780033196	7	50743
1780033202	0	50721
1780033202	1	51357
1780033202	2	50647
1780033202	3	50901
1780033202	4	50743
1780033202	5	51217
1780033202	6	50705
1780033202	7	50743
1780033207	0	50721
1780033207	1	51357
1780033207	2	50647
1780033207	3	50901
1780033207	4	50743
1780033207	5	51217
1780033207	6	50705
1780033207	7	50743
1780033212	0	50721
1780033212	1	51357
1780033212	2	50647
1780033212	3	50901
1780033212	4	50743
1780033212	5	51217
1780033212	6	50705
1780033212	7	50743
1780033218	0	50721
1780033218	1	51357
1780033218	2	50647
1780033218	3	50901
1780033218	4	50743
1780033218	5	51217
1780033218	6	50705
1780033218	7	50743
1780033223	0	50721
1780033223	1	51357
1780033223	2	50647
1780033223	3	50901
1780033223	4	50743
1780033223	5	51217
1780033223	6	50705
1780033223	7	50743
1780033228	0	50721
1780033228	1	51357
1780033228	2	50647
1780033228	3	50901
1780033228	4	50743
1780033228	5	51217
1780033228	6	50705
1780033228	7	50743
1780033234	0	50721
1780033234	1	51357
1780033234	2	50647
1780033234	3	50901
1780033234	4	50743
1780033234	5	51217
1780033234	6	50705
1780033234	7	50743
1780033239	0	50721
1780033239	1	51357
1780033239	2	50647
1780033239	3	50901
1780033239	4	50743
1780033239	5	51217
1780033239	6	50705
1780033239	7	50743
1780033244	0	50721
1780033244	1	51357
1780033244	2	50647
1780033244	3	50901
1780033244	4	50743
1780033244	5	51217
1780033244	6	50705
1780033244	7	50743
1780033250	0	50721
1780033250	1	51357
1780033250	2	50647
1780033250	3	50901
1780033250	4	50743
1780033250	5	51217
1780033250	6	50705
1780033250	7	50743
1780033255	0	50721
1780033255	1	51357
1780033255	2	50647
1780033255	3	50901
1780033255	4	50743
1780033255	5	51217
1780033255	6	50705
1780033255	7	50743
1780033260	0	50721
1780033260	1	51357
1780033260	2	50647
1780033260	3	50901
1780033260	4	50743
1780033260	5	51217
1780033260	6	50705
1780033260	7	50743
1780033266	0	50721
1780033266	1	51357
1780033266	2	50647
1780033266	3	50901
1780033266	4	50743
1780033266	5	51217
1780033266	6	50705
1780033266	7	50743
1780033271	0	50721
1780033271	1	51357
1780033271	2	50647
1780033271	3	50901
1780033271	4	50743
1780033271	5	51217
1780033271	6	50705
1780033271	7	50743
1780033276	0	50721
1780033276	1	51357
1780033276	2	50647
1780033276	3	50901
1780033276	4	50743
1780033276	5	51217
1780033276	6	50705
1780033276	7	50743
1780033282	0	50721
1780033282	1	51357
1780033282	2	50647
1780033282	3	50901
1780033282	4	50743
1780033282	5	51217
1780033282	6	50705
1780033282	7	50743
1780033287	0	50721
1780033287	1	51357
1780033287	2	50647
1780033287	3	50901
1780033287	4	50743
1780033287	5	51217
1780033287	6	50705
1780033287	7	50743
1780033292	0	50721
1780033292	1	51357
1780033292	2	50647
1780033292	3	50901
1780033292	4	50743
1780033292	5	51217
1780033292	6	50705
1780033292	7	50743
1780033298	0	50721
1780033298	1	51357
1780033298	2	50647
1780033298	3	50901
1780033298	4	50743
1780033298	5	51217
1780033298	6	50705
1780033298	7	50743
1780033303	0	50721
1780033303	1	51357
1780033303	2	50647
1780033303	3	50901
1780033303	4	50743
1780033303	5	51217
1780033303	6	50705
1780033303	7	50743
1780033308	0	50721
1780033308	1	51357
1780033308	2	50647
1780033308	3	50901
1780033308	4	50743
1780033308	5	51217
1780033308	6	50705
1780033308	7	50743
1780033313	0	50721
1780033313	1	51357
1780033313	2	50647
1780033313	3	50901
1780033313	4	50743
1780033313	5	51217
1780033313	6	50705
1780033313	7	50743
1780033319	0	50721
1780033319	1	51357
1780033319	2	50647
1780033319	3	50901
1780033319	4	50743
1780033319	5	51217
1780033319	6	50705
1780033319	7	50743
1780033324	0	50721
1780033324	1	51357
1780033324	2	50647
1780033324	3	50901
1780033324	4	50743
1780033324	5	51217
1780033324	6	50705
1780033324	7	50743
1780033329	0	50721
1780033329	1	51357
1780033329	2	50647
1780033329	3	50901
1780033329	4	50743
1780033329	5	51217
1780033329	6	50705
1780033329	7	50743
1780033335	0	50721
1780033335	1	51357
1780033335	2	50647
1780033335	3	50901
1780033335	4	50743
1780033335	5	51217
1780033335	6	50705
1780033335	7	50743
1780033340	0	50721
1780033340	1	51357
1780033340	2	50647
1780033340	3	50901
1780033340	4	50743
1780033340	5	51217
1780033340	6	50705
1780033340	7	50743
1780033345	0	50721
1780033345	1	51357
1780033345	2	50647
1780033345	3	50901
1780033345	4	50743
1780033345	5	51217
1780033345	6	50705
1780033345	7	50743
1780033351	0	50721
1780033351	1	51357
1780033351	2	50647
1780033351	3	50901
1780033351	4	50743
1780033351	5	51217
1780033351	6	50705
1780033351	7	50743
1780033356	0	50721
1780033356	1	51357
1780033356	2	50647
1780033356	3	50901
1780033356	4	50743
1780033356	5	51217
1780033356	6	50705
1780033356	7	50743
1780033361	0	50721
1780033361	1	51357
1780033361	2	50647
1780033361	3	50901
1780033361	4	50743
1780033361	5	51217
1780033361	6	50705
1780033361	7	50743
1780033367	0	50721
1780033367	1	51357
1780033367	2	50647
1780033367	3	50901
1780033367	4	50743
1780033367	5	51217
1780033367	6	50705
1780033367	7	50743
1780033372	0	50721
1780033372	1	51357
1780033372	2	50647
1780033372	3	50901
1780033372	4	50743
1780033372	5	51217
1780033372	6	50705
1780033372	7	50743
1780033377	0	50721
1780033377	1	51357
1780033377	2	50647
1780033377	3	50901
1780033377	4	50743
1780033377	5	51217
1780033377	6	50705
1780033377	7	50743
1780033383	0	50721
1780033383	1	51357
1780033383	2	50647
1780033383	3	50901
1780033383	4	50743
1780033383	5	51217
1780033383	6	50705
1780033383	7	50743
1780033388	0	50721
1780033388	1	51357
1780033388	2	50647
1780033388	3	50901
1780033388	4	50743
1780033388	5	51217
1780033388	6	50705
1780033388	7	50743
1780033393	0	50721
1780033393	1	51357
1780033393	2	50647
1780033393	3	50901
1780033393	4	50743
1780033393	5	51217
1780033393	6	50705
1780033393	7	50743
1780033399	0	50721
1780033399	1	51357
1780033399	2	50647
1780033399	3	50901
1780033399	4	50743
1780033399	5	51217
1780033399	6	50705
1780033399	7	50743
1780033404	0	50721
1780033404	1	51357
1780033404	2	50647
1780033404	3	50901
1780033404	4	50743
1780033404	5	51217
1780033404	6	50705
1780033404	7	50743
1780033410	0	50721
1780033410	1	51357
1780033410	2	50647
1780033410	3	50901
1780033410	4	50743
1780033410	5	51217
1780033410	6	50705
1780033410	7	50743
1780033415	0	50721
1780033415	1	51357
1780033415	2	50647
1780033415	3	50901
1780033415	4	50743
1780033415	5	51217
1780033415	6	50705
1780033415	7	50743
1780033420	0	50721
1780033420	1	51357
1780033420	2	50647
1780033420	3	50901
1780033420	4	50743
1780033420	5	51217
1780033420	6	50705
1780033420	7	50743
1780033426	0	50721
1780033426	1	51357
1780033426	2	50647
1780033426	3	50901
1780033426	4	50743
1780033426	5	51217
1780033426	6	50705
1780033426	7	50743
1780033431	0	50721
1780033431	1	51357
1780033431	2	50647
1780033431	3	50901
1780033431	4	50743
1780033431	5	51217
1780033431	6	50705
1780033431	7	50743
1780033436	0	50721
1780033436	1	51357
1780033436	2	50647
1780033436	3	50901
1780033436	4	50743
1780033436	5	51217
1780033436	6	50705
1780033436	7	50743
1780033441	0	50721
1780033441	1	51357
1780033441	2	50647
1780033441	3	50901
1780033441	4	50743
1780033441	5	51217
1780033441	6	50705
1780033441	7	50743
1780033447	0	50721
1780033447	1	51357
1780033447	2	50647
1780033447	3	50901
1780033447	4	50743
1780033447	5	51217
1780033447	6	50705
1780033447	7	50743
1780033452	0	50721
1780033452	1	51357
1780033452	2	50647
1780033452	3	50901
1780033452	4	50743
1780033452	5	51217
1780033452	6	50705
1780033452	7	50743
1780033457	0	50721
1780033457	1	51357
1780033457	2	50647
1780033457	3	50901
1780033457	4	50743
1780033457	5	51217
1780033457	6	50705
1780033457	7	50743
1780033463	0	50721
1780033463	1	51357
1780033463	2	50647
1780033463	3	50901
1780033463	4	50743
1780033463	5	51217
1780033463	6	50705
1780033463	7	50743
1780033468	0	50721
1780033468	1	51357
1780033468	2	50647
1780033468	3	50901
1780033468	4	50743
1780033468	5	51217
1780033468	6	50705
1780033468	7	50743
1780033473	0	50721
1780033473	1	51357
1780033473	2	50647
1780033473	3	50901
1780033473	4	50743
1780033473	5	51217
1780033473	6	50705
1780033473	7	50743
1780033479	0	50721
1780033479	1	51357
1780033479	2	50647
1780033479	3	50901
1780033479	4	50743
1780033479	5	51217
1780033479	6	50705
1780033479	7	50743
1780033484	0	50721
1780033484	1	51357
1780033484	2	50647
1780033484	3	50901
1780033484	4	50743
1780033484	5	51217
1780033484	6	50705
1780033484	7	50743
1780033489	0	50721
1780033489	1	51357
1780033489	2	50647
1780033489	3	50901
1780033489	4	50743
1780033489	5	51217
1780033489	6	50705
1780033489	7	50743
1780033495	0	50721
1780033495	1	51357
1780033495	2	50647
1780033495	3	50901
1780033495	4	50743
1780033495	5	51217
1780033495	6	50705
1780033495	7	50743
1780033500	0	50721
1780033500	1	51357
1780033500	2	50647
1780033500	3	50901
1780033500	4	50743
1780033500	5	51217
1780033500	6	50705
1780033500	7	50743
1780033505	0	50721
1780033505	1	51357
1780033505	2	50647
1780033505	3	50901
1780033505	4	50743
1780033505	5	51217
1780033505	6	50705
1780033505	7	50743
1780033511	0	50721
1780033511	1	51357
1780033511	2	50647
1780033511	3	50901
1780033511	4	50743
1780033511	5	51217
1780033511	6	50705
1780033511	7	50743
1780033516	0	50721
1780033516	1	51357
1780033516	2	50647
1780033516	3	50901
1780033516	4	50743
1780033516	5	51217
1780033516	6	50705
1780033516	7	50743
1780033521	0	50721
1780033521	1	51357
1780033521	2	50647
1780033521	3	50901
1780033521	4	50743
1780033521	5	51217
1780033521	6	50705
1780033521	7	50743
1780033526	0	50721
1780033526	1	51357
1780033526	2	50647
1780033526	3	50901
1780033526	4	50743
1780033526	5	51217
1780033526	6	50705
1780033526	7	50743
1780033532	0	50721
1780033532	1	51357
1780033532	2	50647
1780033532	3	50901
1780033532	4	50743
1780033532	5	51217
1780033532	6	50705
1780033532	7	50743
1780033537	0	50721
1780033537	1	51357
1780033537	2	50647
1780033537	3	50901
1780033537	4	50743
1780033537	5	51217
1780033537	6	50705
1780033537	7	50743
1780033542	0	50721
1780033542	1	51357
1780033542	2	50647
1780033542	3	50901
1780033542	4	50743
1780033542	5	51217
1780033542	6	50705
1780033542	7	50743
1780033548	0	50721
1780033548	1	51357
1780033548	2	50647
1780033548	3	50901
1780033548	4	50743
1780033548	5	51217
1780033548	6	50705
1780033548	7	50743
1780033553	0	50721
1780033553	1	51357
1780033553	2	50647
1780033553	3	50901
1780033553	4	50743
1780033553	5	51217
1780033553	6	50705
1780033553	7	50743
1780033558	0	50721
1780033558	1	51357
1780033558	2	50647
1780033558	3	50901
1780033558	4	50743
1780033558	5	51217
1780033558	6	50705
1780033558	7	50743
1780033564	0	50721
1780033564	1	51357
1780033564	2	50647
1780033564	3	50901
1780033564	4	50743
1780033564	5	51217
1780033564	6	50705
1780033564	7	50743
1780033569	0	50721
1780033569	1	51357
1780033569	2	50647
1780033569	3	50901
1780033569	4	50743
1780033569	5	51217
1780033569	6	50705
1780033569	7	50743
1780033574	0	50721
1780033574	1	51357
1780033574	2	50647
1780033574	3	50901
1780033574	4	50743
1780033574	5	51217
1780033574	6	50705
1780033574	7	50743
1780033580	0	50721
1780033580	1	51357
1780033580	2	50647
1780033580	3	50901
1780033580	4	50743
1780033580	5	51217
1780033580	6	50705
1780033580	7	50743
1780033585	0	50721
1780033585	1	51357
1780033585	2	50647
1780033585	3	50901
1780033585	4	50743
1780033585	5	51217
1780033585	6	50705
1780033585	7	50743
1780033590	0	50721
1780033590	1	51357
1780033590	2	50647
1780033590	3	50901
1780033590	4	50743
1780033590	5	51217
1780033590	6	50705
1780033590	7	50743
1780033596	0	50721
1780033596	1	51357
1780033596	2	50647
1780033596	3	50901
1780033596	4	50743
1780033596	5	51217
1780033596	6	50705
1780033596	7	50743
1780033601	0	50721
1780033601	1	51357
1780033601	2	50647
1780033601	3	50901
1780033601	4	50743
1780033601	5	51217
1780033601	6	50705
1780033601	7	50743
1780033606	0	50721
1780033606	1	51357
1780033606	2	50647
1780033606	3	50901
1780033606	4	50743
1780033606	5	51217
1780033606	6	50705
1780033606	7	50743
1780033612	0	50721
1780033612	1	51357
1780033612	2	50647
1780033612	3	50901
1780033612	4	50743
1780033612	5	51217
1780033612	6	50705
1780033612	7	50743
1780033617	0	50721
1780033617	1	51357
1780033617	2	50647
1780033617	3	50901
1780033617	4	50743
1780033617	5	51217
1780033617	6	50705
1780033617	7	50743
1780033622	0	50721
1780033622	1	51357
1780033622	2	50647
1780033622	3	50901
1780033622	4	50743
1780033622	5	51217
1780033622	6	50705
1780033622	7	50743
1780033628	0	50721
1780033628	1	51357
1780033628	2	50647
1780033628	3	50901
1780033628	4	50743
1780033628	5	51217
1780033628	6	50705
1780033628	7	50743
1780033633	0	50721
1780033633	1	51357
1780033633	2	50647
1780033633	3	50901
1780033633	4	50743
1780033633	5	51217
1780033633	6	50705
1780033633	7	50743
1780033638	0	50721
1780033638	1	51357
1780033638	2	50647
1780033638	3	50901
1780033638	4	50743
1780033638	5	51217
1780033638	6	50705
1780033638	7	50743
1780033644	0	50721
1780033644	1	51357
1780033644	2	50647
1780033644	3	50901
1780033644	4	50743
1780033644	5	51217
1780033644	6	50705
1780033644	7	50743
1780033649	0	50721
1780033649	1	51357
1780033649	2	50647
1780033649	3	50901
1780033649	4	50743
1780033649	5	51217
1780033649	6	50705
1780033649	7	50743
1780033654	0	50721
1780033654	1	51357
1780033654	2	50647
1780033654	3	50901
1780033654	4	50743
1780033654	5	51217
1780033654	6	50705
1780033654	7	50743
1780033660	0	50721
1780033660	1	51357
1780033660	2	50647
1780033660	3	50901
1780033660	4	50743
1780033660	5	51217
1780033660	6	50705
1780033660	7	50743
1780033665	0	50721
1780033665	1	51357
1780033665	2	50647
1780033665	3	50901
1780033665	4	50743
1780033665	5	51217
1780033665	6	50705
1780033665	7	50743
1780033670	0	50721
1780033670	1	51357
1780033670	2	50647
1780033670	3	50901
1780033670	4	50743
1780033670	5	51217
1780033670	6	50705
1780033670	7	50743
1780033676	0	50721
1780033676	1	51357
1780033676	2	50647
1780033676	3	50901
1780033676	4	50743
1780033676	5	51217
1780033676	6	50705
1780033676	7	50743
1780033681	0	50721
1780033681	1	51357
1780033681	2	50647
1780033681	3	50901
1780033681	4	50743
1780033681	5	51217
1780033681	6	50705
1780033681	7	50743
1780033686	0	50721
1780033686	1	51357
1780033686	2	50647
1780033686	3	50901
1780033686	4	50743
1780033686	5	51217
1780033686	6	50705
1780033686	7	50743
1780033692	0	50721
1780033692	1	51357
1780033692	2	50647
1780033692	3	50901
1780033692	4	50743
1780033692	5	51217
1780033692	6	50705
1780033692	7	50743
1780033697	0	50721
1780033697	1	51357
1780033697	2	50647
1780033697	3	50901
1780033697	4	50743
1780033697	5	51217
1780033697	6	50705
1780033697	7	50743
1780033702	0	50721
1780033702	1	51357
1780033702	2	50647
1780033702	3	50901
1780033702	4	50743
1780033702	5	51217
1780033702	6	50705
1780033702	7	50743
1780033708	0	50721
1780033708	1	51357
1780033708	2	50647
1780033708	3	50901
1780033708	4	50743
1780033708	5	51217
1780033708	6	50705
1780033708	7	50743
1780033713	0	50721
1780033713	1	51357
1780033713	2	50647
1780033713	3	50901
1780033713	4	50743
1780033713	5	51217
1780033713	6	50705
1780033713	7	50743
1780033718	0	50721
1780033718	1	51357
1780033718	2	50647
1780033718	3	50901
1780033718	4	50743
1780033718	5	51217
1780033718	6	50705
1780033718	7	50743
1780033723	0	50721
1780033723	1	51357
1780033723	2	50647
1780033723	3	50901
1780033723	4	50743
1780033723	5	51217
1780033723	6	50705
1780033723	7	50743
1780033729	0	50721
1780033729	1	51357
1780033729	2	50647
1780033729	3	50901
1780033729	4	50743
1780033729	5	51217
1780033729	6	50705
1780033729	7	50743
1780033734	0	50721
1780033734	1	51357
1780033734	2	50647
1780033734	3	50901
1780033734	4	50743
1780033734	5	51217
1780033734	6	50705
1780033734	7	50743
1780033739	0	50721
1780033739	1	51357
1780033739	2	50647
1780033739	3	50901
1780033739	4	50743
1780033739	5	51217
1780033739	6	50705
1780033739	7	50743
1780033745	0	50721
1780033745	1	51357
1780033745	2	50647
1780033745	3	50901
1780033745	4	50743
1780033745	5	51217
1780033745	6	50705
1780033745	7	50743
1780033750	0	50721
1780033750	1	51357
1780033750	2	50647
1780033750	3	50901
1780033750	4	50743
1780033750	5	51217
1780033750	6	50705
1780033750	7	50743
1780033755	0	50721
1780033755	1	51357
1780033755	2	50647
1780033755	3	50901
1780033755	4	50743
1780033755	5	51217
1780033755	6	50705
1780033755	7	50743
1780033761	0	50721
1780033761	1	51357
1780033761	2	50647
1780033761	3	50901
1780033761	4	50743
1780033761	5	51217
1780033761	6	50705
1780033761	7	50743
1780033766	0	50721
1780033766	1	51357
1780033766	2	50647
1780033766	3	50901
1780033766	4	50743
1780033766	5	51217
1780033766	6	50705
1780033766	7	50743
1780033771	0	50721
1780033771	1	51357
1780033771	2	50647
1780033771	3	50901
1780033771	4	50743
1780033771	5	51217
1780033771	6	50705
1780033771	7	50743
1780033777	0	50721
1780033777	1	51357
1780033777	2	50647
1780033777	3	50901
1780033777	4	50743
1780033777	5	51217
1780033777	6	50705
1780033777	7	50743
1780033782	0	50721
1780033782	1	51357
1780033782	2	50647
1780033782	3	50901
1780033782	4	50743
1780033782	5	51217
1780033782	6	50705
1780033782	7	50743
1780033787	0	50721
1780033787	1	51357
1780033787	2	50647
1780033787	3	50901
1780033787	4	50743
1780033787	5	51217
1780033787	6	50705
1780033787	7	50743
1780033793	0	50721
1780033793	1	51357
1780033793	2	50647
1780033793	3	50901
1780033793	4	50743
1780033793	5	51217
1780033793	6	50705
1780033793	7	50743
1780033798	0	50721
1780033798	1	51357
1780033798	2	50647
1780033798	3	50901
1780033798	4	50743
1780033798	5	51217
1780033798	6	50705
1780033798	7	50743
1780033803	0	50721
1780033803	1	51357
1780033803	2	50647
1780033803	3	50901
1780033803	4	50743
1780033803	5	51217
1780033803	6	50705
1780033803	7	50743
1780033809	0	50721
1780033809	1	51357
1780033809	2	50647
1780033809	3	50901
1780033809	4	50743
1780033809	5	51217
1780033809	6	50705
1780033809	7	50743
1780033814	0	50721
1780033814	1	51357
1780033814	2	50647
1780033814	3	50901
1780033814	4	50743
1780033814	5	51217
1780033814	6	50705
1780033814	7	50743
1780033819	0	50721
1780033819	1	51357
1780033819	2	50647
1780033819	3	50901
1780033819	4	50743
1780033819	5	51217
1780033819	6	50705
1780033819	7	50743
1780033825	0	50721
1780033825	1	51357
1780033825	2	50647
1780033825	3	50901
1780033825	4	50743
1780033825	5	51217
1780033825	6	50705
1780033825	7	50743
1780033830	0	50721
1780033830	1	51357
1780033830	2	50647
1780033830	3	50901
1780033830	4	50743
1780033830	5	51217
1780033830	6	50705
1780033830	7	50743
1780033835	0	50721
1780033835	1	51357
1780033835	2	50647
1780033835	3	50901
1780033835	4	50743
1780033835	5	51217
1780033835	6	50705
1780033835	7	50743
1780033841	0	50721
1780033841	1	51357
1780033841	2	50647
1780033841	3	50901
1780033841	4	50743
1780033841	5	51217
1780033841	6	50705
1780033841	7	50743
1780033846	0	50721
1780033846	1	51357
1780033846	2	50647
1780033846	3	50901
1780033846	4	50743
1780033846	5	51217
1780033846	6	50705
1780033846	7	50743
1780033851	0	50721
1780033851	1	51357
1780033851	2	50647
1780033851	3	50901
1780033851	4	50743
1780033851	5	51217
1780033851	6	50705
1780033851	7	50743
1780033857	0	50721
1780033857	1	51357
1780033857	2	50647
1780033857	3	50901
1780033857	4	50743
1780033857	5	51217
1780033857	6	50705
1780033857	7	50743
1780033862	0	50721
1780033862	1	51357
1780033862	2	50647
1780033862	3	50901
1780033862	4	50743
1780033862	5	51217
1780033862	6	50705
1780033862	7	50743
1780033867	0	50721
1780033867	1	51357
1780033867	2	50647
1780033867	3	50901
1780033867	4	50743
1780033867	5	51217
1780033867	6	50705
1780033867	7	50743
1780033873	0	50721
1780033873	1	51357
1780033873	2	50647
1780033873	3	50901
1780033873	4	50743
1780033873	5	51217
1780033873	6	50705
1780033873	7	50743
1780033878	0	50721
1780033878	1	51357
1780033878	2	50647
1780033878	3	50901
1780033878	4	50743
1780033878	5	51217
1780033878	6	50705
1780033878	7	50743
1780033883	0	50721
1780033883	1	51357
1780033883	2	50647
1780033883	3	50901
1780033883	4	50743
1780033883	5	51217
1780033883	6	50705
1780033883	7	50743
1780033889	0	50721
1780033889	1	51357
1780033889	2	50647
1780033889	3	50901
1780033889	4	50743
1780033889	5	51217
1780033889	6	50705
1780033889	7	50743
1780033894	0	50721
1780033894	1	51357
1780033894	2	50647
1780033894	3	50901
1780033894	4	50743
1780033894	5	51217
1780033894	6	50705
1780033894	7	50743
1780033899	0	50721
1780033899	1	51357
1780033899	2	50647
1780033899	3	50901
1780033899	4	50743
1780033899	5	51217
1780033899	6	50705
1780033899	7	50743
1780033905	0	50721
1780033905	1	51357
1780033905	2	50647
1780033905	3	50901
1780033905	4	50743
1780033905	5	51217
1780033905	6	50705
1780033905	7	50743
1780033910	0	50721
1780033910	1	51357
1780033910	2	50647
1780033910	3	50901
1780033910	4	50743
1780033910	5	51217
1780033910	6	50705
1780033910	7	50743
1780033915	0	50721
1780033915	1	51357
1780033915	2	50647
1780033915	3	50901
1780033915	4	50743
1780033915	5	51217
1780033915	6	50705
1780033915	7	50743
1780033920	0	50721
1780033920	1	51357
1780033920	2	50647
1780033920	3	50901
1780033920	4	50743
1780033920	5	51217
1780033920	6	50705
1780033920	7	50743
1780033926	0	50721
1780033926	1	51357
1780033926	2	50647
1780033926	3	50901
1780033926	4	50743
1780033926	5	51217
1780033926	6	50705
1780033926	7	50743
1780033931	0	50721
1780033931	1	51357
1780033931	2	50647
1780033931	3	50901
1780033931	4	50743
1780033931	5	51217
1780033931	6	50705
1780033931	7	50743
1780033936	0	50721
1780033936	1	51357
1780033936	2	50647
1780033936	3	50901
1780033936	4	50743
1780033936	5	51217
1780033936	6	50705
1780033936	7	50743
1780033942	0	50721
1780033942	1	51357
1780033942	2	50647
1780033942	3	50901
1780033942	4	50743
1780033942	5	51217
1780033942	6	50705
1780033942	7	50743
1780033947	0	50721
1780033947	1	51357
1780033947	2	50647
1780033947	3	50901
1780033947	4	50743
1780033947	5	51217
1780033947	6	50705
1780033947	7	50743
1780033952	0	50721
1780033952	1	51357
1780033952	2	50647
1780033952	3	50901
1780033952	4	50743
1780033952	5	51217
1780033952	6	50705
1780033952	7	50743
1780033958	0	50721
1780033958	1	51357
1780033958	2	50647
1780033958	3	50901
1780033958	4	50743
1780033958	5	51217
1780033958	6	50705
1780033958	7	50743
1780033963	0	50721
1780033963	1	51357
1780033963	2	50647
1780033963	3	50901
1780033963	4	50743
1780033963	5	51217
1780033963	6	50705
1780033963	7	50743
1780033969	0	50721
1780033969	1	51357
1780033969	2	50647
1780033969	3	50901
1780033969	4	50743
1780033969	5	51217
1780033969	6	50705
1780033969	7	50743
1780033974	0	50721
1780033974	1	51357
1780033974	2	50647
1780033974	3	50901
1780033974	4	50743
1780033974	5	51217
1780033974	6	50705
1780033974	7	50743
1780033979	0	50721
1780033979	1	51357
1780033979	2	50647
1780033979	3	50901
1780033979	4	50743
1780033979	5	51217
1780033979	6	50705
1780033979	7	50743
1780033985	0	50721
1780033985	1	51357
1780033985	2	50647
1780033985	3	50901
1780033985	4	50743
1780033985	5	51217
1780033985	6	50705
1780033985	7	50743
1780033990	0	50721
1780033990	1	51357
1780033990	2	50647
1780033990	3	50901
1780033990	4	50743
1780033990	5	51217
1780033990	6	50705
1780033990	7	50743
1780033995	0	50721
1780033995	1	51357
1780033995	2	50647
1780033995	3	50901
1780033995	4	50743
1780033995	5	51217
1780033995	6	50705
1780033995	7	50743
1780034001	0	50721
1780034001	1	51357
1780034001	2	50647
1780034001	3	50901
1780034001	4	50743
1780034001	5	51217
1780034001	6	50705
1780034001	7	50743
1780034006	0	50721
1780034006	1	51357
1780034006	2	50647
1780034006	3	50901
1780034006	4	50743
1780034006	5	51217
1780034006	6	50705
1780034006	7	50743
1780034011	0	50721
1780034011	1	51357
1780034011	2	50647
1780034011	3	50901
1780034011	4	50743
1780034011	5	51217
1780034011	6	50705
1780034011	7	50743
1780034017	0	50721
1780034017	1	51357
1780034017	2	50647
1780034017	3	50901
1780034017	4	50743
1780034017	5	51217
1780034017	6	50705
1780034017	7	50743
1780034022	0	50721
1780034022	1	51357
1780034022	2	50647
1780034022	3	50901
1780034022	4	50743
1780034022	5	51217
1780034022	6	50705
1780034022	7	50743
1780034027	0	50721
1780034027	1	51357
1780034027	2	50647
1780034027	3	50901
1780034027	4	50743
1780034027	5	51217
1780034027	6	50705
1780034027	7	50743
1780034033	0	50721
1780034033	1	51357
1780034033	2	50647
1780034033	3	50901
1780034033	4	50743
1780034033	5	51217
1780034033	6	50705
1780034033	7	50743
1780034038	0	50721
1780034038	1	51357
1780034038	2	50647
1780034038	3	50901
1780034038	4	50743
1780034038	5	51217
1780034038	6	50705
1780034038	7	50743
1780034043	0	50721
1780034043	1	51357
1780034043	2	50647
1780034043	3	50901
1780034043	4	50743
1780034043	5	51217
1780034043	6	50705
1780034043	7	50743
1780034049	0	50721
1780034049	1	51357
1780034049	2	50647
1780034049	3	50901
1780034049	4	50743
1780034049	5	51217
1780034049	6	50705
1780034049	7	50743
1780034054	0	50721
1780034054	1	51357
1780034054	2	50647
1780034054	3	50901
1780034054	4	50743
1780034054	5	51217
1780034054	6	50705
1780034054	7	50743
1780034059	0	50721
1780034059	1	51357
1780034059	2	50647
1780034059	3	50901
1780034059	4	50743
1780034059	5	51217
1780034059	6	50705
1780034059	7	50743
1780034064	0	50721
1780034064	1	51357
1780034064	2	50647
1780034064	3	50901
1780034064	4	50743
1780034064	5	51217
1780034064	6	50705
1780034064	7	50743
1780034070	0	50721
1780034070	1	51357
1780034070	2	50647
1780034070	3	50901
1780034070	4	50743
1780034070	5	51217
1780034070	6	50705
1780034070	7	50743
1780034075	0	50721
1780034075	1	51357
1780034075	2	50647
1780034075	3	50901
1780034075	4	50743
1780034075	5	51217
1780034075	6	50705
1780034075	7	50743
1780034080	0	50721
1780034080	1	51357
1780034080	2	50647
1780034080	3	50901
1780034080	4	50743
1780034080	5	51217
1780034080	6	50705
1780034080	7	50743
1780034086	0	50721
1780034086	1	51357
1780034086	2	50647
1780034086	3	50901
1780034086	4	50743
1780034086	5	51217
1780034086	6	50705
1780034086	7	50743
1780034091	0	50721
1780034091	1	51357
1780034091	2	50647
1780034091	3	50901
1780034091	4	50743
1780034091	5	51217
1780034091	6	50705
1780034091	7	50743
1780034096	0	50721
1780034096	1	51357
1780034096	2	50647
1780034096	3	50901
1780034096	4	50743
1780034096	5	51217
1780034096	6	50705
1780034096	7	50743
1780034102	0	50721
1780034102	1	51357
1780034102	2	50647
1780034102	3	50901
1780034102	4	50743
1780034102	5	51217
1780034102	6	50705
1780034102	7	50743
1780034107	0	50721
1780034107	1	51357
1780034107	2	50647
1780034107	3	50901
1780034107	4	50743
1780034107	5	51217
1780034107	6	50705
1780034107	7	50743
1780034112	0	50721
1780034112	1	51357
1780034112	2	50647
1780034112	3	50901
1780034112	4	50743
1780034112	5	51217
1780034112	6	50705
1780034112	7	50743
1780034118	0	50721
1780034118	1	51357
1780034118	2	50647
1780034118	3	50901
1780034118	4	50743
1780034118	5	51217
1780034118	6	50705
1780034118	7	50743
1780034123	0	50721
1780034123	1	51357
1780034123	2	50647
1780034123	3	50901
1780034123	4	50743
1780034123	5	51217
1780034123	6	50705
1780034123	7	50743
1780034128	0	50721
1780034128	1	51357
1780034128	2	50647
1780034128	3	50901
1780034128	4	50743
1780034128	5	51217
1780034128	6	50705
1780034128	7	50743
1780034134	0	50721
1780034134	1	51357
1780034134	2	50647
1780034134	3	50901
1780034134	4	50743
1780034134	5	51217
1780034134	6	50705
1780034134	7	50743
1780034139	0	50721
1780034139	1	51357
1780034139	2	50647
1780034139	3	50901
1780034139	4	50743
1780034139	5	51217
1780034139	6	50705
1780034139	7	50743
1780034144	0	50721
1780034144	1	51357
1780034144	2	50647
1780034144	3	50901
1780034144	4	50743
1780034144	5	51217
1780034144	6	50705
1780034144	7	50743
1780034150	0	50721
1780034150	1	51357
1780034150	2	50647
1780034150	3	50901
1780034150	4	50743
1780034150	5	51217
1780034150	6	50705
1780034150	7	50743
1780034155	0	50721
1780034155	1	51357
1780034155	2	50647
1780034155	3	50901
1780034155	4	50743
1780034155	5	51217
1780034155	6	50705
1780034155	7	50743
1780034160	0	50721
1780034160	1	51357
1780034160	2	50647
1780034160	3	50901
1780034160	4	50743
1780034160	5	51217
1780034160	6	50705
1780034160	7	50743
1780034166	0	50721
1780034166	1	51357
1780034166	2	50647
1780034166	3	50901
1780034166	4	50743
1780034166	5	51217
1780034166	6	50705
1780034166	7	50743
1780034171	0	50721
1780034171	1	51357
1780034171	2	50647
1780034171	3	50901
1780034171	4	50743
1780034171	5	51217
1780034171	6	50705
1780034171	7	50743
1780034176	0	50721
1780034176	1	51357
1780034176	2	50647
1780034176	3	50901
1780034176	4	50743
1780034176	5	51217
1780034176	6	50705
1780034176	7	50743
1780034181	0	50721
1780034181	1	51357
1780034181	2	50647
1780034181	3	50901
1780034181	4	50743
1780034181	5	51217
1780034181	6	50705
1780034181	7	50743
1780034187	0	50721
1780034187	1	51357
1780034187	2	50647
1780034187	3	50901
1780034187	4	50743
1780034187	5	51217
1780034187	6	50705
1780034187	7	50743
1780034192	0	50721
1780034192	1	51357
1780034192	2	50647
1780034192	3	50901
1780034192	4	50743
1780034192	5	51217
1780034192	6	50705
1780034192	7	50743
1780034197	0	50721
1780034197	1	51357
1780034197	2	50647
1780034197	3	50901
1780034197	4	50743
1780034197	5	51217
1780034197	6	50705
1780034197	7	50743
1780034203	0	50721
1780034203	1	51357
1780034203	2	50647
1780034203	3	50901
1780034203	4	50743
1780034203	5	51217
1780034203	6	50705
1780034203	7	50743
1780034208	0	50721
1780034208	1	51357
1780034208	2	50647
1780034208	3	50901
1780034208	4	50743
1780034208	5	51217
1780034208	6	50705
1780034208	7	50743
1780034213	0	50721
1780034213	1	51357
1780034213	2	50647
1780034213	3	50901
1780034213	4	50743
1780034213	5	51217
1780034213	6	50705
1780034213	7	50743
1780034219	0	50721
1780034219	1	51357
1780034219	2	50647
1780034219	3	50901
1780034219	4	50743
1780034219	5	51217
1780034219	6	50705
1780034219	7	50743
1780034224	0	50721
1780034224	1	51357
1780034224	2	50647
1780034224	3	50901
1780034224	4	50743
1780034224	5	51217
1780034224	6	50705
1780034224	7	50743
1780034229	0	50721
1780034229	1	51357
1780034229	2	50647
1780034229	3	50901
1780034229	4	50743
1780034229	5	51217
1780034229	6	50705
1780034229	7	50743
1780034235	0	50721
1780034235	1	51357
1780034235	2	50647
1780034235	3	50901
1780034235	4	50743
1780034235	5	51217
1780034235	6	50705
1780034235	7	50743
1780034240	0	50721
1780034240	1	51357
1780034240	2	50647
1780034240	3	50901
1780034240	4	50743
1780034240	5	51217
1780034240	6	50705
1780034240	7	50743
1780034245	0	50721
1780034245	1	51357
1780034245	2	50647
1780034245	3	50901
1780034245	4	50743
1780034245	5	51217
1780034245	6	50705
1780034245	7	50743
1780034251	0	50721
1780034251	1	51357
1780034251	2	50647
1780034251	3	50901
1780034251	4	50743
1780034251	5	51217
1780034251	6	50705
1780034251	7	50743
1780034256	0	50721
1780034256	1	51357
1780034256	2	50647
1780034256	3	50901
1780034256	4	50743
1780034256	5	51217
1780034256	6	50705
1780034256	7	50743
1780034261	0	50721
1780034261	1	51357
1780034261	2	50647
1780034261	3	50901
1780034261	4	50743
1780034261	5	51217
1780034261	6	50705
1780034261	7	50743
1780034266	0	50721
1780034266	1	51357
1780034266	2	50647
1780034266	3	50901
1780034266	4	50743
1780034266	5	51217
1780034266	6	50705
1780034266	7	50743
1780034272	0	50721
1780034272	1	51357
1780034272	2	50647
1780034272	3	50901
1780034272	4	50743
1780034272	5	51217
1780034272	6	50705
1780034272	7	50743
1780034277	0	50721
1780034277	1	51357
1780034277	2	50647
1780034277	3	50901
1780034277	4	50743
1780034277	5	51217
1780034277	6	50705
1780034277	7	50743
1780034282	0	50721
1780034282	1	51357
1780034282	2	50647
1780034282	3	50901
1780034282	4	50743
1780034282	5	51217
1780034282	6	50705
1780034282	7	50743
1780034288	0	50721
1780034288	1	51357
1780034288	2	50647
1780034288	3	50901
1780034288	4	50743
1780034288	5	51217
1780034288	6	50705
1780034288	7	50743
1780034293	0	50721
1780034293	1	51357
1780034293	2	50647
1780034293	3	50901
1780034293	4	50743
1780034293	5	51217
1780034293	6	50705
1780034293	7	50743
1780034298	0	50721
1780034298	1	51357
1780034298	2	50647
1780034298	3	50901
1780034298	4	50743
1780034298	5	51217
1780034298	6	50705
1780034298	7	50743
1780034304	0	50721
1780034304	1	51357
1780034304	2	50647
1780034304	3	50901
1780034304	4	50743
1780034304	5	51217
1780034304	6	50705
1780034304	7	50743
1780034309	0	50721
1780034309	1	51357
1780034309	2	50647
1780034309	3	50901
1780034309	4	50743
1780034309	5	51217
1780034309	6	50705
1780034309	7	50743
1780034314	0	50721
1780034314	1	51357
1780034314	2	50647
1780034314	3	50901
1780034314	4	50743
1780034314	5	51217
1780034314	6	50705
1780034314	7	50743
1780034320	0	50721
1780034320	1	51357
1780034320	2	50647
1780034320	3	50901
1780034320	4	50743
1780034320	5	51217
1780034320	6	50705
1780034320	7	50743
1780034325	0	50721
1780034325	1	51357
1780034325	2	50647
1780034325	3	50901
1780034325	4	50743
1780034325	5	51217
1780034325	6	50705
1780034325	7	50743
1780034330	0	50721
1780034330	1	51357
1780034330	2	50647
1780034330	3	50901
1780034330	4	50743
1780034330	5	51217
1780034330	6	50705
1780034330	7	50743
1780034336	0	50721
1780034336	1	51357
1780034336	2	50647
1780034336	3	50901
1780034336	4	50743
1780034336	5	51217
1780034336	6	50705
1780034336	7	50743
1780034341	0	50721
1780034341	1	51357
1780034341	2	50647
1780034341	3	50901
1780034341	4	50743
1780034341	5	51217
1780034341	6	50705
1780034341	7	50743
1780034346	0	50721
1780034346	1	51357
1780034346	2	50647
1780034346	3	50901
1780034346	4	50743
1780034346	5	51217
1780034346	6	50705
1780034346	7	50743
1780034352	0	50721
1780034352	1	51357
1780034352	2	50647
1780034352	3	50901
1780034352	4	50743
1780034352	5	51217
1780034352	6	50705
1780034352	7	50743
1780034357	0	50721
1780034357	1	51357
1780034357	2	50647
1780034357	3	50901
1780034357	4	50743
1780034357	5	51217
1780034357	6	50705
1780034357	7	50743
1780034362	0	50721
1780034362	1	51357
1780034362	2	50647
1780034362	3	50901
1780034362	4	50743
1780034362	5	51217
1780034362	6	50705
1780034362	7	50743
1780034367	0	50721
1780034367	1	51357
1780034367	2	50647
1780034367	3	50901
1780034367	4	50743
1780034367	5	51217
1780034367	6	50705
1780034367	7	50743
1780034373	0	50721
1780034373	1	51357
1780034373	2	50647
1780034373	3	50901
1780034373	4	50743
1780034373	5	51217
1780034373	6	50705
1780034373	7	50743
1780034378	0	50721
1780034378	1	51357
1780034378	2	50647
1780034378	3	50901
1780034378	4	50743
1780034378	5	51217
1780034378	6	50705
1780034378	7	50743
1780034383	0	50721
1780034383	1	51357
1780034383	2	50647
1780034383	3	50901
1780034383	4	50743
1780034383	5	51217
1780034383	6	50705
1780034383	7	50743
1780034389	0	50721
1780034389	1	51357
1780034389	2	50647
1780034389	3	50901
1780034389	4	50743
1780034389	5	51217
1780034389	6	50705
1780034389	7	50743
1780034394	0	50721
1780034394	1	51357
1780034394	2	50647
1780034394	3	50901
1780034394	4	50743
1780034394	5	51217
1780034394	6	50705
1780034394	7	50743
1780034399	0	50721
1780034399	1	51357
1780034399	2	50647
1780034399	3	50901
1780034399	4	50743
1780034399	5	51217
1780034399	6	50705
1780034399	7	50743
1780034405	0	50721
1780034405	1	51357
1780034405	2	50647
1780034405	3	50901
1780034405	4	50743
1780034405	5	51217
1780034405	6	50705
1780034405	7	50743
1780034410	0	50721
1780034410	1	51357
1780034410	2	50647
1780034410	3	50901
1780034410	4	50743
1780034410	5	51217
1780034410	6	50705
1780034410	7	50743
1780034415	0	50721
1780034415	1	51357
1780034415	2	50647
1780034415	3	50901
1780034415	4	50743
1780034415	5	51217
1780034415	6	50705
1780034415	7	50743
1780034421	0	50721
1780034421	1	51357
1780034421	2	50647
1780034421	3	50901
1780034421	4	50743
1780034421	5	51217
1780034421	6	50705
1780034421	7	50743
1780034426	0	50721
1780034426	1	51357
1780034426	2	50647
1780034426	3	50901
1780034426	4	50743
1780034426	5	51217
1780034426	6	50705
1780034426	7	50743
1780034431	0	50721
1780034431	1	51357
1780034431	2	50647
1780034431	3	50901
1780034431	4	50743
1780034431	5	51217
1780034431	6	50705
1780034431	7	50743
1780034437	0	50721
1780034437	1	51357
1780034437	2	50647
1780034437	3	50901
1780034437	4	50743
1780034437	5	51217
1780034437	6	50705
1780034437	7	50743
1780034442	0	50721
1780034442	1	51357
1780034442	2	50647
1780034442	3	50901
1780034442	4	50743
1780034442	5	51217
1780034442	6	50705
1780034442	7	50743
1780034447	0	50721
1780034447	1	51357
1780034447	2	50647
1780034447	3	50901
1780034447	4	50743
1780034447	5	51217
1780034447	6	50705
1780034447	7	50743
1780034453	0	50721
1780034453	1	51357
1780034453	2	50647
1780034453	3	50901
1780034453	4	50743
1780034453	5	51217
1780034453	6	50705
1780034453	7	50743
1780034458	0	50721
1780034458	1	51357
1780034458	2	50647
1780034458	3	50901
1780034458	4	50743
1780034458	5	51217
1780034458	6	50705
1780034458	7	50743
1780034463	0	50721
1780034463	1	51357
1780034463	2	50647
1780034463	3	50901
1780034463	4	50743
1780034463	5	51217
1780034463	6	50705
1780034463	7	50743
1780034469	0	50721
1780034469	1	51357
1780034469	2	50647
1780034469	3	50901
1780034469	4	50743
1780034469	5	51217
1780034469	6	50705
1780034469	7	50743
1780034474	0	50721
1780034474	1	51357
1780034474	2	50647
1780034474	3	50901
1780034474	4	50743
1780034474	5	51217
1780034474	6	50705
1780034474	7	50743
1780034479	0	50721
1780034479	1	51357
1780034479	2	50647
1780034479	3	50901
1780034479	4	50743
1780034479	5	51217
1780034479	6	50705
1780034479	7	50743
1780034485	0	50721
1780034485	1	51357
1780034485	2	50647
1780034485	3	50901
1780034485	4	50743
1780034485	5	51217
1780034485	6	50705
1780034485	7	50743
1780034490	0	50721
1780034490	1	51357
1780034490	2	50647
1780034490	3	50901
1780034490	4	50743
1780034490	5	51217
1780034490	6	50705
1780034490	7	50743
1780034495	0	50721
1780034495	1	51357
1780034495	2	50647
1780034495	3	50901
1780034495	4	50743
1780034495	5	51217
1780034495	6	50705
1780034495	7	50743
1780034501	0	50721
1780034501	1	51357
1780034501	2	50647
1780034501	3	50901
1780034501	4	50743
1780034501	5	51217
1780034501	6	50705
1780034501	7	50743
1780034506	0	50721
1780034506	1	51357
1780034506	2	50647
1780034506	3	50901
1780034506	4	50743
1780034506	5	51217
1780034506	6	50705
1780034506	7	50743
1780034511	0	50721
1780034511	1	51357
1780034511	2	50647
1780034511	3	50901
1780034511	4	50743
1780034511	5	51217
1780034511	6	50705
1780034511	7	50743
1780034517	0	50721
1780034517	1	51357
1780034517	2	50647
1780034517	3	50901
1780034517	4	50743
1780034517	5	51217
1780034517	6	50705
1780034517	7	50743
1780034522	0	50721
1780034522	1	51357
1780034522	2	50647
1780034522	3	50901
1780034522	4	50743
1780034522	5	51217
1780034522	6	50705
1780034522	7	50743
1780034527	0	50721
1780034527	1	51357
1780034527	2	50647
1780034527	3	50901
1780034527	4	50743
1780034527	5	51217
1780034527	6	50705
1780034527	7	50743
1780034533	0	50721
1780034533	1	51357
1780034533	2	50647
1780034533	3	50901
1780034533	4	50743
1780034533	5	51217
1780034533	6	50705
1780034533	7	50743
1780034538	0	50721
1780034538	1	51357
1780034538	2	50647
1780034538	3	50901
1780034538	4	50743
1780034538	5	51217
1780034538	6	50705
1780034538	7	50743
1780034543	0	50721
1780034543	1	51357
1780034543	2	50647
1780034543	3	50901
1780034543	4	50743
1780034543	5	51217
1780034543	6	50705
1780034543	7	50743
1780034548	0	50721
1780034548	1	51357
1780034548	2	50647
1780034548	3	50901
1780034548	4	50743
1780034548	5	51217
1780034548	6	50705
1780034548	7	50743
1780034554	0	50721
1780034554	1	51357
1780034554	2	50647
1780034554	3	50901
1780034554	4	50743
1780034554	5	51217
1780034554	6	50705
1780034554	7	50743
1780034559	0	50721
1780034559	1	51357
1780034559	2	50647
1780034559	3	50901
1780034559	4	50743
1780034559	5	51217
1780034559	6	50705
1780034559	7	50743
1780034564	0	50721
1780034564	1	51357
1780034564	2	50647
1780034564	3	50901
1780034564	4	50743
1780034564	5	51217
1780034564	6	50705
1780034564	7	50743
1780034570	0	50721
1780034570	1	51357
1780034570	2	50647
1780034570	3	50901
1780034570	4	50743
1780034570	5	51217
1780034570	6	50705
1780034570	7	50743
1780034575	0	50721
1780034575	1	51357
1780034575	2	50647
1780034575	3	50901
1780034575	4	50743
1780034575	5	51217
1780034575	6	50705
1780034575	7	50743
1780034580	0	50721
1780034580	1	51357
1780034580	2	50647
1780034580	3	50901
1780034580	4	50743
1780034580	5	51217
1780034580	6	50705
1780034580	7	50743
1780034586	0	50721
1780034586	1	51357
1780034586	2	50647
1780034586	3	50901
1780034586	4	50743
1780034586	5	51217
1780034586	6	50705
1780034586	7	50743
1780034591	0	50721
1780034591	1	51357
1780034591	2	50647
1780034591	3	50901
1780034591	4	50743
1780034591	5	51217
1780034591	6	50705
1780034591	7	50743
1780034596	0	50721
1780034596	1	51357
1780034596	2	50647
1780034596	3	50901
1780034596	4	50743
1780034596	5	51217
1780034596	6	50705
1780034596	7	50743
1780034602	0	50721
1780034602	1	51357
1780034602	2	50647
1780034602	3	50901
1780034602	4	50743
1780034602	5	51217
1780034602	6	50705
1780034602	7	50743
1780034607	0	50721
1780034607	1	51357
1780034607	2	50647
1780034607	3	50901
1780034607	4	50743
1780034607	5	51217
1780034607	6	50705
1780034607	7	50743
1780034612	0	50721
1780034612	1	51357
1780034612	2	50647
1780034612	3	50901
1780034612	4	50743
1780034612	5	51217
1780034612	6	50705
1780034612	7	50743
1780034618	0	50721
1780034618	1	51357
1780034618	2	50647
1780034618	3	50901
1780034618	4	50743
1780034618	5	51217
1780034618	6	50705
1780034618	7	50743
1780034623	0	50721
1780034623	1	51357
1780034623	2	50647
1780034623	3	50901
1780034623	4	50743
1780034623	5	51217
1780034623	6	50705
1780034623	7	50743
1780034628	0	50721
1780034628	1	51357
1780034628	2	50647
1780034628	3	50901
1780034628	4	50743
1780034628	5	51217
1780034628	6	50705
1780034628	7	50743
1780034634	0	50721
1780034634	1	51357
1780034634	2	50647
1780034634	3	50901
1780034634	4	50743
1780034634	5	51217
1780034634	6	50705
1780034634	7	50743
1780034639	0	50721
1780034639	1	51357
1780034639	2	50647
1780034639	3	50901
1780034639	4	50743
1780034639	5	51217
1780034639	6	50705
1780034639	7	50743
1780034644	0	50721
1780034644	1	51357
1780034644	2	50647
1780034644	3	50901
1780034644	4	50743
1780034644	5	51217
1780034644	6	50705
1780034644	7	50743
1780034650	0	50721
1780034650	1	51357
1780034650	2	50647
1780034650	3	50901
1780034650	4	50743
1780034650	5	51217
1780034650	6	50705
1780034650	7	50743
1780034655	0	50721
1780034655	1	51357
1780034655	2	50647
1780034655	3	50901
1780034655	4	50743
1780034655	5	51217
1780034655	6	50705
1780034655	7	50743
1780034660	0	50721
1780034660	1	51357
1780034660	2	50647
1780034660	3	50901
1780034660	4	50743
1780034660	5	51217
1780034660	6	50705
1780034660	7	50743
1780034665	0	50721
1780034665	1	51357
1780034665	2	50647
1780034665	3	50901
1780034665	4	50743
1780034665	5	51217
1780034665	6	50705
1780034665	7	50743
1780034671	0	50721
1780034671	1	51357
1780034671	2	50647
1780034671	3	50901
1780034671	4	50743
1780034671	5	51217
1780034671	6	50705
1780034671	7	50743
1780034676	0	50721
1780034676	1	51357
1780034676	2	50647
1780034676	3	50901
1780034676	4	50743
1780034676	5	51217
1780034676	6	50705
1780034676	7	50743
1780034681	0	50721
1780034681	1	51357
1780034681	2	50647
1780034681	3	50901
1780034681	4	50743
1780034681	5	51217
1780034681	6	50705
1780034681	7	50743
1780034687	0	50721
1780034687	1	51357
1780034687	2	50647
1780034687	3	50901
1780034687	4	50743
1780034687	5	51217
1780034687	6	50705
1780034687	7	50743
1780034692	0	50721
1780034692	1	51357
1780034692	2	50647
1780034692	3	50901
1780034692	4	50743
1780034692	5	51217
1780034692	6	50705
1780034692	7	50743
1780034697	0	50721
1780034697	1	51357
1780034697	2	50647
1780034697	3	50901
1780034697	4	50743
1780034697	5	51217
1780034697	6	50705
1780034697	7	50743
1780034703	0	50721
1780034703	1	51357
1780034703	2	50647
1780034703	3	50901
1780034703	4	50743
1780034703	5	51217
1780034703	6	50705
1780034703	7	50743
1780034708	0	50721
1780034708	1	51357
1780034708	2	50647
1780034708	3	50901
1780034708	4	50743
1780034708	5	51217
1780034708	6	50705
1780034708	7	50743
1780034713	0	50721
1780034713	1	51357
1780034713	2	50647
1780034713	3	50901
1780034713	4	50743
1780034713	5	51217
1780034713	6	50705
1780034713	7	50743
1780034718	0	50721
1780034718	1	51357
1780034718	2	50687
1780034718	3	50901
1780034718	4	50743
1780034718	5	51217
1780034718	6	50705
1780034718	7	50743
1780034724	0	50721
1780034724	1	51357
1780034724	2	50687
1780034724	3	50901
1780034724	4	50743
1780034724	5	51217
1780034724	6	50705
1780034724	7	50743
1780034729	0	50721
1780034729	1	51357
1780034729	2	50687
1780034729	3	50901
1780034729	4	50743
1780034729	5	51217
1780034729	6	50705
1780034729	7	50743
1780034734	0	50721
1780034734	1	51357
1780034734	2	50687
1780034734	3	50901
1780034734	4	50743
1780034734	5	51217
1780034734	6	50705
1780034734	7	50743
1780034740	0	50721
1780034740	1	51357
1780034740	2	50687
1780034740	3	50901
1780034740	4	50743
1780034740	5	51217
1780034740	6	50705
1780034740	7	50743
1780034745	0	50721
1780034745	1	51357
1780034745	2	50687
1780034745	3	50901
1780034745	4	50743
1780034745	5	51217
1780034745	6	50705
1780034745	7	50743
1780034750	0	50721
1780034750	1	51357
1780034750	2	50687
1780034750	3	50901
1780034750	4	50743
1780034750	5	51217
1780034750	6	50705
1780034750	7	50743
1780034756	0	50721
1780034756	1	51357
1780034756	2	50687
1780034756	3	50901
1780034756	4	50743
1780034756	5	51217
1780034756	6	50705
1780034756	7	50743
1780034761	0	50721
1780034761	1	51357
1780034761	2	50687
1780034761	3	50901
1780034761	4	50743
1780034761	5	51217
1780034761	6	50705
1780034761	7	50743
1780034766	0	50721
1780034766	1	51357
1780034766	2	50687
1780034766	3	50901
1780034766	4	50743
1780034766	5	51217
1780034766	6	50705
1780034766	7	50743
1780034772	0	50721
1780034772	1	51357
1780034772	2	50687
1780034772	3	50901
1780034772	4	50743
1780034772	5	51217
1780034772	6	50705
1780034772	7	50743
1780034777	0	50721
1780034777	1	51357
1780034777	2	50687
1780034777	3	50901
1780034777	4	50743
1780034777	5	51217
1780034777	6	50705
1780034777	7	50743
1780034782	0	50721
1780034782	1	51357
1780034782	2	50687
1780034782	3	50901
1780034782	4	50743
1780034782	5	51217
1780034782	6	50705
1780034782	7	50743
1780034787	0	50721
1780034787	1	51357
1780034787	2	50687
1780034787	3	50901
1780034787	4	50743
1780034787	5	51217
1780034787	6	50705
1780034787	7	50743
1780034793	0	50721
1780034793	1	51357
1780034793	2	50687
1780034793	3	50901
1780034793	4	50743
1780034793	5	51217
1780034793	6	50705
1780034793	7	50743
1780034798	0	50721
1780034798	1	51357
1780034798	2	50687
1780034798	3	50901
1780034798	4	50743
1780034798	5	51217
1780034798	6	50705
1780034798	7	50743
1780034803	0	50721
1780034803	1	51357
1780034803	2	50687
1780034803	3	50901
1780034803	4	50743
1780034803	5	51217
1780034803	6	50705
1780034803	7	50743
1780034809	0	50721
1780034809	1	51357
1780034809	2	50687
1780034809	3	50901
1780034809	4	50743
1780034809	5	51217
1780034809	6	50705
1780034809	7	50743
1780034814	0	50721
1780034814	1	51357
1780034814	2	50687
1780034814	3	50901
1780034814	4	50743
1780034814	5	51217
1780034814	6	50705
1780034814	7	50743
1780034819	0	50721
1780034819	1	51357
1780034819	2	50687
1780034819	3	50901
1780034819	4	50743
1780034819	5	51217
1780034819	6	50705
1780034819	7	50743
1780034825	0	50721
1780034825	1	51357
1780034825	2	50687
1780034825	3	50901
1780034825	4	50743
1780034825	5	51217
1780034825	6	50705
1780034825	7	50743
1780034830	0	50721
1780034830	1	51357
1780034830	2	50687
1780034830	3	50901
1780034830	4	50743
1780034830	5	51217
1780034830	6	50705
1780034830	7	50743
1780034835	0	50721
1780034835	1	51357
1780034835	2	50687
1780034835	3	50901
1780034835	4	50743
1780034835	5	51217
1780034835	6	50705
1780034835	7	50743
1780034841	0	50721
1780034841	1	51357
1780034841	2	50687
1780034841	3	50901
1780034841	4	50743
1780034841	5	51217
1780034841	6	50705
1780034841	7	50743
1780034846	0	50721
1780034846	1	51357
1780034846	2	50687
1780034846	3	50901
1780034846	4	50743
1780034846	5	51217
1780034846	6	50705
1780034846	7	50743
1780034851	0	50721
1780034851	1	51357
1780034851	2	50687
1780034851	3	50901
1780034851	4	50743
1780034851	5	51217
1780034851	6	50705
1780034851	7	50743
1780034857	0	50721
1780034857	1	51357
1780034857	2	50687
1780034857	3	50901
1780034857	4	50743
1780034857	5	51217
1780034857	6	50705
1780034857	7	50743
1780034862	0	50721
1780034862	1	51357
1780034862	2	50687
1780034862	3	50901
1780034862	4	50743
1780034862	5	51217
1780034862	6	50705
1780034862	7	50743
1780034867	0	50721
1780034867	1	51357
1780034867	2	50687
1780034867	3	50901
1780034867	4	50743
1780034867	5	51217
1780034867	6	50705
1780034867	7	50743
1780034872	0	50721
1780034872	1	51357
1780034872	2	50687
1780034872	3	50901
1780034872	4	50743
1780034872	5	51217
1780034872	6	50705
1780034872	7	50743
1780034878	0	50721
1780034878	1	51357
1780034878	2	50687
1780034878	3	50901
1780034878	4	50743
1780034878	5	51217
1780034878	6	50705
1780034878	7	50743
1780034883	0	50721
1780034883	1	51357
1780034883	2	50687
1780034883	3	50901
1780034883	4	50743
1780034883	5	51217
1780034883	6	50705
1780034883	7	50743
1780034888	0	50721
1780034888	1	51357
1780034888	2	50687
1780034888	3	50901
1780034888	4	50743
1780034888	5	51217
1780034888	6	50705
1780034888	7	50743
1780034894	0	50721
1780034894	1	51357
1780034894	2	50687
1780034894	3	50901
1780034894	4	50743
1780034894	5	51217
1780034894	6	50705
1780034894	7	50743
1780034899	0	50721
1780034899	1	51357
1780034899	2	50687
1780034899	3	50901
1780034899	4	50743
1780034899	5	51217
1780034899	6	50705
1780034899	7	50743
1780034904	0	50721
1780034904	1	51357
1780034904	2	50687
1780034904	3	50901
1780034904	4	50743
1780034904	5	51217
1780034904	6	50705
1780034904	7	50743
1780034910	0	50721
1780034910	1	51357
1780034910	2	50687
1780034910	3	50901
1780034910	4	50743
1780034910	5	51217
1780034910	6	50705
1780034910	7	50743
1780034915	0	50721
1780034915	1	51357
1780034915	2	50687
1780034915	3	50901
1780034915	4	50743
1780034915	5	51217
1780034915	6	50705
1780034915	7	50743
1780034920	0	50721
1780034920	1	51357
1780034920	2	50687
1780034920	3	50901
1780034920	4	50743
1780034920	5	51217
1780034920	6	50705
1780034920	7	50743
1780034926	0	50721
1780034926	1	51357
1780034926	2	50687
1780034926	3	50901
1780034926	4	50743
1780034926	5	51217
1780034926	6	50705
1780034926	7	50743
1780034931	0	50721
1780034931	1	51357
1780034931	2	50687
1780034931	3	50901
1780034931	4	50743
1780034931	5	51217
1780034931	6	50705
1780034931	7	50743
1780034936	0	50721
1780034936	1	51357
1780034936	2	50687
1780034936	3	50901
1780034936	4	50743
1780034936	5	51217
1780034936	6	50705
1780034936	7	50743
1780034941	0	50721
1780034941	1	51357
1780034941	2	50687
1780034941	3	50901
1780034941	4	50743
1780034941	5	51217
1780034941	6	50705
1780034941	7	50743
1780034947	0	50721
1780034947	1	51357
1780034947	2	50687
1780034947	3	50901
1780034947	4	50743
1780034947	5	51217
1780034947	6	50705
1780034947	7	50743
1780034952	0	50721
1780034952	1	51357
1780034952	2	50687
1780034952	3	50901
1780034952	4	50743
1780034952	5	51217
1780034952	6	50705
1780034952	7	50743
1780034957	0	50721
1780034957	1	51357
1780034957	2	50687
1780034957	3	50901
1780034957	4	50743
1780034957	5	51217
1780034957	6	50705
1780034957	7	50743
1780034963	0	50721
1780034963	1	51357
1780034963	2	50687
1780034963	3	50901
1780034963	4	50743
1780034963	5	51217
1780034963	6	50705
1780034963	7	50743
1780034968	0	50721
1780034968	1	51357
1780034968	2	50687
1780034968	3	50901
1780034968	4	50743
1780034968	5	51217
1780034968	6	50705
1780034968	7	50743
1780034973	0	50721
1780034973	1	51357
1780034973	2	50687
1780034973	3	50901
1780034973	4	50743
1780034973	5	51217
1780034973	6	50705
1780034973	7	50743
1780034979	0	50721
1780034979	1	51357
1780034979	2	50687
1780034979	3	50901
1780034979	4	50743
1780034979	5	51217
1780034979	6	50705
1780034979	7	50743
1780034984	0	50721
1780034984	1	51357
1780034984	2	50687
1780034984	3	50901
1780034984	4	50743
1780034984	5	51217
1780034984	6	50705
1780034984	7	50743
1780034989	0	50721
1780034989	1	51357
1780034989	2	50687
1780034989	3	50901
1780034989	4	50743
1780034989	5	51217
1780034989	6	50705
1780034989	7	50743
1780034995	0	50721
1780034995	1	51357
1780034995	2	50687
1780034995	3	50901
1780034995	4	50743
1780034995	5	51217
1780034995	6	50705
1780034995	7	50743
1780035000	0	50721
1780035000	1	51357
1780035000	2	50687
1780035000	3	50901
1780035000	4	50743
1780035000	5	51217
1780035000	6	50705
1780035000	7	50743
1780035005	0	50721
1780035005	1	51357
1780035005	2	50687
1780035005	3	50901
1780035005	4	50743
1780035005	5	51217
1780035005	6	50705
1780035005	7	50743
1780035010	0	50721
1780035010	1	51357
1780035010	2	50687
1780035010	3	50901
1780035010	4	50743
1780035010	5	51217
1780035010	6	50705
1780035010	7	50743
1780035016	0	50721
1780035016	1	51357
1780035016	2	50687
1780035016	3	50901
1780035016	4	50743
1780035016	5	51217
1780035016	6	50705
1780035016	7	50743
1780035021	0	50721
1780035021	1	51357
1780035021	2	50687
1780035021	3	50901
1780035021	4	50743
1780035021	5	51217
1780035021	6	50705
1780035021	7	50743
1780035026	0	50721
1780035026	1	51357
1780035026	2	50687
1780035026	3	50901
1780035026	4	50743
1780035026	5	51217
1780035026	6	50705
1780035026	7	50743
1780035032	0	50721
1780035032	1	51357
1780035032	2	50687
1780035032	3	50901
1780035032	4	50743
1780035032	5	51217
1780035032	6	50705
1780035032	7	50743
1780035037	0	50721
1780035037	1	51357
1780035037	2	50687
1780035037	3	50901
1780035037	4	50743
1780035037	5	51217
1780035037	6	50705
1780035037	7	50743
1780035042	0	50721
1780035042	1	51357
1780035042	2	50687
1780035042	3	50901
1780035042	4	50743
1780035042	5	51217
1780035042	6	50705
1780035042	7	50743
1780035048	0	50721
1780035048	1	51357
1780035048	2	50687
1780035048	3	50901
1780035048	4	50743
1780035048	5	51217
1780035048	6	50705
1780035048	7	50743
1780035053	0	50721
1780035053	1	51357
1780035053	2	50687
1780035053	3	50901
1780035053	4	50743
1780035053	5	51217
1780035053	6	50705
1780035053	7	50743
1780035058	0	50721
1780035058	1	51357
1780035058	2	50687
1780035058	3	50901
1780035058	4	50743
1780035058	5	51217
1780035058	6	50705
1780035058	7	50743
1780035063	0	50721
1780035063	1	51357
1780035063	2	50687
1780035063	3	50901
1780035063	4	50743
1780035063	5	51217
1780035063	6	50705
1780035063	7	50743
1780035069	0	50721
1780035069	1	51357
1780035069	2	50687
1780035069	3	50901
1780035069	4	50743
1780035069	5	51217
1780035069	6	50705
1780035069	7	50743
1780035074	0	50721
1780035074	1	51357
1780035074	2	50687
1780035074	3	50901
1780035074	4	50743
1780035074	5	51217
1780035074	6	50705
1780035074	7	50743
1780035079	0	50721
1780035079	1	51357
1780035079	2	50687
1780035079	3	50901
1780035079	4	50743
1780035079	5	51217
1780035079	6	50705
1780035079	7	50743
1780035085	0	50721
1780035085	1	51357
1780035085	2	50687
1780035085	3	50901
1780035085	4	50743
1780035085	5	51217
1780035085	6	50705
1780035085	7	50743
1780035090	0	50721
1780035090	1	51357
1780035090	2	50687
1780035090	3	50901
1780035090	4	50743
1780035090	5	51217
1780035090	6	50705
1780035090	7	50743
1780035095	0	50721
1780035095	1	51357
1780035095	2	50687
1780035095	3	50901
1780035095	4	50743
1780035095	5	51217
1780035095	6	50705
1780035095	7	50743
1780035101	0	50721
1780035101	1	51357
1780035101	2	50687
1780035101	3	50901
1780035101	4	50743
1780035101	5	51217
1780035101	6	50705
1780035101	7	50743
1780035106	0	50721
1780035106	1	51357
1780035106	2	50687
1780035106	3	50901
1780035106	4	50743
1780035106	5	51217
1780035106	6	50705
1780035106	7	50743
1780035111	0	50721
1780035111	1	51357
1780035111	2	50687
1780035111	3	50901
1780035111	4	50743
1780035111	5	51217
1780035111	6	50705
1780035111	7	50743
1780035117	0	50721
1780035117	1	51357
1780035117	2	50687
1780035117	3	50901
1780035117	4	50743
1780035117	5	51217
1780035117	6	50705
1780035117	7	50743
1780035122	0	50721
1780035122	1	51357
1780035122	2	50687
1780035122	3	50901
1780035122	4	50743
1780035122	5	51217
1780035122	6	50705
1780035122	7	50743
1780035127	0	50721
1780035127	1	51357
1780035127	2	50687
1780035127	3	50901
1780035127	4	50743
1780035127	5	51217
1780035127	6	50705
1780035127	7	50743
1780035132	0	50721
1780035132	1	51357
1780035132	2	50687
1780035132	3	50901
1780035132	4	50743
1780035132	5	51217
1780035132	6	50705
1780035132	7	50743
1780035138	0	50721
1780035138	1	51357
1780035138	2	50687
1780035138	3	50901
1780035138	4	50743
1780035138	5	51217
1780035138	6	50705
1780035138	7	50743
1780035143	0	50721
1780035143	1	51357
1780035143	2	50687
1780035143	3	50901
1780035143	4	50743
1780035143	5	51217
1780035143	6	50705
1780035143	7	50743
1780035148	0	50721
1780035148	1	51357
1780035148	2	50687
1780035148	3	50901
1780035148	4	50743
1780035148	5	51217
1780035148	6	50705
1780035148	7	50743
1780035154	0	50721
1780035154	1	51357
1780035154	2	50687
1780035154	3	50901
1780035154	4	50743
1780035154	5	51217
1780035154	6	50705
1780035154	7	50743
1780035159	0	50721
1780035159	1	51357
1780035159	2	50687
1780035159	3	50901
1780035159	4	50743
1780035159	5	51217
1780035159	6	50705
1780035159	7	50743
1780035164	0	50721
1780035164	1	51357
1780035164	2	50687
1780035164	3	50901
1780035164	4	50743
1780035164	5	51217
1780035164	6	50705
1780035164	7	50743
1780035170	0	50721
1780035170	1	51357
1780035170	2	50687
1780035170	3	50901
1780035170	4	50743
1780035170	5	51217
1780035170	6	50705
1780035170	7	50743
1780035175	0	50721
1780035175	1	51357
1780035175	2	50687
1780035175	3	50901
1780035175	4	50743
1780035175	5	51217
1780035175	6	50705
1780035175	7	50743
1780035180	0	50721
1780035180	1	51357
1780035180	2	50687
1780035180	3	50901
1780035180	4	50743
1780035180	5	51217
1780035180	6	50705
1780035180	7	50743
1780035185	0	50721
1780035185	1	51357
1780035185	2	50687
1780035185	3	50901
1780035185	4	50743
1780035185	5	51217
1780035185	6	50705
1780035185	7	50743
1780035191	0	50721
1780035191	1	51357
1780035191	2	50687
1780035191	3	50901
1780035191	4	50743
1780035191	5	51217
1780035191	6	50705
1780035191	7	50743
1780035196	0	50721
1780035196	1	51357
1780035196	2	50687
1780035196	3	50901
1780035196	4	50743
1780035196	5	51217
1780035196	6	50705
1780035196	7	50743
1780035201	0	50721
1780035201	1	51357
1780035201	2	50687
1780035201	3	50901
1780035201	4	50743
1780035201	5	51217
1780035201	6	50705
1780035201	7	50743
1780035207	0	50721
1780035207	1	51357
1780035207	2	50687
1780035207	3	50901
1780035207	4	50743
1780035207	5	51217
1780035207	6	50705
1780035207	7	50743
1780035212	0	50721
1780035212	1	51357
1780035212	2	50687
1780035212	3	50901
1780035212	4	50743
1780035212	5	51217
1780035212	6	50705
1780035212	7	50743
1780035217	0	50721
1780035217	1	51357
1780035217	2	50687
1780035217	3	50901
1780035217	4	50743
1780035217	5	51217
1780035217	6	50705
1780035217	7	50743
1780035223	0	50721
1780035223	1	51357
1780035223	2	50687
1780035223	3	50901
1780035223	4	50743
1780035223	5	51217
1780035223	6	50705
1780035223	7	50743
1780035228	0	50721
1780035228	1	51357
1780035228	2	50687
1780035228	3	50901
1780035228	4	50743
1780035228	5	51217
1780035228	6	50705
1780035228	7	50743
1780035233	0	50721
1780035233	1	51357
1780035233	2	50687
1780035233	3	50901
1780035233	4	50743
1780035233	5	51217
1780035233	6	50705
1780035233	7	50743
1780035239	0	50721
1780035239	1	51357
1780035239	2	50687
1780035239	3	50901
1780035239	4	50743
1780035239	5	51217
1780035239	6	50705
1780035239	7	50743
1780035244	0	50721
1780035244	1	51357
1780035244	2	50687
1780035244	3	50901
1780035244	4	50743
1780035244	5	51217
1780035244	6	50705
1780035244	7	50743
1780035249	0	50721
1780035249	1	51357
1780035249	2	50687
1780035249	3	50901
1780035249	4	50743
1780035249	5	51217
1780035249	6	50705
1780035249	7	50743
1780035254	0	50721
1780035254	1	51357
1780035254	2	50687
1780035254	3	50901
1780035254	4	50743
1780035254	5	51217
1780035254	6	50705
1780035254	7	50743
1780035260	0	50721
1780035260	1	51357
1780035260	2	50687
1780035260	3	50901
1780035260	4	50743
1780035260	5	51217
1780035260	6	50705
1780035260	7	50743
1780035265	0	50721
1780035265	1	51357
1780035265	2	50687
1780035265	3	50901
1780035265	4	50743
1780035265	5	51217
1780035265	6	50705
1780035265	7	50743
1780035271	0	50721
1780035271	1	51357
1780035271	2	50687
1780035271	3	50901
1780035271	4	50743
1780035271	5	51217
1780035271	6	50705
1780035271	7	50743
1780035276	0	50721
1780035276	1	51357
1780035276	2	50687
1780035276	3	50901
1780035276	4	50743
1780035276	5	51217
1780035276	6	50705
1780035276	7	50743
1780035281	0	50721
1780035281	1	51357
1780035281	2	50687
1780035281	3	50901
1780035281	4	50743
1780035281	5	51217
1780035281	6	50705
1780035281	7	50743
1780035287	0	50721
1780035287	1	51357
1780035287	2	50687
1780035287	3	50901
1780035287	4	50743
1780035287	5	51217
1780035287	6	50705
1780035287	7	50743
1780035292	0	50721
1780035292	1	51357
1780035292	2	50687
1780035292	3	50901
1780035292	4	50743
1780035292	5	51217
1780035292	6	50705
1780035292	7	50743
1780035297	0	50721
1780035297	1	51357
1780035297	2	50687
1780035297	3	50901
1780035297	4	50743
1780035297	5	51217
1780035297	6	50705
1780035297	7	50743
1780035302	0	50721
1780035302	1	51357
1780035302	2	50687
1780035302	3	50901
1780035302	4	50743
1780035302	5	51217
1780035302	6	50705
1780035302	7	50743
1780035308	0	50721
1780035308	1	51357
1780035308	2	50687
1780035308	3	50901
1780035308	4	50743
1780035308	5	51217
1780035308	6	50705
1780035308	7	50743
1780035313	0	50721
1780035313	1	51357
1780035313	2	50687
1780035313	3	50901
1780035313	4	50743
1780035313	5	51217
1780035313	6	50705
1780035313	7	50743
1780035318	0	50721
1780035318	1	51357
1780035318	2	50687
1780035318	3	50901
1780035318	4	50743
1780035318	5	51217
1780035318	6	50705
1780035318	7	50743
1780035324	0	50721
1780035324	1	51357
1780035324	2	50687
1780035324	3	50901
1780035324	4	50743
1780035324	5	51217
1780035324	6	50705
1780035324	7	50743
1780035329	0	50721
1780035329	1	51357
1780035329	2	50687
1780035329	3	50901
1780035329	4	50743
1780035329	5	51217
1780035329	6	50705
1780035329	7	50743
1780035334	0	50721
1780035334	1	51357
1780035334	2	50687
1780035334	3	50901
1780035334	4	50743
1780035334	5	51217
1780035334	6	50705
1780035334	7	50743
1780035340	0	50721
1780035340	1	51357
1780035340	2	50687
1780035340	3	50901
1780035340	4	50743
1780035340	5	51217
1780035340	6	50705
1780035340	7	50743
1780035345	0	50721
1780035345	1	51357
1780035345	2	50687
1780035345	3	50901
1780035345	4	50743
1780035345	5	51217
1780035345	6	50705
1780035345	7	50743
1780035350	0	50721
1780035350	1	51357
1780035350	2	50687
1780035350	3	50901
1780035350	4	50743
1780035350	5	51217
1780035350	6	50705
1780035350	7	50743
1780035356	0	50721
1780035356	1	51357
1780035356	2	50687
1780035356	3	50901
1780035356	4	50743
1780035356	5	51217
1780035356	6	50705
1780035356	7	50743
1780035361	0	50721
1780035361	1	51357
1780035361	2	50687
1780035361	3	50901
1780035361	4	50743
1780035361	5	51217
1780035361	6	50705
1780035361	7	50743
1780035366	0	50721
1780035366	1	51357
1780035366	2	50687
1780035366	3	50901
1780035366	4	50743
1780035366	5	51217
1780035366	6	50705
1780035366	7	50743
1780035371	0	50721
1780035371	1	51357
1780035371	2	50687
1780035371	3	50901
1780035371	4	50743
1780035371	5	51217
1780035371	6	50705
1780035371	7	50743
1780035377	0	50721
1780035377	1	51357
1780035377	2	50687
1780035377	3	50901
1780035377	4	50743
1780035377	5	51217
1780035377	6	50705
1780035377	7	50743
1780035382	0	50721
1780035382	1	51357
1780035382	2	50687
1780035382	3	50901
1780035382	4	50743
1780035382	5	51217
1780035382	6	50705
1780035382	7	50743
1780035387	0	50721
1780035387	1	51357
1780035387	2	50687
1780035387	3	50901
1780035387	4	50743
1780035387	5	51217
1780035387	6	50705
1780035387	7	50743
1780035393	0	50721
1780035393	1	51357
1780035393	2	50687
1780035393	3	50901
1780035393	4	50743
1780035393	5	51217
1780035393	6	50705
1780035393	7	50743
1780035398	0	50721
1780035398	1	51357
1780035398	2	50687
1780035398	3	50901
1780035398	4	50743
1780035398	5	51217
1780035398	6	50705
1780035398	7	50743
1780035403	0	50721
1780035403	1	51357
1780035403	2	50687
1780035403	3	50901
1780035403	4	50743
1780035403	5	51217
1780035403	6	50705
1780035403	7	50743
1780035409	0	50721
1780035409	1	51357
1780035409	2	50687
1780035409	3	50901
1780035409	4	50743
1780035409	5	51217
1780035409	6	50705
1780035409	7	50743
1780035414	0	50721
1780035414	1	51357
1780035414	2	50687
1780035414	3	50901
1780035414	4	50743
1780035414	5	51217
1780035414	6	50705
1780035414	7	50743
1780035419	0	50721
1780035419	1	51357
1780035419	2	50687
1780035419	3	50901
1780035419	4	50743
1780035419	5	51217
1780035419	6	50705
1780035419	7	50743
1780035425	0	50721
1780035425	1	51357
1780035425	2	50687
1780035425	3	50901
1780035425	4	50743
1780035425	5	51217
1780035425	6	50705
1780035425	7	50743
1780035430	0	50721
1780035430	1	51357
1780035430	2	50687
1780035430	3	50901
1780035430	4	50743
1780035430	5	51217
1780035430	6	50705
1780035430	7	50743
1780035435	0	50721
1780035435	1	51357
1780035435	2	50687
1780035435	3	50901
1780035435	4	50743
1780035435	5	51217
1780035435	6	50705
1780035435	7	50743
1780035440	0	50721
1780035440	1	51357
1780035440	2	50687
1780035440	3	50901
1780035440	4	50743
1780035440	5	51217
1780035440	6	50705
1780035440	7	50743
1780035446	0	50721
1780035446	1	51357
1780035446	2	50687
1780035446	3	50901
1780035446	4	50743
1780035446	5	51217
1780035446	6	50705
1780035446	7	50743
1780035451	0	50721
1780035451	1	51357
1780035451	2	50687
1780035451	3	50901
1780035451	4	50743
1780035451	5	51217
1780035451	6	50705
1780035451	7	50743
1780035456	0	50721
1780035456	1	51357
1780035456	2	50687
1780035456	3	50901
1780035456	4	50743
1780035456	5	51217
1780035456	6	50705
1780035456	7	50743
1780035462	0	50721
1780035462	1	51357
1780035462	2	50687
1780035462	3	50901
1780035462	4	50743
1780035462	5	51217
1780035462	6	50705
1780035462	7	50743
1780035467	0	50721
1780035467	1	51357
1780035467	2	50687
1780035467	3	50901
1780035467	4	50743
1780035467	5	51217
1780035467	6	50705
1780035467	7	50743
1780035472	0	50721
1780035472	1	51357
1780035472	2	50687
1780035472	3	50901
1780035472	4	50743
1780035472	5	51217
1780035472	6	50705
1780035472	7	50743
1780035478	0	50721
1780035478	1	51357
1780035478	2	50687
1780035478	3	50901
1780035478	4	50743
1780035478	5	51217
1780035478	6	50705
1780035478	7	50743
1780035483	0	50721
1780035483	1	51357
1780035483	2	50687
1780035483	3	50901
1780035483	4	50743
1780035483	5	51217
1780035483	6	50705
1780035483	7	50743
1780035488	0	50721
1780035488	1	51357
1780035488	2	50687
1780035488	3	50901
1780035488	4	50743
1780035488	5	51217
1780035488	6	50705
1780035488	7	50743
1780035494	0	50721
1780035494	1	51357
1780035494	2	50687
1780035494	3	50901
1780035494	4	50743
1780035494	5	51217
1780035494	6	50705
1780035494	7	50743
1780035499	0	50721
1780035499	1	51357
1780035499	2	50687
1780035499	3	50901
1780035499	4	50743
1780035499	5	51217
1780035499	6	50705
1780035499	7	50743
1780035504	0	50721
1780035504	1	51357
1780035504	2	50687
1780035504	3	50901
1780035504	4	50743
1780035504	5	51217
1780035504	6	50705
1780035504	7	50743
1780035510	0	50721
1780035510	1	51357
1780035510	2	50687
1780035510	3	50901
1780035510	4	50743
1780035510	5	51217
1780035510	6	50705
1780035510	7	50743
1780035515	0	50721
1780035515	1	51357
1780035515	2	50687
1780035515	3	50901
1780035515	4	50743
1780035515	5	51217
1780035515	6	50705
1780035515	7	50743
1780035520	0	50721
1780035520	1	51357
1780035520	2	50687
1780035520	3	50901
1780035520	4	50743
1780035520	5	51217
1780035520	6	50705
1780035520	7	50743
1780035526	0	50721
1780035526	1	51357
1780035526	2	50687
1780035526	3	50901
1780035526	4	50743
1780035526	5	51217
1780035526	6	50705
1780035526	7	50743
1780035531	0	50721
1780035531	1	51357
1780035531	2	50687
1780035531	3	50901
1780035531	4	50743
1780035531	5	51217
1780035531	6	50705
1780035531	7	50743
1780035536	0	50721
1780035536	1	51357
1780035536	2	50687
1780035536	3	50901
1780035536	4	50743
1780035536	5	51217
1780035536	6	50705
1780035536	7	50743
1780035541	0	50721
1780035541	1	51357
1780035541	2	50687
1780035541	3	50901
1780035541	4	50743
1780035541	5	51217
1780035541	6	50705
1780035541	7	50743
1780035547	0	50721
1780035547	1	51357
1780035547	2	50687
1780035547	3	50901
1780035547	4	50743
1780035547	5	51217
1780035547	6	50705
1780035547	7	50743
1780035552	0	50721
1780035552	1	51357
1780035552	2	50687
1780035552	3	50901
1780035552	4	50743
1780035552	5	51217
1780035552	6	50705
1780035552	7	50743
1780035557	0	50721
1780035557	1	51357
1780035557	2	50687
1780035557	3	50901
1780035557	4	50743
1780035557	5	51217
1780035557	6	50705
1780035557	7	50743
1780035563	0	50721
1780035563	1	51357
1780035563	2	50687
1780035563	3	50901
1780035563	4	50743
1780035563	5	51217
1780035563	6	50705
1780035563	7	50743
1780035568	0	50721
1780035568	1	51357
1780035568	2	50687
1780035568	3	50901
1780035568	4	50743
1780035568	5	51217
1780035568	6	50705
1780035568	7	50743
1780035573	0	50721
1780035573	1	51357
1780035573	2	50687
1780035573	3	50901
1780035573	4	50743
1780035573	5	51217
1780035573	6	50705
1780035573	7	50743
1780035579	0	50721
1780035579	1	51357
1780035579	2	50687
1780035579	3	50901
1780035579	4	50743
1780035579	5	51217
1780035579	6	50705
1780035579	7	50743
1780035584	0	50721
1780035584	1	51357
1780035584	2	50687
1780035584	3	50901
1780035584	4	50743
1780035584	5	51217
1780035584	6	50705
1780035584	7	50743
1780035589	0	50721
1780035589	1	51357
1780035589	2	50687
1780035589	3	50901
1780035589	4	50743
1780035589	5	51217
1780035589	6	50705
1780035589	7	50743
1780035595	0	50721
1780035595	1	51357
1780035595	2	50687
1780035595	3	50901
1780035595	4	50743
1780035595	5	51217
1780035595	6	50705
1780035595	7	50743
1780035600	0	50721
1780035600	1	51357
1780035600	2	50687
1780035600	3	50901
1780035600	4	50743
1780035600	5	51217
1780035600	6	50705
1780035600	7	50743
1780035605	0	50721
1780035605	1	51357
1780035605	2	50687
1780035605	3	50901
1780035605	4	50743
1780035605	5	51217
1780035605	6	50705
1780035605	7	50743
1780035610	0	50721
1780035610	1	51357
1780035610	2	50687
1780035610	3	50901
1780035610	4	50743
1780035610	5	51217
1780035610	6	50705
1780035610	7	50743
1780035616	0	50721
1780035616	1	51357
1780035616	2	50687
1780035616	3	50901
1780035616	4	50743
1780035616	5	51217
1780035616	6	50705
1780035616	7	50743
1780035621	0	50721
1780035621	1	51357
1780035621	2	50687
1780035621	3	50901
1780035621	4	50743
1780035621	5	51217
1780035621	6	50705
1780035621	7	50743
1780035626	0	50721
1780035626	1	51357
1780035626	2	50687
1780035626	3	50901
1780035626	4	50743
1780035626	5	51217
1780035626	6	50705
1780035626	7	50743
1780035632	0	50721
1780035632	1	51357
1780035632	2	50687
1780035632	3	50901
1780035632	4	50743
1780035632	5	51217
1780035632	6	50705
1780035632	7	50743
1780035637	0	50721
1780035637	1	51357
1780035637	2	50687
1780035637	3	50901
1780035637	4	50743
1780035637	5	51217
1780035637	6	50705
1780035637	7	50743
1780035642	0	50721
1780035642	1	51357
1780035642	2	50687
1780035642	3	50901
1780035642	4	50743
1780035642	5	51217
1780035642	6	50705
1780035642	7	50743
1780035648	0	50721
1780035648	1	51357
1780035648	2	50687
1780035648	3	50901
1780035648	4	50743
1780035648	5	51217
1780035648	6	50705
1780035648	7	50743
1780035653	0	50721
1780035653	1	51357
1780035653	2	50687
1780035653	3	50901
1780035653	4	50743
1780035653	5	51217
1780035653	6	50705
1780035653	7	50743
1780035658	0	50721
1780035658	1	51357
1780035658	2	50687
1780035658	3	50901
1780035658	4	50743
1780035658	5	51217
1780035658	6	50705
1780035658	7	50743
1780035664	0	50721
1780035664	1	51357
1780035664	2	50687
1780035664	3	50901
1780035664	4	50743
1780035664	5	51217
1780035664	6	50705
1780035664	7	50743
1780035669	0	50721
1780035669	1	51357
1780035669	2	50687
1780035669	3	50901
1780035669	4	50743
1780035669	5	51217
1780035669	6	50705
1780035669	7	50743
1780035674	0	50721
1780035674	1	51357
1780035674	2	50687
1780035674	3	50901
1780035674	4	50743
1780035674	5	51217
1780035674	6	50705
1780035674	7	50743
1780035679	0	50721
1780035679	1	51357
1780035679	2	50687
1780035679	3	50901
1780035679	4	50743
1780035679	5	51217
1780035679	6	50705
1780035679	7	50743
1780035685	0	50721
1780035685	1	51357
1780035685	2	50687
1780035685	3	50901
1780035685	4	50743
1780035685	5	51217
1780035685	6	50705
1780035685	7	50743
1780035690	0	50721
1780035690	1	51357
1780035690	2	50687
1780035690	3	50901
1780035690	4	50743
1780035690	5	51217
1780035690	6	50705
1780035690	7	50743
1780035695	0	50721
1780035695	1	51357
1780035695	2	50687
1780035695	3	50901
1780035695	4	50743
1780035695	5	51217
1780035695	6	50705
1780035695	7	50743
1780035701	0	50721
1780035701	1	51357
1780035701	2	50687
1780035701	3	50901
1780035701	4	50743
1780035701	5	51217
1780035701	6	50705
1780035701	7	50743
1780035706	0	50721
1780035706	1	51357
1780035706	2	50687
1780035706	3	50901
1780035706	4	50743
1780035706	5	51217
1780035706	6	50705
1780035706	7	50743
1780035711	0	50721
1780035711	1	51357
1780035711	2	50687
1780035711	3	50901
1780035711	4	50743
1780035711	5	51217
1780035711	6	50705
1780035711	7	50743
1780035717	0	50721
1780035717	1	51357
1780035717	2	50687
1780035717	3	50901
1780035717	4	50743
1780035717	5	51217
1780035717	6	50705
1780035717	7	50743
1780035722	0	50721
1780035722	1	51357
1780035722	2	50687
1780035722	3	50901
1780035722	4	50743
1780035722	5	51217
1780035722	6	50705
1780035722	7	50743
1780035727	0	50721
1780035727	1	51357
1780035727	2	50687
1780035727	3	50901
1780035727	4	50743
1780035727	5	51217
1780035727	6	50705
1780035727	7	50743
1780035732	0	50721
1780035732	1	51357
1780035732	2	50687
1780035732	3	50901
1780035732	4	50743
1780035732	5	51217
1780035732	6	50705
1780035732	7	50743
1780035738	0	50721
1780035738	1	51357
1780035738	2	50687
1780035738	3	50901
1780035738	4	50743
1780035738	5	51217
1780035738	6	50705
1780035738	7	50743
1780035743	0	50721
1780035743	1	51357
1780035743	2	50687
1780035743	3	50901
1780035743	4	50743
1780035743	5	51217
1780035743	6	50705
1780035743	7	50743
1780035748	0	50721
1780035748	1	51357
1780035748	2	50687
1780035748	3	50901
1780035748	4	50743
1780035748	5	51217
1780035748	6	50705
1780035748	7	50743
1780035754	0	50721
1780035754	1	51357
1780035754	2	50687
1780035754	3	50901
1780035754	4	50743
1780035754	5	51217
1780035754	6	50705
1780035754	7	50743
1780035759	0	50721
1780035759	1	51357
1780035759	2	50687
1780035759	3	50901
1780035759	4	50743
1780035759	5	51217
1780035759	6	50705
1780035759	7	50743
1780035764	0	50721
1780035764	1	51357
1780035764	2	50687
1780035764	3	50901
1780035764	4	50743
1780035764	5	51217
1780035764	6	50705
1780035764	7	50743
1780035770	0	50721
1780035770	1	51357
1780035770	2	50687
1780035770	3	50901
1780035770	4	50743
1780035770	5	51217
1780035770	6	50705
1780035770	7	50743
1780035775	0	50721
1780035775	1	51357
1780035775	2	50687
1780035775	3	50901
1780035775	4	50743
1780035775	5	51217
1780035775	6	50705
1780035775	7	50743
1780035780	0	50721
1780035780	1	51357
1780035780	2	50687
1780035780	3	50901
1780035780	4	50743
1780035780	5	51217
1780035780	6	50705
1780035780	7	50743
1780035786	0	50721
1780035786	1	51357
1780035786	2	50687
1780035786	3	50901
1780035786	4	50743
1780035786	5	51217
1780035786	6	50705
1780035786	7	50743
1780035791	0	50721
1780035791	1	51357
1780035791	2	50687
1780035791	3	50901
1780035791	4	50743
1780035791	5	51217
1780035791	6	50705
1780035791	7	50743
1780035796	0	50721
1780035796	1	51357
1780035796	2	50687
1780035796	3	50901
1780035796	4	50743
1780035796	5	51217
1780035796	6	50705
1780035796	7	50743
1780035802	0	50721
1780035802	1	51357
1780035802	2	50687
1780035802	3	50901
1780035802	4	50743
1780035802	5	51217
1780035802	6	50705
1780035802	7	50743
1780035807	0	50721
1780035807	1	51357
1780035807	2	50687
1780035807	3	50901
1780035807	4	50743
1780035807	5	51217
1780035807	6	50705
1780035807	7	50743
1780035812	0	50721
1780035812	1	51357
1780035812	2	50687
1780035812	3	50901
1780035812	4	50743
1780035812	5	51217
1780035812	6	50705
1780035812	7	50743
1780035817	0	50721
1780035817	1	51357
1780035817	2	50687
1780035817	3	50901
1780035817	4	50743
1780035817	5	51217
1780035817	6	50705
1780035817	7	50743
1780035823	0	50721
1780035823	1	51357
1780035823	2	50687
1780035823	3	50901
1780035823	4	50743
1780035823	5	51217
1780035823	6	50705
1780035823	7	50743
1780035828	0	50721
1780035828	1	51357
1780035828	2	50687
1780035828	3	50901
1780035828	4	50743
1780035828	5	51217
1780035828	6	50705
1780035828	7	50743
1780035833	0	50721
1780035833	1	51357
1780035833	2	50687
1780035833	3	50901
1780035833	4	50743
1780035833	5	51217
1780035833	6	50705
1780035833	7	50743
1780035839	0	50721
1780035839	1	51357
1780035839	2	50687
1780035839	3	50901
1780035839	4	50743
1780035839	5	51217
1780035839	6	50705
1780035839	7	50743
1780035844	0	50721
1780035844	1	51357
1780035844	2	50687
1780035844	3	50901
1780035844	4	50743
1780035844	5	51217
1780035844	6	50705
1780035844	7	50743
1780035849	0	50721
1780035849	1	51357
1780035849	2	50687
1780035849	3	50901
1780035849	4	50743
1780035849	5	51217
1780035849	6	50705
1780035849	7	50743
1780035855	0	50721
1780035855	1	51357
1780035855	2	50687
1780035855	3	50901
1780035855	4	50743
1780035855	5	51217
1780035855	6	50705
1780035855	7	50743
1780035860	0	50721
1780035860	1	51357
1780035860	2	50687
1780035860	3	50901
1780035860	4	50743
1780035860	5	51217
1780035860	6	50705
1780035860	7	50743
1780035865	0	50721
1780035865	1	51357
1780035865	2	50687
1780035865	3	50901
1780035865	4	50743
1780035865	5	51217
1780035865	6	50705
1780035865	7	50743
1780035871	0	50721
1780035871	1	51357
1780035871	2	50687
1780035871	3	50901
1780035871	4	50743
1780035871	5	51217
1780035871	6	50705
1780035871	7	50743
1780035876	0	50721
1780035876	1	51357
1780035876	2	50687
1780035876	3	50901
1780035876	4	50743
1780035876	5	51217
1780035876	6	50705
1780035876	7	50743
1780035881	0	50721
1780035881	1	51357
1780035881	2	50687
1780035881	3	50901
1780035881	4	50743
1780035881	5	51217
1780035881	6	50705
1780035881	7	50743
1780035887	0	50721
1780035887	1	51357
1780035887	2	50687
1780035887	3	50901
1780035887	4	50743
1780035887	5	51217
1780035887	6	50705
1780035887	7	50743
1780035892	0	50721
1780035892	1	51357
1780035892	2	50687
1780035892	3	50901
1780035892	4	50743
1780035892	5	51217
1780035892	6	50705
1780035892	7	50743
1780035897	0	50721
1780035897	1	51357
1780035897	2	50687
1780035897	3	50901
1780035897	4	50743
1780035897	5	51217
1780035897	6	50705
1780035897	7	50743
1780035903	0	50721
1780035903	1	51357
1780035903	2	50687
1780035903	3	50901
1780035903	4	50743
1780035903	5	51217
1780035903	6	50705
1780035903	7	50743
1780035908	0	50721
1780035908	1	51357
1780035908	2	50687
1780035908	3	50901
1780035908	4	50743
1780035908	5	51217
1780035908	6	50705
1780035908	7	50743
1780035913	0	50721
1780035913	1	51357
1780035913	2	50687
1780035913	3	50901
1780035913	4	50743
1780035913	5	51217
1780035913	6	50705
1780035913	7	50743
1780035919	0	50721
1780035919	1	51357
1780035919	2	50687
1780035919	3	50901
1780035919	4	50743
1780035919	5	51217
1780035919	6	50705
1780035919	7	50743
1780035924	0	50721
1780035924	1	51357
1780035924	2	50687
1780035924	3	50901
1780035924	4	50743
1780035924	5	51217
1780035924	6	50705
1780035924	7	50743
1780035929	0	50721
1780035929	1	51357
1780035929	2	50687
1780035929	3	50901
1780035929	4	50743
1780035929	5	51217
1780035929	6	50705
1780035929	7	50743
1780035935	0	50721
1780035935	1	51357
1780035935	2	50687
1780035935	3	50901
1780035935	4	50743
1780035935	5	51217
1780035935	6	50705
1780035935	7	50743
1780035940	0	50721
1780035940	1	51357
1780035940	2	50687
1780035940	3	50901
1780035940	4	50743
1780035940	5	51217
1780035940	6	50705
1780035940	7	50743
1780035945	0	50721
1780035945	1	51357
1780035945	2	50687
1780035945	3	50901
1780035945	4	50743
1780035945	5	51217
1780035945	6	50705
1780035945	7	50743
1780035951	0	50721
1780035951	1	51357
1780035951	2	50687
1780035951	3	50901
1780035951	4	50743
1780035951	5	51217
1780035951	6	50705
1780035951	7	50743
1780035956	0	50721
1780035956	1	51357
1780035956	2	50687
1780035956	3	50901
1780035956	4	50743
1780035956	5	51217
1780035956	6	50705
1780035956	7	50743
1780035961	0	50721
1780035961	1	51357
1780035961	2	50687
1780035961	3	50901
1780035961	4	50743
1780035961	5	51217
1780035961	6	50705
1780035961	7	50743
1780035966	0	50721
1780035966	1	51357
1780035966	2	50687
1780035966	3	50901
1780035966	4	50743
1780035966	5	51217
1780035966	6	50705
1780035966	7	50743
1780035972	0	50721
1780035972	1	51357
1780035972	2	50687
1780035972	3	50901
1780035972	4	50743
1780035972	5	51217
1780035972	6	50705
1780035972	7	50743
1780035977	0	50721
1780035977	1	51357
1780035977	2	50687
1780035977	3	50901
1780035977	4	50743
1780035977	5	51217
1780035977	6	50705
1780035977	7	50743
1780035983	0	50721
1780035983	1	51357
1780035983	2	50687
1780035983	3	50901
1780035983	4	50743
1780035983	5	51217
1780035983	6	50705
1780035983	7	50743
1780035988	0	50721
1780035988	1	51357
1780035988	2	50687
1780035988	3	50901
1780035988	4	50743
1780035988	5	51217
1780035988	6	50705
1780035988	7	50743
1780035993	0	50721
1780035993	1	51357
1780035993	2	50687
1780035993	3	50901
1780035993	4	50743
1780035993	5	51217
1780035993	6	50705
1780035993	7	50743
1780035999	0	50721
1780035999	1	51357
1780035999	2	50687
1780035999	3	50901
1780035999	4	50743
1780035999	5	51217
1780035999	6	50705
1780035999	7	50743
1780036004	0	50721
1780036004	1	51357
1780036004	2	50687
1780036004	3	50901
1780036004	4	50743
1780036004	5	51217
1780036004	6	50705
1780036004	7	50743
1780036009	0	50721
1780036009	1	51357
1780036009	2	50687
1780036009	3	50901
1780036009	4	50743
1780036009	5	51217
1780036009	6	50705
1780036009	7	50743
1780036015	0	50721
1780036015	1	51357
1780036015	2	50687
1780036015	3	50901
1780036015	4	50743
1780036015	5	51217
1780036015	6	50705
1780036015	7	50743
1780036020	0	50721
1780036020	1	51357
1780036020	2	50687
1780036020	3	50901
1780036020	4	50743
1780036020	5	51217
1780036020	6	50705
1780036020	7	50743
1780036026	0	50721
1780036026	1	51357
1780036026	2	50687
1780036026	3	50901
1780036026	4	50743
1780036026	5	51217
1780036026	6	50705
1780036026	7	50743
1780036031	0	50721
1780036031	1	51357
1780036031	2	50687
1780036031	3	50901
1780036031	4	50743
1780036031	5	51217
1780036031	6	50705
1780036031	7	50743
1780036036	0	50721
1780036036	1	51357
1780036036	2	50687
1780036036	3	50901
1780036036	4	50743
1780036036	5	51217
1780036036	6	50705
1780036036	7	50743
1780036042	0	50721
1780036042	1	51357
1780036042	2	50687
1780036042	3	50901
1780036042	4	50743
1780036042	5	51217
1780036042	6	50705
1780036042	7	50743
1780036047	0	50721
1780036047	1	51357
1780036047	2	50687
1780036047	3	50901
1780036047	4	50743
1780036047	5	51217
1780036047	6	50705
1780036047	7	50743
1780036052	0	50721
1780036052	1	51357
1780036052	2	50687
1780036052	3	50901
1780036052	4	50743
1780036052	5	51217
1780036052	6	50705
1780036052	7	50743
1780036058	0	50721
1780036058	1	51357
1780036058	2	50687
1780036058	3	50901
1780036058	4	50743
1780036058	5	51217
1780036058	6	50705
1780036058	7	50743
1780036063	0	50721
1780036063	1	51357
1780036063	2	50687
1780036063	3	50901
1780036063	4	50743
1780036063	5	51217
1780036063	6	50705
1780036063	7	50743
1780036069	0	50721
1780036069	1	51357
1780036069	2	50687
1780036069	3	50901
1780036069	4	50743
1780036069	5	51217
1780036069	6	50705
1780036069	7	50743
1780036074	0	50721
1780036074	1	51357
1780036074	2	50687
1780036074	3	50901
1780036074	4	50743
1780036074	5	51217
1780036074	6	50705
1780036074	7	50743
1780036079	0	50721
1780036079	1	51357
1780036079	2	50687
1780036079	3	50901
1780036079	4	50743
1780036079	5	51217
1780036079	6	50705
1780036079	7	50743
1780036085	0	50721
1780036085	1	51357
1780036085	2	50687
1780036085	3	50901
1780036085	4	50743
1780036085	5	51217
1780036085	6	50705
1780036085	7	50743
1780036090	0	50721
1780036090	1	51357
1780036090	2	50687
1780036090	3	50901
1780036090	4	50743
1780036090	5	51217
1780036090	6	50705
1780036090	7	50743
1780036096	0	50721
1780036096	1	51357
1780036096	2	50687
1780036096	3	50901
1780036096	4	50743
1780036096	5	51217
1780036096	6	50705
1780036096	7	50743
1780036101	0	50721
1780036101	1	51357
1780036101	2	50687
1780036101	3	50901
1780036101	4	50743
1780036101	5	51217
1780036101	6	50705
1780036101	7	50743
1780036106	0	50721
1780036106	1	51357
1780036106	2	50687
1780036106	3	50901
1780036106	4	50743
1780036106	5	51217
1780036106	6	50705
1780036106	7	50743
1780036112	0	50721
1780036112	1	51357
1780036112	2	50687
1780036112	3	50901
1780036112	4	50743
1780036112	5	51217
1780036112	6	50705
1780036112	7	50743
1780036117	0	50721
1780036117	1	51357
1780036117	2	50687
1780036117	3	50901
1780036117	4	50743
1780036117	5	51217
1780036117	6	50705
1780036117	7	50743
1780036122	0	50721
1780036122	1	51357
1780036122	2	50687
1780036122	3	50901
1780036122	4	50743
1780036122	5	51217
1780036122	6	50705
1780036122	7	50743
1780036128	0	50721
1780036128	1	51357
1780036128	2	50687
1780036128	3	50901
1780036128	4	50743
1780036128	5	51217
1780036128	6	50705
1780036128	7	50743
1780036133	0	50721
1780036133	1	51357
1780036133	2	50687
1780036133	3	50901
1780036133	4	50743
1780036133	5	51217
1780036133	6	50705
1780036133	7	50743
1780036139	0	50721
1780036139	1	51357
1780036139	2	50687
1780036139	3	50901
1780036139	4	50743
1780036139	5	51217
1780036139	6	50705
1780036139	7	50743
1780036144	0	50721
1780036144	1	51357
1780036144	2	50687
1780036144	3	50901
1780036144	4	50743
1780036144	5	51217
1780036144	6	50705
1780036144	7	50743
1780036149	0	50721
1780036149	1	51357
1780036149	2	50687
1780036149	3	50901
1780036149	4	50743
1780036149	5	51217
1780036149	6	50705
1780036149	7	50743
1780036155	0	50721
1780036155	1	51357
1780036155	2	50687
1780036155	3	50901
1780036155	4	50743
1780036155	5	51217
1780036155	6	50705
1780036155	7	50743
1780036160	0	50721
1780036160	1	51357
1780036160	2	50687
1780036160	3	50901
1780036160	4	50743
1780036160	5	51217
1780036160	6	50705
1780036160	7	50743
1780036165	0	50721
1780036165	1	51357
1780036165	2	50687
1780036165	3	50901
1780036165	4	50743
1780036165	5	51217
1780036165	6	50705
1780036165	7	50743
1780036171	0	50721
1780036171	1	51357
1780036171	2	50687
1780036171	3	50901
1780036171	4	50743
1780036171	5	51217
1780036171	6	50705
1780036171	7	50743
1780036176	0	50721
1780036176	1	51357
1780036176	2	50687
1780036176	3	50901
1780036176	4	50743
1780036176	5	51217
1780036176	6	50705
1780036176	7	50743
1780036182	0	50721
1780036182	1	51357
1780036182	2	50687
1780036182	3	50901
1780036182	4	50743
1780036182	5	51217
1780036182	6	50705
1780036182	7	50743
1780036187	0	50721
1780036187	1	51357
1780036187	2	50687
1780036187	3	50901
1780036187	4	50743
1780036187	5	51217
1780036187	6	50705
1780036187	7	50743
1780036192	0	50721
1780036192	1	51357
1780036192	2	50687
1780036192	3	50901
1780036192	4	50743
1780036192	5	51217
1780036192	6	50705
1780036192	7	50743
1780036198	0	50721
1780036198	1	51357
1780036198	2	50687
1780036198	3	50901
1780036198	4	50743
1780036198	5	51217
1780036198	6	50705
1780036198	7	50743
1780036203	0	50721
1780036203	1	51357
1780036203	2	50687
1780036203	3	50901
1780036203	4	50743
1780036203	5	51217
1780036203	6	50705
1780036203	7	50743
1780036208	0	50721
1780036208	1	51357
1780036208	2	50687
1780036208	3	50901
1780036208	4	50743
1780036208	5	51217
1780036208	6	50925
1780036208	7	50743
1780036214	0	50721
1780036214	1	51357
1780036214	2	50687
1780036214	3	50901
1780036214	4	50743
1780036214	5	51217
1780036214	6	50925
1780036214	7	50743
1780036219	0	50721
1780036219	1	51357
1780036219	2	50687
1780036219	3	50901
1780036219	4	50743
1780036219	5	51217
1780036219	6	50925
1780036219	7	50743
1780036225	0	50721
1780036225	1	51357
1780036225	2	50687
1780036225	3	50901
1780036225	4	50743
1780036225	5	51217
1780036225	6	50925
1780036225	7	50743
1780036230	0	50721
1780036230	1	51357
1780036230	2	50687
1780036230	3	50901
1780036230	4	50743
1780036230	5	51217
1780036230	6	50925
1780036230	7	50743
1780036235	0	50721
1780036235	1	51357
1780036235	2	50687
1780036235	3	50901
1780036235	4	50743
1780036235	5	51217
1780036235	6	50925
1780036235	7	50743
1780036241	0	50721
1780036241	1	51357
1780036241	2	50687
1780036241	3	50901
1780036241	4	50743
1780036241	5	51217
1780036241	6	50925
1780036241	7	50743
1780036246	0	50721
1780036246	1	51357
1780036246	2	50687
1780036246	3	50901
1780036246	4	50743
1780036246	5	51217
1780036246	6	50925
1780036246	7	50743
1780036252	0	50721
1780036252	1	51357
1780036252	2	50687
1780036252	3	50901
1780036252	4	50743
1780036252	5	51217
1780036252	6	50925
1780036252	7	50743
1780036257	0	50721
1780036257	1	51357
1780036257	2	50687
1780036257	3	50901
1780036257	4	50743
1780036257	5	51217
1780036257	6	50925
1780036257	7	50743
1780036262	0	50721
1780036262	1	51357
1780036262	2	50687
1780036262	3	50901
1780036262	4	50743
1780036262	5	51217
1780036262	6	50925
1780036262	7	50743
1780036268	0	50721
1780036268	1	51357
1780036268	2	50687
1780036268	3	50901
1780036268	4	50743
1780036268	5	51217
1780036268	6	50925
1780036268	7	50743
1780036273	0	50721
1780036273	1	51357
1780036273	2	50687
1780036273	3	50901
1780036273	4	50743
1780036273	5	51217
1780036273	6	50925
1780036273	7	50743
1780036278	0	50721
1780036278	1	51357
1780036278	2	50687
1780036278	3	50901
1780036278	4	50743
1780036278	5	51217
1780036278	6	50925
1780036278	7	50743
1780036284	0	50721
1780036284	1	51357
1780036284	2	50687
1780036284	3	50901
1780036284	4	50743
1780036284	5	51217
1780036284	6	50925
1780036284	7	50743
1780036289	0	50721
1780036289	1	51357
1780036289	2	50687
1780036289	3	50901
1780036289	4	50743
1780036289	5	51217
1780036289	6	50925
1780036289	7	50743
1780036295	0	50721
1780036295	1	51357
1780036295	2	50687
1780036295	3	50901
1780036295	4	50743
1780036295	5	51217
1780036295	6	50925
1780036295	7	50743
1780036300	0	50721
1780036300	1	51357
1780036300	2	50687
1780036300	3	50901
1780036300	4	50743
1780036300	5	51217
1780036300	6	50925
1780036300	7	50743
1780036305	0	50721
1780036305	1	51357
1780036305	2	50687
1780036305	3	50901
1780036305	4	50743
1780036305	5	51217
1780036305	6	50925
1780036305	7	50743
1780036311	0	50721
1780036311	1	51357
1780036311	2	50687
1780036311	3	50901
1780036311	4	50743
1780036311	5	51217
1780036311	6	50925
1780036311	7	50743
1780036316	0	50721
1780036316	1	51357
1780036316	2	50687
1780036316	3	50901
1780036316	4	50743
1780036316	5	51217
1780036316	6	50925
1780036316	7	50743
1780036322	0	50721
1780036322	1	51357
1780036322	2	50687
1780036322	3	50901
1780036322	4	50743
1780036322	5	51217
1780036322	6	50925
1780036322	7	50743
1780036327	0	50721
1780036327	1	51357
1780036327	2	50687
1780036327	3	50901
1780036327	4	50743
1780036327	5	51217
1780036327	6	50925
1780036327	7	50743
1780036332	0	50721
1780036332	1	51357
1780036332	2	50687
1780036332	3	50901
1780036332	4	50743
1780036332	5	51217
1780036332	6	50925
1780036332	7	50743
1780036338	0	50721
1780036338	1	51357
1780036338	2	50687
1780036338	3	50901
1780036338	4	50743
1780036338	5	51217
1780036338	6	50925
1780036338	7	50743
1780036343	0	50721
1780036343	1	51357
1780036343	2	50687
1780036343	3	50901
1780036343	4	50743
1780036343	5	51217
1780036343	6	50925
1780036343	7	50743
1780036348	0	50721
1780036348	1	51357
1780036348	2	50687
1780036348	3	50901
1780036348	4	50743
1780036348	5	51217
1780036348	6	50925
1780036348	7	50743
1780036354	0	50721
1780036354	1	51357
1780036354	2	50687
1780036354	3	50901
1780036354	4	50743
1780036354	5	51217
1780036354	6	50925
1780036354	7	50743
1780036359	0	50721
1780036359	1	51357
1780036359	2	50687
1780036359	3	50901
1780036359	4	50743
1780036359	5	51217
1780036359	6	50925
1780036359	7	50743
1780036365	0	50721
1780036365	1	51357
1780036365	2	50687
1780036365	3	50901
1780036365	4	50743
1780036365	5	51217
1780036365	6	50925
1780036365	7	50743
1780036370	0	50721
1780036370	1	51357
1780036370	2	50687
1780036370	3	50901
1780036370	4	50743
1780036370	5	51217
1780036370	6	50925
1780036370	7	50743
1780036375	0	50721
1780036375	1	51357
1780036375	2	50687
1780036375	3	50901
1780036375	4	50743
1780036375	5	51217
1780036375	6	50925
1780036375	7	50743
1780036381	0	50721
1780036381	1	51357
1780036381	2	50687
1780036381	3	50901
1780036381	4	50743
1780036381	5	51217
1780036381	6	50925
1780036381	7	50743
1780036386	0	50721
1780036386	1	51357
1780036386	2	50687
1780036386	3	50901
1780036386	4	50743
1780036386	5	51217
1780036386	6	50925
1780036386	7	50743
1780036391	0	50721
1780036391	1	51357
1780036391	2	50687
1780036391	3	50901
1780036391	4	50743
1780036391	5	51217
1780036391	6	50925
1780036391	7	50743
1780036397	0	50721
1780036397	1	51357
1780036397	2	50687
1780036397	3	50901
1780036397	4	50743
1780036397	5	51217
1780036397	6	50925
1780036397	7	50743
1780036402	0	50721
1780036402	1	51357
1780036402	2	50687
1780036402	3	50901
1780036402	4	50743
1780036402	5	51217
1780036402	6	50925
1780036402	7	50743
1780036408	0	50721
1780036408	1	51357
1780036408	2	50687
1780036408	3	50901
1780036408	4	50743
1780036408	5	51217
1780036408	6	50925
1780036408	7	50743
1780036413	0	50721
1780036413	1	51357
1780036413	2	50687
1780036413	3	50901
1780036413	4	50743
1780036413	5	51217
1780036413	6	50925
1780036413	7	50743
1780036418	0	50721
1780036418	1	51357
1780036418	2	50687
1780036418	3	50901
1780036418	4	50743
1780036418	5	51217
1780036418	6	50925
1780036418	7	50743
1780036424	0	50721
1780036424	1	51357
1780036424	2	50687
1780036424	3	50901
1780036424	4	50743
1780036424	5	51217
1780036424	6	50925
1780036424	7	50743
1780036429	0	50721
1780036429	1	51357
1780036429	2	50687
1780036429	3	50901
1780036429	4	50743
1780036429	5	51217
1780036429	6	50925
1780036429	7	50743
1780036434	0	50721
1780036434	1	51357
1780036434	2	50687
1780036434	3	50901
1780036434	4	50743
1780036434	5	51217
1780036434	6	50925
1780036434	7	50743
1780036440	0	50721
1780036440	1	51357
1780036440	2	50687
1780036440	3	50901
1780036440	4	50743
1780036440	5	51217
1780036440	6	50925
1780036440	7	50743
1780036445	0	50721
1780036445	1	51357
1780036445	2	50687
1780036445	3	50901
1780036445	4	50743
1780036445	5	51217
1780036445	6	50925
1780036445	7	50743
1780036450	0	50721
1780036450	1	51357
1780036450	2	50687
1780036450	3	50901
1780036450	4	50743
1780036450	5	51217
1780036450	6	50925
1780036450	7	50743
1780036456	0	50721
1780036456	1	51357
1780036456	2	50687
1780036456	3	50901
1780036456	4	50743
1780036456	5	51217
1780036456	6	50925
1780036456	7	50743
1780036461	0	50721
1780036461	1	51357
1780036461	2	50687
1780036461	3	50901
1780036461	4	50743
1780036461	5	51217
1780036461	6	50925
1780036461	7	50743
1780036466	0	50721
1780036466	1	51357
1780036466	2	50687
1780036466	3	50901
1780036466	4	50743
1780036466	5	51217
1780036466	6	50925
1780036466	7	50743
1780036472	0	50721
1780036472	1	51357
1780036472	2	50687
1780036472	3	50901
1780036472	4	50743
1780036472	5	51217
1780036472	6	50925
1780036472	7	50743
1780036477	0	50721
1780036477	1	51357
1780036477	2	50687
1780036477	3	50901
1780036477	4	50743
1780036477	5	51217
1780036477	6	50925
1780036477	7	50743
1780036482	0	50721
1780036482	1	51357
1780036482	2	50687
1780036482	3	50901
1780036482	4	50743
1780036482	5	51217
1780036482	6	50925
1780036482	7	50743
1780036488	0	50721
1780036488	1	51357
1780036488	2	50687
1780036488	3	50901
1780036488	4	50743
1780036488	5	51217
1780036488	6	50925
1780036488	7	50743
1780036493	0	50721
1780036493	1	51357
1780036493	2	50687
1780036493	3	50901
1780036493	4	50743
1780036493	5	51217
1780036493	6	50925
1780036493	7	50743
1780036498	0	50721
1780036498	1	51357
1780036498	2	50687
1780036498	3	50901
1780036498	4	50743
1780036498	5	51217
1780036498	6	50925
1780036498	7	50743
1780036503	0	50721
1780036503	1	51357
1780036503	2	50687
1780036503	3	50901
1780036503	4	50743
1780036503	5	51217
1780036503	6	50925
1780036503	7	50743
1780036509	0	50721
1780036509	1	51357
1780036509	2	50687
1780036509	3	50901
1780036509	4	50743
1780036509	5	51217
1780036509	6	50925
1780036509	7	50743
1780036514	0	50721
1780036514	1	51357
1780036514	2	50687
1780036514	3	50901
1780036514	4	50743
1780036514	5	51217
1780036514	6	50925
1780036514	7	50743
1780036519	0	50721
1780036519	1	51357
1780036519	2	50687
1780036519	3	50901
1780036519	4	50743
1780036519	5	51217
1780036519	6	50925
1780036519	7	50743
1780036525	0	50721
1780036525	1	51357
1780036525	2	50687
1780036525	3	50901
1780036525	4	50743
1780036525	5	51217
1780036525	6	50925
1780036525	7	50743
1780036530	0	50721
1780036530	1	51357
1780036530	2	50687
1780036530	3	50901
1780036530	4	50743
1780036530	5	51217
1780036530	6	50925
1780036530	7	50743
1780036535	0	50721
1780036535	1	51357
1780036535	2	50687
1780036535	3	50901
1780036535	4	50743
1780036535	5	51217
1780036535	6	50925
1780036535	7	50743
1780036541	0	50721
1780036541	1	51357
1780036541	2	50687
1780036541	3	50901
1780036541	4	50743
1780036541	5	51217
1780036541	6	50925
1780036541	7	50743
1780036546	0	50721
1780036546	1	51357
1780036546	2	50687
1780036546	3	50901
1780036546	4	50743
1780036546	5	51217
1780036546	6	50925
1780036546	7	50743
1780036551	0	50721
1780036551	1	51357
1780036551	2	50687
1780036551	3	50901
1780036551	4	50743
1780036551	5	51217
1780036551	6	50925
1780036551	7	50743
1780036557	0	50721
1780036557	1	51357
1780036557	2	50687
1780036557	3	50901
1780036557	4	50743
1780036557	5	51217
1780036557	6	50925
1780036557	7	50743
1780036562	0	50721
1780036562	1	51357
1780036562	2	50687
1780036562	3	50901
1780036562	4	50743
1780036562	5	51217
1780036562	6	50925
1780036562	7	50743
1780036568	0	50721
1780036568	1	51357
1780036568	2	50687
1780036568	3	50901
1780036568	4	50743
1780036568	5	51217
1780036568	6	50925
1780036568	7	50743
1780036573	0	50721
1780036573	1	51357
1780036573	2	50687
1780036573	3	50901
1780036573	4	50743
1780036573	5	51217
1780036573	6	50925
1780036573	7	50743
1780036578	0	50721
1780036578	1	51357
1780036578	2	50687
1780036578	3	50901
1780036578	4	50743
1780036578	5	51217
1780036578	6	50925
1780036578	7	50743
1780036583	0	50721
1780036583	1	51357
1780036583	2	50687
1780036583	3	50901
1780036583	4	50743
1780036583	5	51217
1780036583	6	50925
1780036583	7	50743
1780036589	0	50721
1780036589	1	51357
1780036589	2	50687
1780036589	3	50901
1780036589	4	50743
1780036589	5	51217
1780036589	6	50925
1780036589	7	50743
1780036594	0	50721
1780036594	1	51357
1780036594	2	50687
1780036594	3	50901
1780036594	4	50743
1780036594	5	51217
1780036594	6	50925
1780036594	7	50743
1780036599	0	50721
1780036599	1	51357
1780036599	2	50687
1780036599	3	50901
1780036599	4	50743
1780036599	5	51217
1780036599	6	50925
1780036599	7	50743
1780036605	0	50721
1780036605	1	51357
1780036605	2	50687
1780036605	3	50901
1780036605	4	50743
1780036605	5	51217
1780036605	6	50925
1780036605	7	50743
1780036610	0	50721
1780036610	1	51357
1780036610	2	50687
1780036610	3	50901
1780036610	4	50743
1780036610	5	51217
1780036610	6	50925
1780036610	7	50743
1780036615	0	50721
1780036615	1	51357
1780036615	2	50687
1780036615	3	50901
1780036615	4	50743
1780036615	5	51217
1780036615	6	50925
1780036615	7	50743
1780036621	0	50721
1780036621	1	51357
1780036621	2	50687
1780036621	3	50901
1780036621	4	50743
1780036621	5	51217
1780036621	6	50925
1780036621	7	50743
1780036626	0	50721
1780036626	1	51357
1780036626	2	50687
1780036626	3	50901
1780036626	4	50743
1780036626	5	51217
1780036626	6	50925
1780036626	7	50743
1780036631	0	50721
1780036631	1	51357
1780036631	2	50687
1780036631	3	50901
1780036631	4	50743
1780036631	5	51217
1780036631	6	50925
1780036631	7	50743
1780036637	0	50721
1780036637	1	51357
1780036637	2	50687
1780036637	3	50901
1780036637	4	50743
1780036637	5	51217
1780036637	6	50925
1780036637	7	50743
1780036642	0	50721
1780036642	1	51357
1780036642	2	50687
1780036642	3	50901
1780036642	4	50743
1780036642	5	51217
1780036642	6	50925
1780036642	7	50743
1780036647	0	50721
1780036647	1	51357
1780036647	2	50687
1780036647	3	50901
1780036647	4	50743
1780036647	5	51217
1780036647	6	50925
1780036647	7	50743
1780036652	0	50721
1780036652	1	51357
1780036652	2	50687
1780036652	3	50901
1780036652	4	50743
1780036652	5	51217
1780036652	6	50925
1780036652	7	50743
1780036658	0	50721
1780036658	1	51357
1780036658	2	50687
1780036658	3	50901
1780036658	4	50743
1780036658	5	51217
1780036658	6	50925
1780036658	7	50743
1780036663	0	50721
1780036663	1	51357
1780036663	2	50687
1780036663	3	50901
1780036663	4	50743
1780036663	5	51217
1780036663	6	50925
1780036663	7	50743
1780036668	0	50721
1780036668	1	51357
1780036668	2	50687
1780036668	3	50901
1780036668	4	50743
1780036668	5	51217
1780036668	6	50925
1780036668	7	50743
1780036674	0	50721
1780036674	1	51357
1780036674	2	50687
1780036674	3	50901
1780036674	4	50743
1780036674	5	51217
1780036674	6	50925
1780036674	7	50743
1780036679	0	50721
1780036679	1	51357
1780036679	2	50687
1780036679	3	50901
1780036679	4	50743
1780036679	5	51217
1780036679	6	50925
1780036679	7	50743
1780036684	0	50721
1780036684	1	51357
1780036684	2	50687
1780036684	3	50901
1780036684	4	50743
1780036684	5	51217
1780036684	6	50925
1780036684	7	50743
1780036690	0	50721
1780036690	1	51357
1780036690	2	50687
1780036690	3	50901
1780036690	4	50743
1780036690	5	51217
1780036690	6	50925
1780036690	7	50743
1780036695	0	50721
1780036695	1	51357
1780036695	2	50687
1780036695	3	50901
1780036695	4	50743
1780036695	5	51217
1780036695	6	50925
1780036695	7	50743
1780036700	0	50721
1780036700	1	51357
1780036700	2	50687
1780036700	3	50901
1780036700	4	50743
1780036700	5	51217
1780036700	6	50925
1780036700	7	50743
1780036706	0	50721
1780036706	1	51357
1780036706	2	50687
1780036706	3	50901
1780036706	4	50743
1780036706	5	51217
1780036706	6	50925
1780036706	7	50743
1780036711	0	50721
1780036711	1	51357
1780036711	2	50687
1780036711	3	50901
1780036711	4	50743
1780036711	5	51217
1780036711	6	50925
1780036711	7	50743
1780036716	0	50721
1780036716	1	51357
1780036716	2	50687
1780036716	3	50901
1780036716	4	50743
1780036716	5	51217
1780036716	6	50925
1780036716	7	50743
1780036722	0	50721
1780036722	1	51357
1780036722	2	50687
1780036722	3	50901
1780036722	4	50743
1780036722	5	51217
1780036722	6	50925
1780036722	7	50743
1780036727	0	50721
1780036727	1	51357
1780036727	2	50687
1780036727	3	50901
1780036727	4	50743
1780036727	5	51217
1780036727	6	50925
1780036727	7	50743
1780036732	0	50721
1780036732	1	51357
1780036732	2	50687
1780036732	3	50901
1780036732	4	50743
1780036732	5	51217
1780036732	6	50925
1780036732	7	50743
1780036737	0	50721
1780036737	1	51357
1780036737	2	50687
1780036737	3	50901
1780036737	4	50743
1780036737	5	51217
1780036737	6	50925
1780036737	7	50743
1780036743	0	50721
1780036743	1	51357
1780036743	2	50687
1780036743	3	50901
1780036743	4	50743
1780036743	5	51217
1780036743	6	50925
1780036743	7	50743
1780036748	0	50721
1780036748	1	51357
1780036748	2	50687
1780036748	3	50901
1780036748	4	50743
1780036748	5	51217
1780036748	6	50925
1780036748	7	50743
1780036753	0	50721
1780036753	1	51357
1780036753	2	50687
1780036753	3	50901
1780036753	4	50743
1780036753	5	51217
1780036753	6	50925
1780036753	7	50743
1780036759	0	50721
1780036759	1	51357
1780036759	2	50687
1780036759	3	50901
1780036759	4	50743
1780036759	5	51217
1780036759	6	50925
1780036759	7	50743
1780036764	0	50721
1780036764	1	51357
1780036764	2	50687
1780036764	3	50901
1780036764	4	50743
1780036764	5	51217
1780036764	6	50925
1780036764	7	50743
1780036769	0	50721
1780036769	1	51357
1780036769	2	50687
1780036769	3	50901
1780036769	4	50743
1780036769	5	51217
1780036769	6	50925
1780036769	7	50743
1780036775	0	50721
1780036775	1	51357
1780036775	2	50687
1780036775	3	50901
1780036775	4	50743
1780036775	5	51217
1780036775	6	50925
1780036775	7	50743
1780036780	0	50721
1780036780	1	51357
1780036780	2	50687
1780036780	3	50901
1780036780	4	50743
1780036780	5	51217
1780036780	6	50925
1780036780	7	50743
1780036785	0	50721
1780036785	1	51357
1780036785	2	50687
1780036785	3	50901
1780036785	4	50743
1780036785	5	51217
1780036785	6	50925
1780036785	7	50743
1780036791	0	50721
1780036791	1	51357
1780036791	2	50687
1780036791	3	50901
1780036791	4	50743
1780036791	5	51217
1780036791	6	50925
1780036791	7	50743
1780036796	0	50721
1780036796	1	51357
1780036796	2	50687
1780036796	3	50901
1780036796	4	50743
1780036796	5	51217
1780036796	6	50925
1780036796	7	50743
1780036801	0	50721
1780036801	1	51357
1780036801	2	50687
1780036801	3	50901
1780036801	4	50743
1780036801	5	51217
1780036801	6	50925
1780036801	7	50743
1780036807	0	50721
1780036807	1	51357
1780036807	2	50687
1780036807	3	50901
1780036807	4	50743
1780036807	5	51217
1780036807	6	50925
1780036807	7	50743
1780036812	0	50721
1780036812	1	51357
1780036812	2	50687
1780036812	3	50901
1780036812	4	50743
1780036812	5	51217
1780036812	6	50925
1780036812	7	50743
1780036817	0	50721
1780036817	1	51357
1780036817	2	50687
1780036817	3	50901
1780036817	4	50743
1780036817	5	51217
1780036817	6	50925
1780036817	7	50743
1780036823	0	50721
1780036823	1	51357
1780036823	2	50687
1780036823	3	50901
1780036823	4	50743
1780036823	5	51217
1780036823	6	50925
1780036823	7	50743
1780036828	0	50721
1780036828	1	51357
1780036828	2	50687
1780036828	3	50901
1780036828	4	50743
1780036828	5	51217
1780036828	6	50925
1780036828	7	50743
1780036833	0	50721
1780036833	1	51357
1780036833	2	50687
1780036833	3	50901
1780036833	4	50743
1780036833	5	51217
1780036833	6	50925
1780036833	7	50743
1780036839	0	50721
1780036839	1	51357
1780036839	2	50687
1780036839	3	50901
1780036839	4	50743
1780036839	5	51217
1780036839	6	50925
1780036839	7	50743
1780036844	0	50721
1780036844	1	51357
1780036844	2	50687
1780036844	3	50901
1780036844	4	50743
1780036844	5	51217
1780036844	6	50925
1780036844	7	50743
1780036849	0	50721
1780036849	1	51357
1780036849	2	50687
1780036849	3	50901
1780036849	4	50743
1780036849	5	51217
1780036849	6	50925
1780036849	7	50743
1780036855	0	50721
1780036855	1	51357
1780036855	2	50687
1780036855	3	50901
1780036855	4	50743
1780036855	5	51217
1780036855	6	50925
1780036855	7	50743
1780036860	0	50721
1780036860	1	51357
1780036860	2	50687
1780036860	3	50901
1780036860	4	50743
1780036860	5	51217
1780036860	6	50925
1780036860	7	50743
1780036865	0	50721
1780036865	1	51357
1780036865	2	50687
1780036865	3	50901
1780036865	4	50743
1780036865	5	51217
1780036865	6	50925
1780036865	7	50743
1780036871	0	50721
1780036871	1	51357
1780036871	2	50687
1780036871	3	50901
1780036871	4	50743
1780036871	5	51217
1780036871	6	50925
1780036871	7	50743
1780036876	0	50721
1780036876	1	51357
1780036876	2	50687
1780036876	3	50901
1780036876	4	50743
1780036876	5	51217
1780036876	6	50925
1780036876	7	50743
1780036881	0	50721
1780036881	1	51357
1780036881	2	50687
1780036881	3	50901
1780036881	4	50743
1780036881	5	51217
1780036881	6	50925
1780036881	7	50743
1780036886	0	50721
1780036886	1	51357
1780036886	2	50687
1780036886	3	50901
1780036886	4	50743
1780036886	5	51217
1780036886	6	50925
1780036886	7	50743
1780036892	0	50721
1780036892	1	51357
1780036892	2	50687
1780036892	3	50901
1780036892	4	50743
1780036892	5	51217
1780036892	6	50925
1780036892	7	50743
1780036897	0	50721
1780036897	1	51357
1780036897	2	50687
1780036897	3	50901
1780036897	4	50743
1780036897	5	51217
1780036897	6	50925
1780036897	7	50743
1780036902	0	50721
1780036902	1	51357
1780036902	2	50687
1780036902	3	50901
1780036902	4	50743
1780036902	5	51217
1780036902	6	50925
1780036902	7	50743
1780036908	0	50721
1780036908	1	51357
1780036908	2	50687
1780036908	3	50901
1780036908	4	50743
1780036908	5	51217
1780036908	6	50925
1780036908	7	50743
1780036913	0	50721
1780036913	1	51357
1780036913	2	50687
1780036913	3	50901
1780036913	4	50743
1780036913	5	51217
1780036913	6	50925
1780036913	7	50743
1780036918	0	50721
1780036918	1	51357
1780036918	2	50687
1780036918	3	50901
1780036918	4	50743
1780036918	5	51217
1780036918	6	50925
1780036918	7	50743
1780036924	0	50721
1780036924	1	51357
1780036924	2	50687
1780036924	3	50901
1780036924	4	50743
1780036924	5	51217
1780036924	6	50925
1780036924	7	50743
1780036929	0	50721
1780036929	1	51357
1780036929	2	50687
1780036929	3	50901
1780036929	4	50743
1780036929	5	51217
1780036929	6	50925
1780036929	7	50743
1780036934	0	50721
1780036934	1	51357
1780036934	2	50687
1780036934	3	50901
1780036934	4	50743
1780036934	5	51217
1780036934	6	50925
1780036934	7	50743
1780036940	0	50721
1780036940	1	51357
1780036940	2	50687
1780036940	3	50901
1780036940	4	50743
1780036940	5	51217
1780036940	6	50925
1780036940	7	50743
1780036945	0	50721
1780036945	1	51357
1780036945	2	50687
1780036945	3	50901
1780036945	4	50743
1780036945	5	51217
1780036945	6	50925
1780036945	7	50743
1780036950	0	50721
1780036950	1	51357
1780036950	2	50687
1780036950	3	50901
1780036950	4	50743
1780036950	5	51217
1780036950	6	50925
1780036950	7	50743
1780036956	0	50721
1780036956	1	51357
1780036956	2	50687
1780036956	3	50901
1780036956	4	50743
1780036956	5	51217
1780036956	6	50925
1780036956	7	50743
1780036961	0	50721
1780036961	1	51357
1780036961	2	50687
1780036961	3	50901
1780036961	4	50743
1780036961	5	51217
1780036961	6	50925
1780036961	7	50743
1780036966	0	50721
1780036966	1	51357
1780036966	2	50687
1780036966	3	50901
1780036966	4	50743
1780036966	5	51217
1780036966	6	50925
1780036966	7	50743
1780036972	0	50721
1780036972	1	51357
1780036972	2	50687
1780036972	3	50901
1780036972	4	50743
1780036972	5	51217
1780036972	6	50925
1780036972	7	50743
1780036977	0	50721
1780036977	1	51357
1780036977	2	50687
1780036977	3	50901
1780036977	4	50743
1780036977	5	51217
1780036977	6	50925
1780036977	7	50743
1780036982	0	50721
1780036982	1	51357
1780036982	2	50687
1780036982	3	50901
1780036982	4	50743
1780036982	5	51217
1780036982	6	50925
1780036982	7	50743
1780036988	0	50721
1780036988	1	51357
1780036988	2	50687
1780036988	3	50901
1780036988	4	50743
1780036988	5	51217
1780036988	6	50925
1780036988	7	50743
1780036993	0	50721
1780036993	1	51357
1780036993	2	50687
1780036993	3	50901
1780036993	4	50743
1780036993	5	51217
1780036993	6	50925
1780036993	7	50743
1780036998	0	50721
1780036998	1	51357
1780036998	2	50687
1780036998	3	50901
1780036998	4	50743
1780036998	5	51217
1780036998	6	50925
1780036998	7	50743
1780037004	0	50721
1780037004	1	51357
1780037004	2	50687
1780037004	3	50901
1780037004	4	50743
1780037004	5	51217
1780037004	6	50925
1780037004	7	50743
1780037009	0	50721
1780037009	1	51357
1780037009	2	50687
1780037009	3	50901
1780037009	4	50743
1780037009	5	51217
1780037009	6	50925
1780037009	7	50743
1780037014	0	50721
1780037014	1	51357
1780037014	2	50687
1780037014	3	50901
1780037014	4	50743
1780037014	5	51217
1780037014	6	50925
1780037014	7	50743
1780037020	0	50721
1780037020	1	51357
1780037020	2	50687
1780037020	3	50901
1780037020	4	50743
1780037020	5	51217
1780037020	6	50925
1780037020	7	50743
1780037025	0	50721
1780037025	1	51357
1780037025	2	50687
1780037025	3	50901
1780037025	4	50743
1780037025	5	51217
1780037025	6	50925
1780037025	7	50743
1780037030	0	50721
1780037030	1	51357
1780037030	2	50687
1780037030	3	50901
1780037030	4	50743
1780037030	5	51217
1780037030	6	50925
1780037030	7	50743
1780037035	0	50721
1780037035	1	51357
1780037035	2	50687
1780037035	3	50901
1780037035	4	50743
1780037035	5	51217
1780037035	6	50925
1780037035	7	50743
1780037041	0	50721
1780037041	1	51357
1780037041	2	50687
1780037041	3	50901
1780037041	4	50743
1780037041	5	51217
1780037041	6	50925
1780037041	7	50743
1780037046	0	50721
1780037046	1	51357
1780037046	2	50687
1780037046	3	50901
1780037046	4	50743
1780037046	5	51217
1780037046	6	50925
1780037046	7	50743
1780037051	0	50721
1780037051	1	51357
1780037051	2	50687
1780037051	3	50901
1780037051	4	50743
1780037051	5	51217
1780037051	6	50925
1780037051	7	50743
1780037057	0	50721
1780037057	1	51357
1780037057	2	50687
1780037057	3	50901
1780037057	4	50743
1780037057	5	51217
1780037057	6	50925
1780037057	7	50743
1780037062	0	50721
1780037062	1	51357
1780037062	2	50687
1780037062	3	50901
1780037062	4	50743
1780037062	5	51217
1780037062	6	50925
1780037062	7	50743
1780037067	0	50721
1780037067	1	51357
1780037067	2	50687
1780037067	3	50901
1780037067	4	50743
1780037067	5	51217
1780037067	6	50925
1780037067	7	50743
1780037073	0	50721
1780037073	1	51357
1780037073	2	50687
1780037073	3	50901
1780037073	4	50743
1780037073	5	51217
1780037073	6	50925
1780037073	7	50743
1780037078	0	50721
1780037078	1	51357
1780037078	2	50687
1780037078	3	50901
1780037078	4	50743
1780037078	5	51217
1780037078	6	50925
1780037078	7	50743
1780037083	0	50721
1780037083	1	51357
1780037083	2	50687
1780037083	3	50901
1780037083	4	50743
1780037083	5	51217
1780037083	6	50925
1780037083	7	50743
1780037089	0	50721
1780037089	1	51357
1780037089	2	50687
1780037089	3	50901
1780037089	4	50743
1780037089	5	51217
1780037089	6	50925
1780037089	7	50743
1780037094	0	50721
1780037094	1	51357
1780037094	2	50687
1780037094	3	50901
1780037094	4	50743
1780037094	5	51217
1780037094	6	50925
1780037094	7	50743
1780037099	0	50721
1780037099	1	51357
1780037099	2	50687
1780037099	3	50901
1780037099	4	50743
1780037099	5	51217
1780037099	6	50925
1780037099	7	50743
1780037104	0	50721
1780037104	1	51357
1780037104	2	50687
1780037104	3	50901
1780037104	4	50743
1780037104	5	51217
1780037104	6	50925
1780037104	7	50743
1780037110	0	50721
1780037110	1	51357
1780037110	2	50687
1780037110	3	50901
1780037110	4	50743
1780037110	5	51217
1780037110	6	50925
1780037110	7	50743
1780037115	0	50721
1780037115	1	51357
1780037115	2	50687
1780037115	3	50901
1780037115	4	50743
1780037115	5	51217
1780037115	6	50925
1780037115	7	50743
1780037120	0	50721
1780037120	1	51357
1780037120	2	50687
1780037120	3	50901
1780037120	4	50743
1780037120	5	51217
1780037120	6	50925
1780037120	7	50743
1780037126	0	50721
1780037126	1	51357
1780037126	2	50687
1780037126	3	50901
1780037126	4	50743
1780037126	5	51217
1780037126	6	50925
1780037126	7	50743
1780037131	0	50721
1780037131	1	51357
1780037131	2	50687
1780037131	3	50901
1780037131	4	50743
1780037131	5	51217
1780037131	6	50925
1780037131	7	50743
1780037136	0	50721
1780037136	1	51357
1780037136	2	50687
1780037136	3	50901
1780037136	4	50743
1780037136	5	51217
1780037136	6	50925
1780037136	7	50743
1780037142	0	50721
1780037142	1	51357
1780037142	2	50687
1780037142	3	50901
1780037142	4	50743
1780037142	5	51217
1780037142	6	50925
1780037142	7	50743
1780037147	0	50721
1780037147	1	51357
1780037147	2	50687
1780037147	3	50901
1780037147	4	50743
1780037147	5	51217
1780037147	6	50925
1780037147	7	50743
1780037153	0	50721
1780037153	1	51357
1780037153	2	50687
1780037153	3	50901
1780037153	4	50743
1780037153	5	51217
1780037153	6	50925
1780037153	7	50743
1780037158	0	50721
1780037158	1	51357
1780037158	2	50687
1780037158	3	50901
1780037158	4	50743
1780037158	5	51217
1780037158	6	50925
1780037158	7	50743
1780037163	0	50721
1780037163	1	51357
1780037163	2	50687
1780037163	3	50901
1780037163	4	50743
1780037163	5	51217
1780037163	6	50925
1780037163	7	50743
1780037169	0	50721
1780037169	1	51357
1780037169	2	50687
1780037169	3	50901
1780037169	4	50743
1780037169	5	51217
1780037169	6	50925
1780037169	7	50743
1780037174	0	50721
1780037174	1	51357
1780037174	2	50687
1780037174	3	50901
1780037174	4	50743
1780037174	5	51217
1780037174	6	50925
1780037174	7	50743
1780037179	0	50721
1780037179	1	51357
1780037179	2	50687
1780037179	3	50901
1780037179	4	50743
1780037179	5	51217
1780037179	6	50925
1780037179	7	50743
1780037185	0	50721
1780037185	1	51357
1780037185	2	50687
1780037185	3	50901
1780037185	4	50743
1780037185	5	51217
1780037185	6	50925
1780037185	7	50743
1780037190	0	50721
1780037190	1	51357
1780037190	2	50687
1780037190	3	50901
1780037190	4	50743
1780037190	5	51217
1780037190	6	50925
1780037190	7	50743
1780037195	0	50721
1780037195	1	51357
1780037195	2	50687
1780037195	3	50901
1780037195	4	50743
1780037195	5	51217
1780037195	6	50925
1780037195	7	50743
1780037201	0	50721
1780037201	1	51357
1780037201	2	50687
1780037201	3	50901
1780037201	4	50743
1780037201	5	51217
1780037201	6	50925
1780037201	7	50743
1780037206	0	50721
1780037206	1	51357
1780037206	2	50687
1780037206	3	50901
1780037206	4	50743
1780037206	5	51217
1780037206	6	50925
1780037206	7	50743
1780037211	0	50721
1780037211	1	51357
1780037211	2	50687
1780037211	3	50901
1780037211	4	50743
1780037211	5	51217
1780037211	6	50925
1780037211	7	50743
1780037217	0	50721
1780037217	1	51357
1780037217	2	50687
1780037217	3	50901
1780037217	4	50743
1780037217	5	51217
1780037217	6	50925
1780037217	7	50743
1780037222	0	50721
1780037222	1	51357
1780037222	2	50687
1780037222	3	50901
1780037222	4	50743
1780037222	5	51217
1780037222	6	50925
1780037222	7	50743
1780037227	0	50721
1780037227	1	51357
1780037227	2	50687
1780037227	3	50901
1780037227	4	50743
1780037227	5	51217
1780037227	6	50925
1780037227	7	50743
1780037233	0	50721
1780037233	1	51357
1780037233	2	50687
1780037233	3	50901
1780037233	4	50743
1780037233	5	51217
1780037233	6	50925
1780037233	7	50743
1780037238	0	50721
1780037238	1	51357
1780037238	2	50687
1780037238	3	50901
1780037238	4	50743
1780037238	5	51217
1780037238	6	50925
1780037238	7	50743
1780037243	0	50721
1780037243	1	51357
1780037243	2	50687
1780037243	3	50901
1780037243	4	50743
1780037243	5	51217
1780037243	6	50925
1780037243	7	50743
1780037248	0	50721
1780037248	1	51357
1780037248	2	50687
1780037248	3	50901
1780037248	4	50743
1780037248	5	51217
1780037248	6	50925
1780037248	7	50743
1780037254	0	50721
1780037254	1	51357
1780037254	2	50687
1780037254	3	50901
1780037254	4	50743
1780037254	5	51217
1780037254	6	50925
1780037254	7	50743
1780037259	0	50721
1780037259	1	51357
1780037259	2	50687
1780037259	3	50901
1780037259	4	50743
1780037259	5	51217
1780037259	6	50925
1780037259	7	50743
1780037264	0	50721
1780037264	1	51357
1780037264	2	50687
1780037264	3	50901
1780037264	4	50743
1780037264	5	51217
1780037264	6	50925
1780037264	7	50743
1780037270	0	50721
1780037270	1	51357
1780037270	2	50687
1780037270	3	50901
1780037270	4	50743
1780037270	5	51217
1780037270	6	50925
1780037270	7	50743
1780037275	0	50721
1780037275	1	51357
1780037275	2	50687
1780037275	3	50901
1780037275	4	50743
1780037275	5	51217
1780037275	6	50925
1780037275	7	50743
1780037280	0	50721
1780037280	1	51357
1780037280	2	50687
1780037280	3	50901
1780037280	4	50743
1780037280	5	51217
1780037280	6	50925
1780037280	7	50743
1780037286	0	50721
1780037286	1	51357
1780037286	2	50687
1780037286	3	50901
1780037286	4	50743
1780037286	5	51217
1780037286	6	50925
1780037286	7	50743
1780037291	0	50721
1780037291	1	51357
1780037291	2	50687
1780037291	3	50901
1780037291	4	50743
1780037291	5	51217
1780037291	6	50925
1780037291	7	50743
1780037296	0	50721
1780037296	1	51357
1780037296	2	50687
1780037296	3	50901
1780037296	4	50743
1780037296	5	51217
1780037296	6	50925
1780037296	7	50743
1780037302	0	50721
1780037302	1	51357
1780037302	2	50687
1780037302	3	50901
1780037302	4	50743
1780037302	5	51217
1780037302	6	50925
1780037302	7	50743
1780037307	0	50721
1780037307	1	51357
1780037307	2	50687
1780037307	3	50901
1780037307	4	50743
1780037307	5	51217
1780037307	6	50925
1780037307	7	50743
1780037312	0	50721
1780037312	1	51357
1780037312	2	50687
1780037312	3	50901
1780037312	4	50743
1780037312	5	51217
1780037312	6	50925
1780037312	7	50743
1780037317	0	50721
1780037317	1	51357
1780037317	2	50687
1780037317	3	50901
1780037317	4	50743
1780037317	5	51217
1780037317	6	50925
1780037317	7	50743
1780037323	0	50721
1780037323	1	51357
1780037323	2	50687
1780037323	3	50901
1780037323	4	50743
1780037323	5	51217
1780037323	6	50925
1780037323	7	50743
1780037328	0	50721
1780037328	1	51357
1780037328	2	50687
1780037328	3	50901
1780037328	4	50743
1780037328	5	51217
1780037328	6	50925
1780037328	7	50743
1780037334	0	50721
1780037334	1	51357
1780037334	2	50687
1780037334	3	50901
1780037334	4	50743
1780037334	5	51217
1780037334	6	50925
1780037334	7	50743
1780037339	0	50721
1780037339	1	51357
1780037339	2	50687
1780037339	3	50901
1780037339	4	50743
1780037339	5	51217
1780037339	6	50925
1780037339	7	50743
1780037344	0	50721
1780037344	1	51357
1780037344	2	50687
1780037344	3	50901
1780037344	4	50743
1780037344	5	51217
1780037344	6	50925
1780037344	7	50743
1780037349	0	50721
1780037349	1	51357
1780037349	2	50687
1780037349	3	50901
1780037349	4	50743
1780037349	5	51217
1780037349	6	50925
1780037349	7	50743
1780037355	0	50721
1780037355	1	51357
1780037355	2	50687
1780037355	3	50901
1780037355	4	50743
1780037355	5	51217
1780037355	6	50925
1780037355	7	50743
1780037360	0	50721
1780037360	1	51357
1780037360	2	50687
1780037360	3	50901
1780037360	4	50743
1780037360	5	51217
1780037360	6	50925
1780037360	7	50743
1780037365	0	50721
1780037365	1	51357
1780037365	2	50687
1780037365	3	50901
1780037365	4	50743
1780037365	5	51217
1780037365	6	50925
1780037365	7	50743
1780037371	0	50721
1780037371	1	51357
1780037371	2	50687
1780037371	3	50901
1780037371	4	50743
1780037371	5	51217
1780037371	6	50925
1780037371	7	50743
1780037376	0	50721
1780037376	1	51357
1780037376	2	50687
1780037376	3	50901
1780037376	4	50743
1780037376	5	51217
1780037376	6	50925
1780037376	7	50743
1780037381	0	50721
1780037381	1	51357
1780037381	2	50687
1780037381	3	50901
1780037381	4	50743
1780037381	5	51217
1780037381	6	50925
1780037381	7	50743
1780037387	0	50721
1780037387	1	51357
1780037387	2	50687
1780037387	3	50901
1780037387	4	50743
1780037387	5	51217
1780037387	6	50925
1780037387	7	50743
1780037392	0	50721
1780037392	1	51357
1780037392	2	50687
1780037392	3	50901
1780037392	4	50743
1780037392	5	51217
1780037392	6	50925
1780037392	7	50743
1780037397	0	50721
1780037397	1	51357
1780037397	2	50687
1780037397	3	50901
1780037397	4	50743
1780037397	5	51217
1780037397	6	50925
1780037397	7	50743
1780037402	0	50721
1780037402	1	51357
1780037402	2	50687
1780037402	3	50901
1780037402	4	50743
1780037402	5	51217
1780037402	6	50925
1780037402	7	50743
1780037408	0	50721
1780037408	1	51357
1780037408	2	50687
1780037408	3	50901
1780037408	4	50743
1780037408	5	51217
1780037408	6	50925
1780037408	7	50743
1780037413	0	50721
1780037413	1	51357
1780037413	2	50687
1780037413	3	50901
1780037413	4	50743
1780037413	5	51217
1780037413	6	50925
1780037413	7	50743
1780037418	0	50721
1780037418	1	51357
1780037418	2	50687
1780037418	3	50901
1780037418	4	50743
1780037418	5	51217
1780037418	6	50925
1780037418	7	50743
1780037424	0	50721
1780037424	1	51357
1780037424	2	50687
1780037424	3	50901
1780037424	4	50743
1780037424	5	51217
1780037424	6	50925
1780037424	7	50743
1780037429	0	50721
1780037429	1	51357
1780037429	2	50687
1780037429	3	50901
1780037429	4	50743
1780037429	5	51217
1780037429	6	50925
1780037429	7	50743
1780037434	0	50721
1780037434	1	51357
1780037434	2	50687
1780037434	3	50901
1780037434	4	50743
1780037434	5	51217
1780037434	6	50925
1780037434	7	50743
1780037440	0	50721
1780037440	1	51357
1780037440	2	50687
1780037440	3	50901
1780037440	4	50743
1780037440	5	51217
1780037440	6	50925
1780037440	7	50743
1780037445	0	50721
1780037445	1	51357
1780037445	2	50687
1780037445	3	50901
1780037445	4	50743
1780037445	5	51217
1780037445	6	50925
1780037445	7	50743
1780037450	0	50721
1780037450	1	51357
1780037450	2	50687
1780037450	3	50901
1780037450	4	50743
1780037450	5	51217
1780037450	6	50925
1780037450	7	50743
1780037456	0	50721
1780037456	1	51357
1780037456	2	50687
1780037456	3	50901
1780037456	4	50743
1780037456	5	51217
1780037456	6	50925
1780037456	7	50743
1780037461	0	50721
1780037461	1	51357
1780037461	2	50687
1780037461	3	50901
1780037461	4	50743
1780037461	5	51217
1780037461	6	50925
1780037461	7	50743
1780037466	0	50721
1780037466	1	51357
1780037466	2	50687
1780037466	3	50901
1780037466	4	50743
1780037466	5	51217
1780037466	6	50925
1780037466	7	50743
1780037472	0	50721
1780037472	1	51357
1780037472	2	50687
1780037472	3	50901
1780037472	4	50743
1780037472	5	51217
1780037472	6	50925
1780037472	7	50743
1780037477	0	50721
1780037477	1	51357
1780037477	2	50687
1780037477	3	50901
1780037477	4	50743
1780037477	5	51217
1780037477	6	50925
1780037477	7	50743
1780037482	0	50721
1780037482	1	51357
1780037482	2	50687
1780037482	3	50901
1780037482	4	50743
1780037482	5	51217
1780037482	6	50925
1780037482	7	50743
1780037488	0	50721
1780037488	1	51357
1780037488	2	50687
1780037488	3	50901
1780037488	4	50743
1780037488	5	51217
1780037488	6	50925
1780037488	7	50743
1780037493	0	50721
1780037493	1	51357
1780037493	2	50687
1780037493	3	50901
1780037493	4	50743
1780037493	5	51217
1780037493	6	50925
1780037493	7	50743
1780037498	0	50721
1780037498	1	51357
1780037498	2	50687
1780037498	3	50901
1780037498	4	50743
1780037498	5	51217
1780037498	6	50925
1780037498	7	50743
1780037504	0	50721
1780037504	1	51357
1780037504	2	50687
1780037504	3	50901
1780037504	4	50743
1780037504	5	51217
1780037504	6	50925
1780037504	7	50743
1780037509	0	50721
1780037509	1	51357
1780037509	2	50687
1780037509	3	50901
1780037509	4	50743
1780037509	5	51217
1780037509	6	50925
1780037509	7	50743
1780037514	0	50721
1780037514	1	51357
1780037514	2	50687
1780037514	3	50901
1780037514	4	50743
1780037514	5	51217
1780037514	6	50925
1780037514	7	50743
1780037520	0	50721
1780037520	1	51357
1780037520	2	50687
1780037520	3	50901
1780037520	4	50743
1780037520	5	51217
1780037520	6	50925
1780037520	7	50743
1780037525	0	50721
1780037525	1	51357
1780037525	2	50687
1780037525	3	50901
1780037525	4	50743
1780037525	5	51217
1780037525	6	50925
1780037525	7	50743
1780037530	0	50721
1780037530	1	51357
1780037530	2	50687
1780037530	3	50901
1780037530	4	50743
1780037530	5	51217
1780037530	6	50925
1780037530	7	50743
1780037536	0	50721
1780037536	1	51357
1780037536	2	50687
1780037536	3	50901
1780037536	4	50743
1780037536	5	51217
1780037536	6	50925
1780037536	7	50743
1780037541	0	50721
1780037541	1	51357
1780037541	2	50687
1780037541	3	50901
1780037541	4	50743
1780037541	5	51217
1780037541	6	50925
1780037541	7	50743
1780037546	0	50721
1780037546	1	51357
1780037546	2	50687
1780037546	3	50901
1780037546	4	50743
1780037546	5	51217
1780037546	6	50925
1780037546	7	50743
1780037552	0	50721
1780037552	1	51357
1780037552	2	50687
1780037552	3	50901
1780037552	4	50743
1780037552	5	51217
1780037552	6	50925
1780037552	7	50743
1780037557	0	50721
1780037557	1	51357
1780037557	2	50687
1780037557	3	50901
1780037557	4	50743
1780037557	5	51217
1780037557	6	50925
1780037557	7	50743
1780037563	0	50721
1780037563	1	51357
1780037563	2	50687
1780037563	3	50901
1780037563	4	50743
1780037563	5	51217
1780037563	6	50925
1780037563	7	50743
1780037568	0	50721
1780037568	1	51357
1780037568	2	50687
1780037568	3	50901
1780037568	4	50743
1780037568	5	51217
1780037568	6	50925
1780037568	7	50743
1780037573	0	50721
1780037573	1	51357
1780037573	2	50687
1780037573	3	50901
1780037573	4	50743
1780037573	5	51217
1780037573	6	50925
1780037573	7	50743
1780037579	0	50721
1780037579	1	51357
1780037579	2	50687
1780037579	3	50901
1780037579	4	50743
1780037579	5	51217
1780037579	6	50925
1780037579	7	50743
1780037584	0	50721
1780037584	1	51357
1780037584	2	50687
1780037584	3	50901
1780037584	4	50743
1780037584	5	51217
1780037584	6	50925
1780037584	7	50743
1780037589	0	50721
1780037589	1	51357
1780037589	2	50687
1780037589	3	50901
1780037589	4	50743
1780037589	5	51217
1780037589	6	50925
1780037589	7	50743
1780037594	0	50721
1780037594	1	51357
1780037594	2	50687
1780037594	3	50901
1780037594	4	50743
1780037594	5	51217
1780037594	6	50925
1780037594	7	50743
1780037600	0	50721
1780037600	1	51357
1780037600	2	50687
1780037600	3	50901
1780037600	4	50743
1780037600	5	51217
1780037600	6	50925
1780037600	7	50743
1780037605	0	50721
1780037605	1	51357
1780037605	2	50687
1780037605	3	50901
1780037605	4	50743
1780037605	5	51217
1780037605	6	50925
1780037605	7	50743
1780037610	0	50721
1780037610	1	51357
1780037610	2	50687
1780037610	3	50901
1780037610	4	50743
1780037610	5	51217
1780037610	6	50925
1780037610	7	50743
1780037616	0	50721
1780037616	1	51357
1780037616	2	50687
1780037616	3	50901
1780037616	4	50743
1780037616	5	51217
1780037616	6	50925
1780037616	7	50743
1780037621	0	50721
1780037621	1	51357
1780037621	2	50687
1780037621	3	50901
1780037621	4	50743
1780037621	5	51217
1780037621	6	50925
1780037621	7	50743
1780037626	0	50721
1780037626	1	51357
1780037626	2	50687
1780037626	3	50901
1780037626	4	50743
1780037626	5	51217
1780037626	6	50925
1780037626	7	50743
1780037632	0	50721
1780037632	1	51357
1780037632	2	50687
1780037632	3	50901
1780037632	4	50743
1780037632	5	51217
1780037632	6	50925
1780037632	7	50743
1780037637	0	50721
1780037637	1	51357
1780037637	2	50687
1780037637	3	50901
1780037637	4	50743
1780037637	5	51217
1780037637	6	50925
1780037637	7	50743
1780037642	0	50721
1780037642	1	51357
1780037642	2	50687
1780037642	3	50901
1780037642	4	50743
1780037642	5	51217
1780037642	6	50925
1780037642	7	50743
1780037647	0	50721
1780037647	1	51357
1780037647	2	50687
1780037647	3	50901
1780037647	4	50743
1780037647	5	51217
1780037647	6	50925
1780037647	7	50743
1780037653	0	50721
1780037653	1	51357
1780037653	2	50687
1780037653	3	50901
1780037653	4	50743
1780037653	5	51217
1780037653	6	50925
1780037653	7	50743
1780037658	0	50721
1780037658	1	51357
1780037658	2	50687
1780037658	3	50901
1780037658	4	50743
1780037658	5	51217
1780037658	6	50925
1780037658	7	50743
1780037663	0	50721
1780037663	1	51357
1780037663	2	50687
1780037663	3	50901
1780037663	4	50743
1780037663	5	51217
1780037663	6	50925
1780037663	7	50743
1780037669	0	50721
1780037669	1	51357
1780037669	2	50687
1780037669	3	50901
1780037669	4	50743
1780037669	5	51217
1780037669	6	50925
1780037669	7	50743
1780037674	0	50721
1780037674	1	51357
1780037674	2	50687
1780037674	3	50901
1780037674	4	50743
1780037674	5	51217
1780037674	6	50925
1780037674	7	50743
1780037679	0	50721
1780037679	1	51357
1780037679	2	50687
1780037679	3	50901
1780037679	4	50743
1780037679	5	51217
1780037679	6	50925
1780037679	7	50743
1780037685	0	50721
1780037685	1	51357
1780037685	2	50687
1780037685	3	50901
1780037685	4	50743
1780037685	5	51217
1780037685	6	50925
1780037685	7	50743
1780037690	0	50721
1780037690	1	51357
1780037690	2	50687
1780037690	3	50901
1780037690	4	50743
1780037690	5	51217
1780037690	6	50925
1780037690	7	50743
1780037695	0	50721
1780037695	1	51357
1780037695	2	50687
1780037695	3	50901
1780037695	4	50743
1780037695	5	51217
1780037695	6	50925
1780037695	7	50743
1780037701	0	50721
1780037701	1	51357
1780037701	2	50687
1780037701	3	50901
1780037701	4	50743
1780037701	5	51217
1780037701	6	50925
1780037701	7	50743
1780037706	0	50721
1780037706	1	51357
1780037706	2	50687
1780037706	3	50901
1780037706	4	50743
1780037706	5	51217
1780037706	6	50925
1780037706	7	50743
1780037711	0	50721
1780037711	1	51357
1780037711	2	50687
1780037711	3	50901
1780037711	4	50743
1780037711	5	51217
1780037711	6	50925
1780037711	7	50743
1780037717	0	50721
1780037717	1	51357
1780037717	2	50687
1780037717	3	50901
1780037717	4	50743
1780037717	5	51217
1780037717	6	50925
1780037717	7	50743
1780037722	0	50721
1780037722	1	51357
1780037722	2	50687
1780037722	3	50901
1780037722	4	50743
1780037722	5	51217
1780037722	6	50925
1780037722	7	50743
1780037727	0	50721
1780037727	1	51357
1780037727	2	50687
1780037727	3	50901
1780037727	4	50743
1780037727	5	51217
1780037727	6	50925
1780037727	7	50743
1780037733	0	50721
1780037733	1	51357
1780037733	2	50687
1780037733	3	50901
1780037733	4	50743
1780037733	5	51217
1780037733	6	50925
1780037733	7	50743
1780037738	0	50721
1780037738	1	51357
1780037738	2	50687
1780037738	3	50901
1780037738	4	50743
1780037738	5	51217
1780037738	6	50925
1780037738	7	50743
1780037743	0	50721
1780037743	1	51357
1780037743	2	50687
1780037743	3	50901
1780037743	4	50743
1780037743	5	51217
1780037743	6	50925
1780037743	7	50743
1780037749	0	50721
1780037749	1	51357
1780037749	2	50687
1780037749	3	50901
1780037749	4	50743
1780037749	5	51217
1780037749	6	50925
1780037749	7	50743
1780037754	0	50721
1780037754	1	51357
1780037754	2	50687
1780037754	3	50901
1780037754	4	50743
1780037754	5	51217
1780037754	6	50925
1780037754	7	50743
1780037759	0	50721
1780037759	1	51357
1780037759	2	50687
1780037759	3	50901
1780037759	4	50743
1780037759	5	51217
1780037759	6	50925
1780037759	7	50743
1780037764	0	50721
1780037764	1	51357
1780037764	2	50687
1780037764	3	50901
1780037764	4	50743
1780037764	5	51217
1780037764	6	50925
1780037764	7	50743
1780037770	0	50721
1780037770	1	51357
1780037770	2	50687
1780037770	3	50901
1780037770	4	50743
1780037770	5	51217
1780037770	6	50925
1780037770	7	50743
1780037775	0	50721
1780037775	1	51357
1780037775	2	50687
1780037775	3	50901
1780037775	4	50743
1780037775	5	51217
1780037775	6	50925
1780037775	7	50743
1780037780	0	50721
1780037780	1	51357
1780037780	2	50687
1780037780	3	50901
1780037780	4	50743
1780037780	5	51217
1780037780	6	50925
1780037780	7	50743
1780037786	0	50721
1780037786	1	51357
1780037786	2	50687
1780037786	3	50901
1780037786	4	50743
1780037786	5	51217
1780037786	6	50925
1780037786	7	50743
1780037791	0	50721
1780037791	1	51357
1780037791	2	50687
1780037791	3	50901
1780037791	4	50743
1780037791	5	51217
1780037791	6	50925
1780037791	7	50743
1780037796	0	50721
1780037796	1	51357
1780037796	2	50687
1780037796	3	50901
1780037796	4	50743
1780037796	5	51217
1780037796	6	50925
1780037796	7	50743
1780037802	0	50721
1780037802	1	51357
1780037802	2	50687
1780037802	3	50901
1780037802	4	50743
1780037802	5	51217
1780037802	6	50925
1780037802	7	50743
1780037807	0	50721
1780037807	1	51357
1780037807	2	50687
1780037807	3	50901
1780037807	4	50743
1780037807	5	51217
1780037807	6	50925
1780037807	7	50743
1780037812	0	50721
1780037812	1	51357
1780037812	2	50687
1780037812	3	50901
1780037812	4	50743
1780037812	5	51217
1780037812	6	50925
1780037812	7	50743
1780037818	0	50721
1780037818	1	51357
1780037818	2	50687
1780037818	3	50901
1780037818	4	50743
1780037818	5	51217
1780037818	6	50925
1780037818	7	50743
1780037823	0	50721
1780037823	1	51357
1780037823	2	50687
1780037823	3	50901
1780037823	4	50743
1780037823	5	51217
1780037823	6	50925
1780037823	7	50743
1780037828	0	50721
1780037828	1	51357
1780037828	2	50687
1780037828	3	50901
1780037828	4	50743
1780037828	5	51217
1780037828	6	50925
1780037828	7	50743
1780037833	0	50721
1780037833	1	51357
1780037833	2	50687
1780037833	3	50901
1780037833	4	50743
1780037833	5	51217
1780037833	6	50925
1780037833	7	50743
1780037839	0	50721
1780037839	1	51357
1780037839	2	50687
1780037839	3	50901
1780037839	4	50743
1780037839	5	51217
1780037839	6	50925
1780037839	7	50743
1780037844	0	50721
1780037844	1	51357
1780037844	2	50687
1780037844	3	50901
1780037844	4	50743
1780037844	5	51217
1780037844	6	50925
1780037844	7	50743
1780037849	0	50721
1780037849	1	51357
1780037849	2	50687
1780037849	3	50901
1780037849	4	50743
1780037849	5	51217
1780037849	6	50925
1780037849	7	50743
1780037855	0	50721
1780037855	1	51357
1780037855	2	50687
1780037855	3	50901
1780037855	4	50743
1780037855	5	51217
1780037855	6	50925
1780037855	7	50743
1780037860	0	50721
1780037860	1	51357
1780037860	2	50687
1780037860	3	50901
1780037860	4	50743
1780037860	5	51217
1780037860	6	50925
1780037860	7	50743
1780037865	0	50721
1780037865	1	51357
1780037865	2	50687
1780037865	3	50901
1780037865	4	50743
1780037865	5	51217
1780037865	6	50925
1780037865	7	50743
1780037871	0	50721
1780037871	1	51357
1780037871	2	50687
1780037871	3	50901
1780037871	4	50743
1780037871	5	51217
1780037871	6	50925
1780037871	7	50743
1780037876	0	50721
1780037876	1	51357
1780037876	2	50687
1780037876	3	50901
1780037876	4	50743
1780037876	5	51217
1780037876	6	50925
1780037876	7	50743
1780037881	0	50721
1780037881	1	51357
1780037881	2	50687
1780037881	3	50901
1780037881	4	50743
1780037881	5	51217
1780037881	6	50925
1780037881	7	50743
1780037887	0	50721
1780037887	1	51357
1780037887	2	50687
1780037887	3	50901
1780037887	4	50743
1780037887	5	51217
1780037887	6	50925
1780037887	7	50743
1780037892	0	50721
1780037892	1	51357
1780037892	2	50687
1780037892	3	50901
1780037892	4	50743
1780037892	5	51217
1780037892	6	50925
1780037892	7	50743
1780037897	0	50721
1780037897	1	51357
1780037897	2	50687
1780037897	3	50901
1780037897	4	50743
1780037897	5	51217
1780037897	6	50925
1780037897	7	50743
1780037903	0	50721
1780037903	1	51357
1780037903	2	50687
1780037903	3	50901
1780037903	4	50743
1780037903	5	51217
1780037903	6	50925
1780037903	7	50743
1780037908	0	50721
1780037908	1	51357
1780037908	2	50687
1780037908	3	50901
1780037908	4	50743
1780037908	5	51217
1780037908	6	50925
1780037908	7	50743
1780037913	0	50721
1780037913	1	51357
1780037913	2	50687
1780037913	3	50901
1780037913	4	50743
1780037913	5	51217
1780037913	6	50925
1780037913	7	50743
1780037918	0	50721
1780037918	1	51357
1780037918	2	50687
1780037918	3	50901
1780037918	4	50743
1780037918	5	51217
1780037918	6	50925
1780037918	7	50743
1780037924	0	50721
1780037924	1	51357
1780037924	2	50687
1780037924	3	50901
1780037924	4	50743
1780037924	5	51217
1780037924	6	50925
1780037924	7	50743
1780037929	0	50721
1780037929	1	51357
1780037929	2	50687
1780037929	3	50901
1780037929	4	50743
1780037929	5	51217
1780037929	6	50925
1780037929	7	50743
1780037934	0	50721
1780037934	1	51357
1780037934	2	50687
1780037934	3	50901
1780037934	4	50743
1780037934	5	51217
1780037934	6	50925
1780037934	7	50743
1780037940	0	50721
1780037940	1	51357
1780037940	2	50687
1780037940	3	50901
1780037940	4	50743
1780037940	5	51217
1780037940	6	50925
1780037940	7	50743
1780037945	0	50721
1780037945	1	51357
1780037945	2	50687
1780037945	3	50901
1780037945	4	50743
1780037945	5	51217
1780037945	6	50925
1780037945	7	50743
1780037950	0	50721
1780037950	1	51357
1780037950	2	50687
1780037950	3	50901
1780037950	4	50743
1780037950	5	51217
1780037950	6	50925
1780037950	7	50743
1780037956	0	50721
1780037956	1	51357
1780037956	2	50687
1780037956	3	50901
1780037956	4	50743
1780037956	5	51217
1780037956	6	50925
1780037956	7	50743
1780037961	0	50721
1780037961	1	51357
1780037961	2	50687
1780037961	3	50901
1780037961	4	50743
1780037961	5	51217
1780037961	6	50925
1780037961	7	50743
1780037966	0	50721
1780037966	1	51357
1780037966	2	50687
1780037966	3	50901
1780037966	4	50743
1780037966	5	51217
1780037966	6	50925
1780037966	7	50743
1780037971	0	50721
1780037971	1	51357
1780037971	2	50687
1780037971	3	50901
1780037971	4	50743
1780037971	5	51217
1780037971	6	50925
1780037971	7	50743
1780037977	0	50721
1780037977	1	51357
1780037977	2	50687
1780037977	3	50901
1780037977	4	50743
1780037977	5	51217
1780037977	6	50925
1780037977	7	50743
1780037982	0	50721
1780037982	1	51357
1780037982	2	50687
1780037982	3	50901
1780037982	4	50743
1780037982	5	51217
1780037982	6	50925
1780037982	7	50743
1780037987	0	50721
1780037987	1	51357
1780037987	2	50687
1780037987	3	50901
1780037987	4	50743
1780037987	5	51217
1780037987	6	50925
1780037987	7	50743
1780037993	0	50721
1780037993	1	51357
1780037993	2	50687
1780037993	3	50901
1780037993	4	50743
1780037993	5	51217
1780037993	6	50925
1780037993	7	50743
1780037998	0	50721
1780037998	1	51357
1780037998	2	50687
1780037998	3	50901
1780037998	4	50743
1780037998	5	51217
1780037998	6	50925
1780037998	7	50743
1780038003	0	50721
1780038003	1	51357
1780038003	2	50687
1780038003	3	50901
1780038003	4	50743
1780038003	5	51217
1780038003	6	50925
1780038003	7	50743
1780038009	0	50721
1780038009	1	51357
1780038009	2	50687
1780038009	3	50901
1780038009	4	50743
1780038009	5	51217
1780038009	6	50925
1780038009	7	50743
1780038014	0	50721
1780038014	1	51357
1780038014	2	50687
1780038014	3	50901
1780038014	4	50743
1780038014	5	51217
1780038014	6	50925
1780038014	7	50743
1780038019	0	50721
1780038019	1	51357
1780038019	2	50687
1780038019	3	50901
1780038019	4	50743
1780038019	5	51217
1780038019	6	50925
1780038019	7	50743
1780038025	0	50721
1780038025	1	51357
1780038025	2	50687
1780038025	3	50901
1780038025	4	50743
1780038025	5	51217
1780038025	6	50925
1780038025	7	50743
1780038030	0	50721
1780038030	1	51357
1780038030	2	50687
1780038030	3	50901
1780038030	4	50743
1780038030	5	51217
1780038030	6	50925
1780038030	7	50743
1780038035	0	50721
1780038035	1	51357
1780038035	2	50687
1780038035	3	50901
1780038035	4	50743
1780038035	5	51217
1780038035	6	50925
1780038035	7	50743
1780038041	0	50721
1780038041	1	51357
1780038041	2	50687
1780038041	3	50901
1780038041	4	50743
1780038041	5	51217
1780038041	6	50925
1780038041	7	50743
1780038046	0	50721
1780038046	1	51357
1780038046	2	50687
1780038046	3	50901
1780038046	4	50743
1780038046	5	51217
1780038046	6	50925
1780038046	7	50743
1780038051	0	50721
1780038051	1	51357
1780038051	2	50687
1780038051	3	50901
1780038051	4	50743
1780038051	5	51217
1780038051	6	50925
1780038051	7	50743
1780038057	0	50721
1780038057	1	51357
1780038057	2	50687
1780038057	3	50901
1780038057	4	50743
1780038057	5	51217
1780038057	6	50925
1780038057	7	50743
1780038062	0	50721
1780038062	1	51357
1780038062	2	50687
1780038062	3	50901
1780038062	4	50743
1780038062	5	51217
1780038062	6	50925
1780038062	7	50743
1780038067	0	50721
1780038067	1	51357
1780038067	2	50687
1780038067	3	50901
1780038067	4	50743
1780038067	5	51217
1780038067	6	50925
1780038067	7	50743
1780038073	0	50721
1780038073	1	51357
1780038073	2	50687
1780038073	3	50901
1780038073	4	50743
1780038073	5	51217
1780038073	6	50925
1780038073	7	50743
1780038078	0	50721
1780038078	1	51357
1780038078	2	50687
1780038078	3	50901
1780038078	4	50743
1780038078	5	51217
1780038078	6	50925
1780038078	7	50743
1780038083	0	50721
1780038083	1	51357
1780038083	2	50687
1780038083	3	50901
1780038083	4	50743
1780038083	5	51217
1780038083	6	50925
1780038083	7	50743
1780038088	0	50721
1780038088	1	51357
1780038088	2	50687
1780038088	3	50901
1780038088	4	50743
1780038088	5	51217
1780038088	6	50925
1780038088	7	50743
1780038094	0	50721
1780038094	1	51357
1780038094	2	50687
1780038094	3	50901
1780038094	4	50743
1780038094	5	51217
1780038094	6	50925
1780038094	7	50743
1780038099	0	50721
1780038099	1	51357
1780038099	2	50687
1780038099	3	50901
1780038099	4	50743
1780038099	5	51217
1780038099	6	50925
1780038099	7	50743
1780038104	0	50721
1780038104	1	51357
1780038104	2	50687
1780038104	3	50901
1780038104	4	50743
1780038104	5	51217
1780038104	6	50925
1780038104	7	50743
1780038110	0	50721
1780038110	1	51357
1780038110	2	50687
1780038110	3	50901
1780038110	4	50743
1780038110	5	51217
1780038110	6	50925
1780038110	7	50743
1780038115	0	50721
1780038115	1	51357
1780038115	2	50687
1780038115	3	50901
1780038115	4	50743
1780038115	5	51217
1780038115	6	50925
1780038115	7	50743
1780038120	0	50721
1780038120	1	51357
1780038120	2	50687
1780038120	3	50901
1780038120	4	50743
1780038120	5	51217
1780038120	6	50925
1780038120	7	50743
1780038126	0	50721
1780038126	1	51357
1780038126	2	50687
1780038126	3	50901
1780038126	4	50743
1780038126	5	51217
1780038126	6	50925
1780038126	7	50743
1780038131	0	50721
1780038131	1	51357
1780038131	2	50687
1780038131	3	50901
1780038131	4	50743
1780038131	5	51217
1780038131	6	50925
1780038131	7	50743
1780038136	0	50721
1780038136	1	51357
1780038136	2	50687
1780038136	3	50901
1780038136	4	50743
1780038136	5	51217
1780038136	6	50925
1780038136	7	50743
1780038142	0	50721
1780038142	1	51357
1780038142	2	50687
1780038142	3	50901
1780038142	4	50743
1780038142	5	51217
1780038142	6	50925
1780038142	7	50743
1780038147	0	50721
1780038147	1	51357
1780038147	2	50687
1780038147	3	50901
1780038147	4	50743
1780038147	5	51217
1780038147	6	50925
1780038147	7	50743
1780038152	0	50721
1780038152	1	51357
1780038152	2	50687
1780038152	3	50901
1780038152	4	50743
1780038152	5	51217
1780038152	6	50925
1780038152	7	50743
1780038158	0	50721
1780038158	1	51357
1780038158	2	50687
1780038158	3	50901
1780038158	4	50743
1780038158	5	51217
1780038158	6	50925
1780038158	7	50743
1780038163	0	50721
1780038163	1	51357
1780038163	2	50687
1780038163	3	50901
1780038163	4	50743
1780038163	5	51217
1780038163	6	50925
1780038163	7	50743
1780038168	0	50721
1780038168	1	51357
1780038168	2	50687
1780038168	3	50901
1780038168	4	50743
1780038168	5	51217
1780038168	6	50925
1780038168	7	50743
1780038173	0	50721
1780038173	1	51357
1780038173	2	50687
1780038173	3	50901
1780038173	4	50743
1780038173	5	51217
1780038173	6	50925
1780038173	7	50743
1780038179	0	50721
1780038179	1	51357
1780038179	2	50687
1780038179	3	50901
1780038179	4	50743
1780038179	5	51217
1780038179	6	50925
1780038179	7	50743
1780038184	0	50721
1780038184	1	51357
1780038184	2	50687
1780038184	3	50901
1780038184	4	50743
1780038184	5	51217
1780038184	6	50925
1780038184	7	50743
1780038189	0	50721
1780038189	1	51357
1780038189	2	50687
1780038189	3	50901
1780038189	4	50743
1780038189	5	51217
1780038189	6	50925
1780038189	7	50743
1780038195	0	50721
1780038195	1	51357
1780038195	2	50687
1780038195	3	50901
1780038195	4	50743
1780038195	5	51217
1780038195	6	50925
1780038195	7	50743
1780038200	0	50721
1780038200	1	51357
1780038200	2	50687
1780038200	3	50901
1780038200	4	50743
1780038200	5	51217
1780038200	6	50925
1780038200	7	50743
1780038206	0	50721
1780038206	1	51357
1780038206	2	50687
1780038206	3	50901
1780038206	4	50743
1780038206	5	51217
1780038206	6	50925
1780038206	7	50743
1780038211	0	50721
1780038211	1	51357
1780038211	2	50687
1780038211	3	50901
1780038211	4	50743
1780038211	5	51217
1780038211	6	50925
1780038211	7	50743
1780038216	0	50721
1780038216	1	51357
1780038216	2	50687
1780038216	3	50901
1780038216	4	50743
1780038216	5	51217
1780038216	6	50925
1780038216	7	50743
1780038222	0	50721
1780038222	1	51357
1780038222	2	50687
1780038222	3	50901
1780038222	4	50743
1780038222	5	51217
1780038222	6	50925
1780038222	7	50743
1780038227	0	50721
1780038227	1	51357
1780038227	2	50687
1780038227	3	50901
1780038227	4	50743
1780038227	5	51217
1780038227	6	50925
1780038227	7	50743
1780038232	0	50721
1780038232	1	51357
1780038232	2	50687
1780038232	3	50901
1780038232	4	50743
1780038232	5	51217
1780038232	6	50925
1780038232	7	50743
1780038237	0	50721
1780038237	1	51357
1780038237	2	50687
1780038237	3	50901
1780038237	4	50743
1780038237	5	51217
1780038237	6	50925
1780038237	7	50743
1780038243	0	50721
1780038243	1	51357
1780038243	2	50687
1780038243	3	50901
1780038243	4	50743
1780038243	5	51217
1780038243	6	50925
1780038243	7	50743
1780038248	0	50721
1780038248	1	51357
1780038248	2	50687
1780038248	3	50901
1780038248	4	50743
1780038248	5	51217
1780038248	6	50925
1780038248	7	50743
1780038253	0	50721
1780038253	1	51357
1780038253	2	50687
1780038253	3	50901
1780038253	4	50743
1780038253	5	51217
1780038253	6	50925
1780038253	7	50743
1780038259	0	50721
1780038259	1	51357
1780038259	2	50687
1780038259	3	50901
1780038259	4	50743
1780038259	5	51217
1780038259	6	50925
1780038259	7	50743
1780038264	0	50721
1780038264	1	51357
1780038264	2	50687
1780038264	3	50901
1780038264	4	50743
1780038264	5	51217
1780038264	6	50925
1780038264	7	50743
1780038269	0	50721
1780038269	1	51357
1780038269	2	50687
1780038269	3	50901
1780038269	4	50743
1780038269	5	51217
1780038269	6	50925
1780038269	7	50743
1780038275	0	50721
1780038275	1	51357
1780038275	2	50687
1780038275	3	50901
1780038275	4	50743
1780038275	5	51217
1780038275	6	50925
1780038275	7	50743
1780038280	0	50721
1780038280	1	51357
1780038280	2	50687
1780038280	3	50901
1780038280	4	50743
1780038280	5	51217
1780038280	6	50925
1780038280	7	50743
1780038285	0	50721
1780038285	1	51357
1780038285	2	50687
1780038285	3	50901
1780038285	4	50743
1780038285	5	51217
1780038285	6	50925
1780038285	7	50743
1780038291	0	50721
1780038291	1	51357
1780038291	2	50687
1780038291	3	50901
1780038291	4	50743
1780038291	5	51217
1780038291	6	50925
1780038291	7	50743
1780038296	0	50721
1780038296	1	51357
1780038296	2	50687
1780038296	3	50901
1780038296	4	50743
1780038296	5	51217
1780038296	6	50925
1780038296	7	50743
1780038301	0	50721
1780038301	1	51357
1780038301	2	50687
1780038301	3	50901
1780038301	4	50743
1780038301	5	51217
1780038301	6	50925
1780038301	7	50743
1780038306	0	50721
1780038306	1	51357
1780038306	2	50687
1780038306	3	50901
1780038306	4	50743
1780038306	5	51217
1780038306	6	50925
1780038306	7	50743
1780038312	0	50721
1780038312	1	51357
1780038312	2	50687
1780038312	3	50901
1780038312	4	50743
1780038312	5	51217
1780038312	6	50925
1780038312	7	50743
1780038317	0	50721
1780038317	1	51357
1780038317	2	50687
1780038317	3	50901
1780038317	4	50743
1780038317	5	51217
1780038317	6	50925
1780038317	7	50743
1780038322	0	50721
1780038322	1	51357
1780038322	2	50687
1780038322	3	50901
1780038322	4	50743
1780038322	5	51217
1780038322	6	50925
1780038322	7	50743
1780038328	0	50721
1780038328	1	51357
1780038328	2	50687
1780038328	3	50901
1780038328	4	50743
1780038328	5	51217
1780038328	6	50925
1780038328	7	50743
1780038333	0	50721
1780038333	1	51357
1780038333	2	50687
1780038333	3	50901
1780038333	4	50743
1780038333	5	51217
1780038333	6	50925
1780038333	7	50743
1780038338	0	50721
1780038338	1	51357
1780038338	2	50687
1780038338	3	50901
1780038338	4	50743
1780038338	5	51217
1780038338	6	50925
1780038338	7	50743
1780038344	0	50721
1780038344	1	51357
1780038344	2	50687
1780038344	3	50901
1780038344	4	50743
1780038344	5	51217
1780038344	6	50925
1780038344	7	50743
1780038349	0	50721
1780038349	1	51357
1780038349	2	50687
1780038349	3	50901
1780038349	4	50743
1780038349	5	51217
1780038349	6	50925
1780038349	7	50743
1780038354	0	50721
1780038354	1	51357
1780038354	2	50687
1780038354	3	50901
1780038354	4	50743
1780038354	5	51217
1780038354	6	50925
1780038354	7	50743
1780038359	0	50721
1780038359	1	51357
1780038359	2	50687
1780038359	3	50901
1780038359	4	50743
1780038359	5	51217
1780038359	6	50925
1780038359	7	50743
1780038365	0	50721
1780038365	1	51357
1780038365	2	50687
1780038365	3	50901
1780038365	4	50743
1780038365	5	51217
1780038365	6	50925
1780038365	7	50743
1780038370	0	50721
1780038370	1	51357
1780038370	2	50687
1780038370	3	50901
1780038370	4	50743
1780038370	5	51217
1780038370	6	50925
1780038370	7	50743
1780038375	0	50721
1780038375	1	51357
1780038375	2	50687
1780038375	3	50901
1780038375	4	50743
1780038375	5	51217
1780038375	6	50925
1780038375	7	50743
1780038381	0	50721
1780038381	1	51357
1780038381	2	50687
1780038381	3	50901
1780038381	4	50743
1780038381	5	51217
1780038381	6	50925
1780038381	7	50743
1780038386	0	50721
1780038386	1	51357
1780038386	2	50687
1780038386	3	50901
1780038386	4	50743
1780038386	5	51217
1780038386	6	50925
1780038386	7	50743
1780038391	0	50721
1780038391	1	51357
1780038391	2	50687
1780038391	3	50901
1780038391	4	50743
1780038391	5	51217
1780038391	6	50925
1780038391	7	50743
1780038397	0	50721
1780038397	1	51357
1780038397	2	50687
1780038397	3	50901
1780038397	4	50743
1780038397	5	51217
1780038397	6	50925
1780038397	7	50743
1780038402	0	50721
1780038402	1	51357
1780038402	2	50687
1780038402	3	50901
1780038402	4	50743
1780038402	5	51217
1780038402	6	50925
1780038402	7	50743
1780038407	0	50721
1780038407	1	51357
1780038407	2	50687
1780038407	3	50901
1780038407	4	50743
1780038407	5	51217
1780038407	6	50925
1780038407	7	50743
1780038413	0	50721
1780038413	1	51357
1780038413	2	50687
1780038413	3	50901
1780038413	4	50743
1780038413	5	51217
1780038413	6	50925
1780038413	7	50743
1780038418	0	50721
1780038418	1	51357
1780038418	2	50687
1780038418	3	50901
1780038418	4	50743
1780038418	5	51217
1780038418	6	50925
1780038418	7	50743
1780038423	0	50721
1780038423	1	51357
1780038423	2	50687
1780038423	3	50901
1780038423	4	50743
1780038423	5	51217
1780038423	6	50925
1780038423	7	50743
1780038429	0	50721
1780038429	1	51357
1780038429	2	50687
1780038429	3	50901
1780038429	4	50743
1780038429	5	51217
1780038429	6	50925
1780038429	7	50743
1780038434	0	50721
1780038434	1	51357
1780038434	2	50687
1780038434	3	50901
1780038434	4	50743
1780038434	5	51217
1780038434	6	50925
1780038434	7	50743
1780038439	0	50721
1780038439	1	51357
1780038439	2	50687
1780038439	3	50901
1780038439	4	50743
1780038439	5	51217
1780038439	6	50925
1780038439	7	50743
1780038444	0	50721
1780038444	1	51357
1780038444	2	50687
1780038444	3	50901
1780038444	4	50743
1780038444	5	51217
1780038444	6	50925
1780038444	7	50743
1780038450	0	50721
1780038450	1	51357
1780038450	2	50687
1780038450	3	50901
1780038450	4	50743
1780038450	5	51217
1780038450	6	50925
1780038450	7	50743
1780038455	0	50721
1780038455	1	51357
1780038455	2	50687
1780038455	3	50901
1780038455	4	50743
1780038455	5	51217
1780038455	6	50925
1780038455	7	50743
1780038460	0	50721
1780038460	1	51357
1780038460	2	50687
1780038460	3	50901
1780038460	4	50743
1780038460	5	51217
1780038460	6	50925
1780038460	7	50743
1780038466	0	50721
1780038466	1	51357
1780038466	2	50687
1780038466	3	50901
1780038466	4	50743
1780038466	5	51217
1780038466	6	50925
1780038466	7	50743
1780038471	0	50721
1780038471	1	51357
1780038471	2	50687
1780038471	3	50901
1780038471	4	50743
1780038471	5	51217
1780038471	6	50925
1780038471	7	50743
1780038476	0	50721
1780038476	1	51357
1780038476	2	50687
1780038476	3	50901
1780038476	4	50743
1780038476	5	51217
1780038476	6	50925
1780038476	7	50743
1780038482	0	50721
1780038482	1	51357
1780038482	2	50687
1780038482	3	50901
1780038482	4	50743
1780038482	5	51217
1780038482	6	50925
1780038482	7	50743
1780038487	0	50721
1780038487	1	51357
1780038487	2	50687
1780038487	3	50901
1780038487	4	50743
1780038487	5	51217
1780038487	6	50925
1780038487	7	50743
1780038492	0	50721
1780038492	1	51357
1780038492	2	50687
1780038492	3	50901
1780038492	4	50743
1780038492	5	51217
1780038492	6	50925
1780038492	7	50743
1780038498	0	50721
1780038498	1	51357
1780038498	2	50687
1780038498	3	50901
1780038498	4	50743
1780038498	5	51217
1780038498	6	50925
1780038498	7	50743
1780038503	0	50721
1780038503	1	51357
1780038503	2	50687
1780038503	3	50901
1780038503	4	50743
1780038503	5	51217
1780038503	6	50925
1780038503	7	50743
1780038508	0	50721
1780038508	1	51357
1780038508	2	50687
1780038508	3	50901
1780038508	4	50743
1780038508	5	51217
1780038508	6	50925
1780038508	7	50743
1780038514	0	50721
1780038514	1	51357
1780038514	2	50687
1780038514	3	50901
1780038514	4	50743
1780038514	5	51217
1780038514	6	50925
1780038514	7	50743
1780038519	0	50721
1780038519	1	51357
1780038519	2	50687
1780038519	3	50901
1780038519	4	50743
1780038519	5	51217
1780038519	6	50925
1780038519	7	50743
1780038524	0	50721
1780038524	1	51357
1780038524	2	50687
1780038524	3	50901
1780038524	4	50743
1780038524	5	51217
1780038524	6	50925
1780038524	7	50743
1780038530	0	50721
1780038530	1	51357
1780038530	2	50687
1780038530	3	50901
1780038530	4	50743
1780038530	5	51217
1780038530	6	50925
1780038530	7	50743
1780038535	0	50721
1780038535	1	51357
1780038535	2	50687
1780038535	3	50901
1780038535	4	50743
1780038535	5	51217
1780038535	6	50925
1780038535	7	50743
1780038540	0	50721
1780038540	1	51357
1780038540	2	50687
1780038540	3	50901
1780038540	4	50743
1780038540	5	51217
1780038540	6	50925
1780038540	7	50743
1780038545	0	50721
1780038545	1	51357
1780038545	2	50687
1780038545	3	50901
1780038545	4	50743
1780038545	5	51217
1780038545	6	50925
1780038545	7	50743
1780038551	0	50721
1780038551	1	51357
1780038551	2	50687
1780038551	3	50901
1780038551	4	50743
1780038551	5	51217
1780038551	6	50925
1780038551	7	50743
1780038556	0	50721
1780038556	1	51357
1780038556	2	50687
1780038556	3	50901
1780038556	4	50743
1780038556	5	51217
1780038556	6	50925
1780038556	7	50743
1780038561	0	50721
1780038561	1	51357
1780038561	2	50687
1780038561	3	50901
1780038561	4	50743
1780038561	5	51217
1780038561	6	50925
1780038561	7	50743
1780038567	0	50721
1780038567	1	51357
1780038567	2	50687
1780038567	3	50901
1780038567	4	50743
1780038567	5	51217
1780038567	6	50925
1780038567	7	50743
1780038572	0	50721
1780038572	1	51357
1780038572	2	50687
1780038572	3	50901
1780038572	4	50743
1780038572	5	51217
1780038572	6	50925
1780038572	7	50743
1780038577	0	50721
1780038577	1	51357
1780038577	2	50687
1780038577	3	50901
1780038577	4	50743
1780038577	5	51217
1780038577	6	50925
1780038577	7	50743
1780038583	0	50721
1780038583	1	51357
1780038583	2	50687
1780038583	3	50901
1780038583	4	50743
1780038583	5	51217
1780038583	6	50925
1780038583	7	50743
1780038588	0	50721
1780038588	1	51357
1780038588	2	50687
1780038588	3	50901
1780038588	4	50743
1780038588	5	51217
1780038588	6	50925
1780038588	7	50743
1780038593	0	50721
1780038593	1	51357
1780038593	2	50687
1780038593	3	50901
1780038593	4	50743
1780038593	5	51217
1780038593	6	50925
1780038593	7	50743
1780038599	0	50721
1780038599	1	51357
1780038599	2	50687
1780038599	3	50901
1780038599	4	50743
1780038599	5	51217
1780038599	6	50925
1780038599	7	50743
1780038604	0	50721
1780038604	1	51357
1780038604	2	50687
1780038604	3	50901
1780038604	4	50743
1780038604	5	51217
1780038604	6	50925
1780038604	7	50743
1780038609	0	50721
1780038609	1	51357
1780038609	2	50687
1780038609	3	50901
1780038609	4	50743
1780038609	5	51217
1780038609	6	50925
1780038609	7	50743
1780038614	0	50721
1780038614	1	51357
1780038614	2	50687
1780038614	3	50901
1780038614	4	50743
1780038614	5	51217
1780038614	6	50925
1780038614	7	50743
1780038620	0	50721
1780038620	1	51357
1780038620	2	50687
1780038620	3	50901
1780038620	4	50743
1780038620	5	51217
1780038620	6	50925
1780038620	7	50743
1780038625	0	50721
1780038625	1	51357
1780038625	2	50687
1780038625	3	50901
1780038625	4	50743
1780038625	5	51217
1780038625	6	50925
1780038625	7	50743
1780038630	0	50721
1780038630	1	51357
1780038630	2	50687
1780038630	3	50901
1780038630	4	50743
1780038630	5	51217
1780038630	6	50925
1780038630	7	50743
1780038636	0	50721
1780038636	1	51357
1780038636	2	50687
1780038636	3	50901
1780038636	4	50743
1780038636	5	51217
1780038636	6	50925
1780038636	7	50743
1780038641	0	50721
1780038641	1	51357
1780038641	2	50687
1780038641	3	50901
1780038641	4	50743
1780038641	5	51217
1780038641	6	50925
1780038641	7	50743
1780038646	0	50721
1780038646	1	51357
1780038646	2	50687
1780038646	3	50901
1780038646	4	50743
1780038646	5	51217
1780038646	6	50925
1780038646	7	50743
1780038652	0	50721
1780038652	1	51357
1780038652	2	50687
1780038652	3	50901
1780038652	4	50743
1780038652	5	51217
1780038652	6	50925
1780038652	7	50743
1780038657	0	50721
1780038657	1	51357
1780038657	2	50687
1780038657	3	50901
1780038657	4	50743
1780038657	5	51217
1780038657	6	50925
1780038657	7	50743
1780038662	0	50721
1780038662	1	51357
1780038662	2	50687
1780038662	3	50901
1780038662	4	50743
1780038662	5	51217
1780038662	6	50925
1780038662	7	50743
1780038667	0	50721
1780038667	1	51357
1780038667	2	50687
1780038667	3	50901
1780038667	4	50743
1780038667	5	51217
1780038667	6	50925
1780038667	7	50743
1780038673	0	50721
1780038673	1	51357
1780038673	2	50687
1780038673	3	50901
1780038673	4	50743
1780038673	5	51217
1780038673	6	50925
1780038673	7	50743
1780038678	0	50721
1780038678	1	51357
1780038678	2	50687
1780038678	3	50901
1780038678	4	50743
1780038678	5	51217
1780038678	6	50925
1780038678	7	50743
1780038684	0	50721
1780038684	1	51357
1780038684	2	50687
1780038684	3	50901
1780038684	4	50743
1780038684	5	51217
1780038684	6	50925
1780038684	7	50743
1780038689	0	50721
1780038689	1	51357
1780038689	2	50687
1780038689	3	50901
1780038689	4	50743
1780038689	5	51217
1780038689	6	50925
1780038689	7	50743
1780038694	0	50721
1780038694	1	51357
1780038694	2	50687
1780038694	3	50901
1780038694	4	50743
1780038694	5	51217
1780038694	6	50925
1780038694	7	50743
1780038699	0	50721
1780038699	1	51357
1780038699	2	50687
1780038699	3	50901
1780038699	4	50743
1780038699	5	51217
1780038699	6	50925
1780038699	7	50743
1780038705	0	50721
1780038705	1	51357
1780038705	2	50687
1780038705	3	50901
1780038705	4	50743
1780038705	5	51217
1780038705	6	50925
1780038705	7	50743
1780038710	0	50721
1780038710	1	51357
1780038710	2	50687
1780038710	3	50901
1780038710	4	50743
1780038710	5	51217
1780038710	6	50925
1780038710	7	50743
1780038715	0	50721
1780038715	1	51357
1780038715	2	50687
1780038715	3	50901
1780038715	4	50743
1780038715	5	51217
1780038715	6	50925
1780038715	7	50743
1780038721	0	50721
1780038721	1	51357
1780038721	2	50687
1780038721	3	50901
1780038721	4	50743
1780038721	5	51217
1780038721	6	50925
1780038721	7	50743
1780038726	0	50721
1780038726	1	51357
1780038726	2	50687
1780038726	3	50901
1780038726	4	50743
1780038726	5	51217
1780038726	6	50925
1780038726	7	50743
1780038731	0	50721
1780038731	1	51357
1780038731	2	50687
1780038731	3	50901
1780038731	4	50743
1780038731	5	51217
1780038731	6	50925
1780038731	7	50743
1780038737	0	50721
1780038737	1	51357
1780038737	2	50687
1780038737	3	50901
1780038737	4	50743
1780038737	5	51217
1780038737	6	50925
1780038737	7	50743
1780038742	0	50721
1780038742	1	51357
1780038742	2	50687
1780038742	3	50901
1780038742	4	50743
1780038742	5	51217
1780038742	6	50925
1780038742	7	50743
1780038747	0	50721
1780038747	1	51357
1780038747	2	50687
1780038747	3	50901
1780038747	4	50743
1780038747	5	51217
1780038747	6	50925
1780038747	7	50743
1780038752	0	50721
1780038752	1	51357
1780038752	2	50687
1780038752	3	50901
1780038752	4	50743
1780038752	5	51217
1780038752	6	50925
1780038752	7	50743
1780038758	0	50721
1780038758	1	51357
1780038758	2	50687
1780038758	3	50901
1780038758	4	50743
1780038758	5	51217
1780038758	6	50925
1780038758	7	50743
1780038763	0	50721
1780038763	1	51357
1780038763	2	50687
1780038763	3	50901
1780038763	4	50743
1780038763	5	51217
1780038763	6	50925
1780038763	7	50743
1780038768	0	50721
1780038768	1	51357
1780038768	2	50687
1780038768	3	50901
1780038768	4	50743
1780038768	5	51217
1780038768	6	50925
1780038768	7	50743
1780038774	0	50721
1780038774	1	51357
1780038774	2	50687
1780038774	3	50901
1780038774	4	50743
1780038774	5	51217
1780038774	6	50925
1780038774	7	50743
1780038779	0	50721
1780038779	1	51357
1780038779	2	50687
1780038779	3	50901
1780038779	4	50743
1780038779	5	51217
1780038779	6	50925
1780038779	7	50743
1780038784	0	50721
1780038784	1	51357
1780038784	2	50687
1780038784	3	50901
1780038784	4	50743
1780038784	5	51217
1780038784	6	50925
1780038784	7	50743
1780038790	0	50721
1780038790	1	51357
1780038790	2	50687
1780038790	3	50901
1780038790	4	50743
1780038790	5	51217
1780038790	6	50925
1780038790	7	50743
1780038795	0	50721
1780038795	1	51357
1780038795	2	50687
1780038795	3	50901
1780038795	4	50743
1780038795	5	51217
1780038795	6	50925
1780038795	7	50743
1780038800	0	50721
1780038800	1	51357
1780038800	2	50687
1780038800	3	50901
1780038800	4	50743
1780038800	5	51217
1780038800	6	50925
1780038800	7	50743
1780038806	0	50721
1780038806	1	51357
1780038806	2	50687
1780038806	3	50901
1780038806	4	50743
1780038806	5	51217
1780038806	6	50925
1780038806	7	50743
1780038811	0	50721
1780038811	1	51357
1780038811	2	50687
1780038811	3	50901
1780038811	4	50743
1780038811	5	51217
1780038811	6	50925
1780038811	7	50743
1780038816	0	50721
1780038816	1	51357
1780038816	2	50687
1780038816	3	50901
1780038816	4	50743
1780038816	5	51217
1780038816	6	50925
1780038816	7	50743
1780038821	0	50721
1780038821	1	51357
1780038821	2	50687
1780038821	3	50901
1780038821	4	50743
1780038821	5	51217
1780038821	6	50925
1780038821	7	50743
1780038827	0	50721
1780038827	1	51357
1780038827	2	50687
1780038827	3	50901
1780038827	4	50743
1780038827	5	51217
1780038827	6	50925
1780038827	7	50743
1780038832	0	50721
1780038832	1	51357
1780038832	2	50687
1780038832	3	50901
1780038832	4	50743
1780038832	5	51217
1780038832	6	50925
1780038832	7	50743
1780038837	0	50721
1780038837	1	51357
1780038837	2	50687
1780038837	3	50901
1780038837	4	50743
1780038837	5	51217
1780038837	6	50925
1780038837	7	50743
1780038843	0	50721
1780038843	1	51357
1780038843	2	50687
1780038843	3	50901
1780038843	4	50743
1780038843	5	51217
1780038843	6	50925
1780038843	7	50743
1780038848	0	50721
1780038848	1	51357
1780038848	2	50687
1780038848	3	50901
1780038848	4	50743
1780038848	5	51217
1780038848	6	50925
1780038848	7	50743
1780038854	0	50721
1780038854	1	51357
1780038854	2	50687
1780038854	3	50901
1780038854	4	50743
1780038854	5	51217
1780038854	6	50925
1780038854	7	50743
1780038859	0	50721
1780038859	1	51357
1780038859	2	50687
1780038859	3	50901
1780038859	4	50743
1780038859	5	51217
1780038859	6	50925
1780038859	7	50743
1780038864	0	50721
1780038864	1	51357
1780038864	2	50687
1780038864	3	50901
1780038864	4	50743
1780038864	5	51217
1780038864	6	50925
1780038864	7	50743
1780038870	0	50721
1780038870	1	51357
1780038870	2	50687
1780038870	3	50901
1780038870	4	50743
1780038870	5	51217
1780038870	6	50925
1780038870	7	50743
1780038875	0	50721
1780038875	1	51357
1780038875	2	50687
1780038875	3	50901
1780038875	4	50743
1780038875	5	51217
1780038875	6	50925
1780038875	7	50743
1780038880	0	50721
1780038880	1	51357
1780038880	2	50687
1780038880	3	50901
1780038880	4	50743
1780038880	5	51217
1780038880	6	50925
1780038880	7	50743
1780038886	0	50721
1780038886	1	51357
1780038886	2	50687
1780038886	3	50901
1780038886	4	50743
1780038886	5	51217
1780038886	6	50925
1780038886	7	50743
1780038891	0	50721
1780038891	1	51357
1780038891	2	50687
1780038891	3	50901
1780038891	4	50743
1780038891	5	51217
1780038891	6	50925
1780038891	7	50743
1780038896	0	50721
1780038896	1	51357
1780038896	2	50687
1780038896	3	50901
1780038896	4	50743
1780038896	5	51217
1780038896	6	50925
1780038896	7	50743
1780038901	0	50721
1780038901	1	51357
1780038901	2	50687
1780038901	3	50901
1780038901	4	50743
1780038901	5	51217
1780038901	6	50925
1780038901	7	50743
1780038907	0	50721
1780038907	1	51357
1780038907	2	50687
1780038907	3	50901
1780038907	4	50743
1780038907	5	51217
1780038907	6	50925
1780038907	7	50743
1780038912	0	50721
1780038912	1	51357
1780038912	2	50687
1780038912	3	50901
1780038912	4	50743
1780038912	5	51217
1780038912	6	50925
1780038912	7	50743
1780038917	0	50721
1780038917	1	51357
1780038917	2	50687
1780038917	3	50901
1780038917	4	50743
1780038917	5	51217
1780038917	6	50925
1780038917	7	50743
1780038923	0	50721
1780038923	1	51357
1780038923	2	50687
1780038923	3	50901
1780038923	4	50743
1780038923	5	51217
1780038923	6	50925
1780038923	7	50743
1780038928	0	50721
1780038928	1	51357
1780038928	2	50687
1780038928	3	50901
1780038928	4	50743
1780038928	5	51217
1780038928	6	50925
1780038928	7	50743
1780038933	0	50721
1780038933	1	51357
1780038933	2	50687
1780038933	3	50901
1780038933	4	50743
1780038933	5	51217
1780038933	6	50925
1780038933	7	50743
1780038939	0	50721
1780038939	1	51357
1780038939	2	50687
1780038939	3	50901
1780038939	4	50743
1780038939	5	51217
1780038939	6	50925
1780038939	7	50743
1780038944	0	50721
1780038944	1	51357
1780038944	2	50687
1780038944	3	50901
1780038944	4	50743
1780038944	5	51217
1780038944	6	50925
1780038944	7	50743
1780038949	0	50721
1780038949	1	51357
1780038949	2	50687
1780038949	3	50901
1780038949	4	50743
1780038949	5	51217
1780038949	6	50925
1780038949	7	50743
1780038954	0	50721
1780038954	1	51357
1780038954	2	50687
1780038954	3	50901
1780038954	4	50743
1780038954	5	51217
1780038954	6	50925
1780038954	7	50743
1780038960	0	50721
1780038960	1	51357
1780038960	2	50687
1780038960	3	50901
1780038960	4	50743
1780038960	5	51217
1780038960	6	50925
1780038960	7	50743
1780038965	0	50721
1780038965	1	51357
1780038965	2	50687
1780038965	3	50901
1780038965	4	50743
1780038965	5	51217
1780038965	6	50925
1780038965	7	50743
1780038970	0	50721
1780038970	1	51357
1780038970	2	50687
1780038970	3	50901
1780038970	4	50743
1780038970	5	51217
1780038970	6	50925
1780038970	7	50743
1780038976	0	50721
1780038976	1	51357
1780038976	2	50687
1780038976	3	50901
1780038976	4	50743
1780038976	5	51217
1780038976	6	50925
1780038976	7	50743
1780038981	0	50721
1780038981	1	51357
1780038981	2	50687
1780038981	3	50901
1780038981	4	50743
1780038981	5	51217
1780038981	6	50925
1780038981	7	50743
1780038986	0	50721
1780038986	1	51357
1780038986	2	50687
1780038986	3	50901
1780038986	4	50743
1780038986	5	51217
1780038986	6	50925
1780038986	7	50743
1780038992	0	50721
1780038992	1	51357
1780038992	2	50687
1780038992	3	50901
1780038992	4	50743
1780038992	5	51217
1780038992	6	50925
1780038992	7	50743
1780038997	0	50721
1780038997	1	51357
1780038997	2	50687
1780038997	3	50901
1780038997	4	50743
1780038997	5	51217
1780038997	6	50925
1780038997	7	50743
1780039002	0	50721
1780039002	1	51357
1780039002	2	50687
1780039002	3	50901
1780039002	4	50743
1780039002	5	51217
1780039002	6	50925
1780039002	7	50743
1780039008	0	50721
1780039008	1	51357
1780039008	2	50687
1780039008	3	50901
1780039008	4	50743
1780039008	5	51217
1780039008	6	50925
1780039008	7	50743
1780039013	0	50721
1780039013	1	51357
1780039013	2	50687
1780039013	3	50901
1780039013	4	50743
1780039013	5	51217
1780039013	6	50925
1780039013	7	50743
1780039018	0	50721
1780039018	1	51357
1780039018	2	50687
1780039018	3	50901
1780039018	4	50743
1780039018	5	51217
1780039018	6	50925
1780039018	7	50743
1780039023	0	50721
1780039023	1	51357
1780039023	2	50687
1780039023	3	50901
1780039023	4	50743
1780039023	5	51217
1780039023	6	50925
1780039023	7	50743
1780039029	0	50721
1780039029	1	51357
1780039029	2	50687
1780039029	3	50901
1780039029	4	50743
1780039029	5	51217
1780039029	6	50925
1780039029	7	50743
1780039034	0	50721
1780039034	1	51357
1780039034	2	50687
1780039034	3	50901
1780039034	4	50743
1780039034	5	51217
1780039034	6	50925
1780039034	7	50743
1780039039	0	50721
1780039039	1	51357
1780039039	2	50687
1780039039	3	50901
1780039039	4	50743
1780039039	5	51217
1780039039	6	50925
1780039039	7	50743
1780039045	0	50721
1780039045	1	51357
1780039045	2	50687
1780039045	3	50901
1780039045	4	50743
1780039045	5	51217
1780039045	6	50925
1780039045	7	50743
1780039050	0	50721
1780039050	1	51357
1780039050	2	50687
1780039050	3	50901
1780039050	4	50743
1780039050	5	51217
1780039050	6	50925
1780039050	7	50743
1780039055	0	50721
1780039055	1	51357
1780039055	2	50687
1780039055	3	50901
1780039055	4	50743
1780039055	5	51217
1780039055	6	50925
1780039055	7	50743
1780039061	0	50721
1780039061	1	51357
1780039061	2	50687
1780039061	3	50901
1780039061	4	50743
1780039061	5	51217
1780039061	6	50925
1780039061	7	50743
1780039066	0	50721
1780039066	1	51357
1780039066	2	50687
1780039066	3	50901
1780039066	4	50743
1780039066	5	51217
1780039066	6	50925
1780039066	7	50743
1780039071	0	50721
1780039071	1	51357
1780039071	2	50687
1780039071	3	50901
1780039071	4	50743
1780039071	5	51217
1780039071	6	50925
1780039071	7	50743
1780039077	0	50721
1780039077	1	51357
1780039077	2	50687
1780039077	3	50901
1780039077	4	50743
1780039077	5	51217
1780039077	6	50925
1780039077	7	50743
1780039082	0	50721
1780039082	1	51357
1780039082	2	50687
1780039082	3	50901
1780039082	4	50743
1780039082	5	51217
1780039082	6	50925
1780039082	7	50743
1780039087	0	50721
1780039087	1	51357
1780039087	2	50687
1780039087	3	50901
1780039087	4	50743
1780039087	5	51217
1780039087	6	50925
1780039087	7	50743
1780039093	0	50721
1780039093	1	51357
1780039093	2	50687
1780039093	3	50901
1780039093	4	50743
1780039093	5	51217
1780039093	6	50925
1780039093	7	50743
1780039098	0	50721
1780039098	1	51357
1780039098	2	50687
1780039098	3	50901
1780039098	4	50743
1780039098	5	51217
1780039098	6	50925
1780039098	7	50743
1780039103	0	50721
1780039103	1	51357
1780039103	2	50687
1780039103	3	50901
1780039103	4	50743
1780039103	5	51217
1780039103	6	50925
1780039103	7	50743
1780039108	0	50721
1780039108	1	51357
1780039108	2	50687
1780039108	3	50901
1780039108	4	50743
1780039108	5	51217
1780039108	6	50925
1780039108	7	50743
1780039114	0	50721
1780039114	1	51357
1780039114	2	50687
1780039114	3	50901
1780039114	4	50743
1780039114	5	51217
1780039114	6	50925
1780039114	7	50743
1780039119	0	50721
1780039119	1	51357
1780039119	2	50687
1780039119	3	50901
1780039119	4	50743
1780039119	5	51217
1780039119	6	50925
1780039119	7	50743
1780039124	0	50721
1780039124	1	51357
1780039124	2	50687
1780039124	3	50901
1780039124	4	50743
1780039124	5	51217
1780039124	6	50925
1780039124	7	50743
1780039130	0	50721
1780039130	1	51357
1780039130	2	50687
1780039130	3	50901
1780039130	4	50743
1780039130	5	51217
1780039130	6	50925
1780039130	7	50743
1780039135	0	50721
1780039135	1	51357
1780039135	2	50687
1780039135	3	50901
1780039135	4	50743
1780039135	5	51217
1780039135	6	50925
1780039135	7	50743
1780039140	0	50721
1780039140	1	51357
1780039140	2	50687
1780039140	3	50901
1780039140	4	50743
1780039140	5	51217
1780039140	6	50925
1780039140	7	50743
1780039146	0	50721
1780039146	1	51357
1780039146	2	50687
1780039146	3	50901
1780039146	4	50743
1780039146	5	51217
1780039146	6	50925
1780039146	7	50743
1780039151	0	50721
1780039151	1	51357
1780039151	2	50687
1780039151	3	50901
1780039151	4	50743
1780039151	5	51217
1780039151	6	50925
1780039151	7	50743
1780039156	0	50721
1780039156	1	51357
1780039156	2	50687
1780039156	3	50901
1780039156	4	50743
1780039156	5	51217
1780039156	6	50925
1780039156	7	50743
1780039162	0	50721
1780039162	1	51357
1780039162	2	50687
1780039162	3	50901
1780039162	4	50743
1780039162	5	51217
1780039162	6	50925
1780039162	7	50743
1780039167	0	50721
1780039167	1	51357
1780039167	2	50687
1780039167	3	50901
1780039167	4	50743
1780039167	5	51217
1780039167	6	50925
1780039167	7	50743
1780039172	0	50721
1780039172	1	51357
1780039172	2	50687
1780039172	3	50901
1780039172	4	50743
1780039172	5	51217
1780039172	6	50925
1780039172	7	50743
1780039178	0	50721
1780039178	1	51357
1780039178	2	50687
1780039178	3	50901
1780039178	4	50743
1780039178	5	51217
1780039178	6	50925
1780039178	7	50743
1780039183	0	50721
1780039183	1	51357
1780039183	2	50687
1780039183	3	50901
1780039183	4	50743
1780039183	5	51217
1780039183	6	50925
1780039183	7	50743
1780039188	0	50721
1780039188	1	51357
1780039188	2	50687
1780039188	3	50901
1780039188	4	50743
1780039188	5	51217
1780039188	6	50925
1780039188	7	50743
1780039193	0	50721
1780039193	1	51357
1780039193	2	50687
1780039193	3	50901
1780039193	4	50743
1780039193	5	51217
1780039193	6	50925
1780039193	7	50743
1780039199	0	50721
1780039199	1	51357
1780039199	2	50687
1780039199	3	50901
1780039199	4	50743
1780039199	5	51217
1780039199	6	50925
1780039199	7	50743
1780039204	0	50721
1780039204	1	51357
1780039204	2	50687
1780039204	3	50901
1780039204	4	50743
1780039204	5	51217
1780039204	6	50925
1780039204	7	50743
1780039209	0	50721
1780039209	1	51357
1780039209	2	50687
1780039209	3	50901
1780039209	4	50743
1780039209	5	51217
1780039209	6	50925
1780039209	7	50743
1780039215	0	50721
1780039215	1	51357
1780039215	2	50687
1780039215	3	50901
1780039215	4	50743
1780039215	5	51217
1780039215	6	50925
1780039215	7	50743
1780039220	0	50721
1780039220	1	51357
1780039220	2	50687
1780039220	3	50901
1780039220	4	50743
1780039220	5	51217
1780039220	6	50925
1780039220	7	50743
1780039225	0	50721
1780039225	1	51357
1780039225	2	50687
1780039225	3	50901
1780039225	4	50743
1780039225	5	51217
1780039225	6	50925
1780039225	7	50743
1780039231	0	50721
1780039231	1	51357
1780039231	2	50687
1780039231	3	50901
1780039231	4	50743
1780039231	5	51217
1780039231	6	50925
1780039231	7	50743
1780039236	0	50721
1780039236	1	51357
1780039236	2	50687
1780039236	3	50901
1780039236	4	50743
1780039236	5	51217
1780039236	6	50925
1780039236	7	50743
1780039241	0	50721
1780039241	1	51357
1780039241	2	50687
1780039241	3	50901
1780039241	4	50743
1780039241	5	51217
1780039241	6	50925
1780039241	7	50743
1780039247	0	50721
1780039247	1	51357
1780039247	2	50687
1780039247	3	50901
1780039247	4	50743
1780039247	5	51217
1780039247	6	50925
1780039247	7	50743
1780039252	0	50721
1780039252	1	51357
1780039252	2	50687
1780039252	3	50901
1780039252	4	50743
1780039252	5	51217
1780039252	6	50925
1780039252	7	50743
1780039257	0	50721
1780039257	1	51357
1780039257	2	50687
1780039257	3	50901
1780039257	4	50743
1780039257	5	51217
1780039257	6	50925
1780039257	7	50743
1780039263	0	50721
1780039263	1	51357
1780039263	2	50687
1780039263	3	50901
1780039263	4	50743
1780039263	5	51217
1780039263	6	50925
1780039263	7	50743
1780039268	0	50721
1780039268	1	51357
1780039268	2	50687
1780039268	3	50901
1780039268	4	50743
1780039268	5	51217
1780039268	6	50925
1780039268	7	50743
1780039273	0	50721
1780039273	1	51357
1780039273	2	50687
1780039273	3	50901
1780039273	4	50743
1780039273	5	51217
1780039273	6	50925
1780039273	7	50743
1780039279	0	50721
1780039279	1	51357
1780039279	2	50687
1780039279	3	50901
1780039279	4	50743
1780039279	5	51217
1780039279	6	50925
1780039279	7	50743
1780039284	0	50721
1780039284	1	51357
1780039284	2	50687
1780039284	3	50901
1780039284	4	50743
1780039284	5	51217
1780039284	6	50925
1780039284	7	50743
1780039289	0	50721
1780039289	1	51357
1780039289	2	50687
1780039289	3	50901
1780039289	4	50743
1780039289	5	51217
1780039289	6	50925
1780039289	7	50743
1780039294	0	50721
1780039294	1	51357
1780039294	2	50687
1780039294	3	50901
1780039294	4	50743
1780039294	5	51217
1780039294	6	50925
1780039294	7	50743
1780039300	0	50721
1780039300	1	51357
1780039300	2	50687
1780039300	3	50901
1780039300	4	50743
1780039300	5	51217
1780039300	6	50925
1780039300	7	50743
1780039305	0	50721
1780039305	1	51357
1780039305	2	50687
1780039305	3	50901
1780039305	4	50743
1780039305	5	51217
1780039305	6	50925
1780039305	7	50743
1780039310	0	50721
1780039310	1	51357
1780039310	2	50687
1780039310	3	50901
1780039310	4	50743
1780039310	5	51217
1780039310	6	50925
1780039310	7	50743
1780039316	0	50721
1780039316	1	51357
1780039316	2	50687
1780039316	3	50901
1780039316	4	50743
1780039316	5	51217
1780039316	6	50925
1780039316	7	50743
1780039321	0	50721
1780039321	1	51357
1780039321	2	50687
1780039321	3	50901
1780039321	4	50743
1780039321	5	51217
1780039321	6	50925
1780039321	7	50743
1780039326	0	50721
1780039326	1	51357
1780039326	2	50687
1780039326	3	50901
1780039326	4	50743
1780039326	5	51217
1780039326	6	50925
1780039326	7	50743
1780039332	0	50721
1780039332	1	51357
1780039332	2	50687
1780039332	3	50901
1780039332	4	50743
1780039332	5	51217
1780039332	6	50925
1780039332	7	50743
1780039337	0	50721
1780039337	1	51357
1780039337	2	50687
1780039337	3	50901
1780039337	4	50743
1780039337	5	51217
1780039337	6	50925
1780039337	7	50743
1780039342	0	50721
1780039342	1	51357
1780039342	2	50687
1780039342	3	50901
1780039342	4	50743
1780039342	5	51217
1780039342	6	50925
1780039342	7	50743
1780039348	0	50721
1780039348	1	51357
1780039348	2	50687
1780039348	3	50901
1780039348	4	50743
1780039348	5	51217
1780039348	6	50925
1780039348	7	50743
1780039353	0	50721
1780039353	1	51357
1780039353	2	50687
1780039353	3	50901
1780039353	4	50743
1780039353	5	51217
1780039353	6	50925
1780039353	7	50743
1780039358	0	50721
1780039358	1	51357
1780039358	2	50687
1780039358	3	50901
1780039358	4	50743
1780039358	5	51217
1780039358	6	50925
1780039358	7	50743
1780039364	0	50721
1780039364	1	51357
1780039364	2	50687
1780039364	3	50901
1780039364	4	50743
1780039364	5	51217
1780039364	6	50925
1780039364	7	50743
1780039369	0	50721
1780039369	1	51357
1780039369	2	50687
1780039369	3	50901
1780039369	4	50743
1780039369	5	51217
1780039369	6	50925
1780039369	7	50743
1780039374	0	50721
1780039374	1	51357
1780039374	2	50687
1780039374	3	50901
1780039374	4	50743
1780039374	5	51217
1780039374	6	50925
1780039374	7	50743
1780039380	0	50721
1780039380	1	51357
1780039380	2	50687
1780039380	3	50901
1780039380	4	50743
1780039380	5	51217
1780039380	6	50925
1780039380	7	50743
1780039385	0	50721
1780039385	1	51357
1780039385	2	50687
1780039385	3	50901
1780039385	4	50743
1780039385	5	51217
1780039385	6	50925
1780039385	7	50743
1780039390	0	50721
1780039390	1	51357
1780039390	2	50687
1780039390	3	50901
1780039390	4	50743
1780039390	5	51217
1780039390	6	50925
1780039390	7	50743
1780039395	0	50721
1780039395	1	51357
1780039395	2	50687
1780039395	3	50901
1780039395	4	50743
1780039395	5	51217
1780039395	6	50925
1780039395	7	50743
1780039401	0	50721
1780039401	1	51357
1780039401	2	50687
1780039401	3	50901
1780039401	4	50743
1780039401	5	51217
1780039401	6	50925
1780039401	7	50743
1780039406	0	50721
1780039406	1	51357
1780039406	2	50687
1780039406	3	50901
1780039406	4	50743
1780039406	5	51217
1780039406	6	50925
1780039406	7	50743
1780039411	0	50721
1780039411	1	51357
1780039411	2	50687
1780039411	3	50901
1780039411	4	50743
1780039411	5	51217
1780039411	6	50925
1780039411	7	50743
1780039417	0	50721
1780039417	1	51357
1780039417	2	50687
1780039417	3	50901
1780039417	4	50743
1780039417	5	51217
1780039417	6	50925
1780039417	7	50743
1780039422	0	50721
1780039422	1	51357
1780039422	2	50687
1780039422	3	50901
1780039422	4	50743
1780039422	5	51217
1780039422	6	50925
1780039422	7	50743
1780039427	0	50721
1780039427	1	51357
1780039427	2	50687
1780039427	3	50901
1780039427	4	50743
1780039427	5	51217
1780039427	6	50925
1780039427	7	50743
1780039433	0	50721
1780039433	1	51357
1780039433	2	50687
1780039433	3	50901
1780039433	4	50743
1780039433	5	51217
1780039433	6	50925
1780039433	7	50743
1780039438	0	50721
1780039438	1	51357
1780039438	2	50687
1780039438	3	50901
1780039438	4	50743
1780039438	5	51217
1780039438	6	50925
1780039438	7	50743
1780039443	0	50721
1780039443	1	51357
1780039443	2	50687
1780039443	3	50901
1780039443	4	50743
1780039443	5	51217
1780039443	6	50925
1780039443	7	50743
1780039449	0	50721
1780039449	1	51357
1780039449	2	50687
1780039449	3	50901
1780039449	4	50743
1780039449	5	51217
1780039449	6	50925
1780039449	7	50743
1780039454	0	50721
1780039454	1	51357
1780039454	2	50687
1780039454	3	50901
1780039454	4	50743
1780039454	5	51217
1780039454	6	50925
1780039454	7	50743
1780039459	0	50721
1780039459	1	51357
1780039459	2	50687
1780039459	3	50901
1780039459	4	50743
1780039459	5	51217
1780039459	6	50925
1780039459	7	50743
1780039465	0	50721
1780039465	1	51357
1780039465	2	50687
1780039465	3	50901
1780039465	4	50743
1780039465	5	51217
1780039465	6	50925
1780039465	7	50743
1780039470	0	50721
1780039470	1	51357
1780039470	2	50687
1780039470	3	50901
1780039470	4	50743
1780039470	5	51217
1780039470	6	50925
1780039470	7	50743
1780039475	0	50721
1780039475	1	51357
1780039475	2	50687
1780039475	3	50901
1780039475	4	50743
1780039475	5	51217
1780039475	6	50925
1780039475	7	50743
1780039480	0	50721
1780039480	1	51357
1780039480	2	50687
1780039480	3	50901
1780039480	4	50743
1780039480	5	51217
1780039480	6	50925
1780039480	7	50743
1780039486	0	50721
1780039486	1	51357
1780039486	2	50687
1780039486	3	50901
1780039486	4	50743
1780039486	5	51217
1780039486	6	50925
1780039486	7	50743
1780039491	0	50721
1780039491	1	51357
1780039491	2	50687
1780039491	3	50901
1780039491	4	50743
1780039491	5	51217
1780039491	6	50925
1780039491	7	50743
1780039496	0	50721
1780039496	1	51357
1780039496	2	50687
1780039496	3	50901
1780039496	4	50743
1780039496	5	51217
1780039496	6	50925
1780039496	7	50743
1780039502	0	50721
1780039502	1	51357
1780039502	2	50687
1780039502	3	50901
1780039502	4	50743
1780039502	5	51217
1780039502	6	50925
1780039502	7	50743
1780039507	0	50721
1780039507	1	51357
1780039507	2	50687
1780039507	3	50901
1780039507	4	50743
1780039507	5	51217
1780039507	6	50925
1780039507	7	50743
1780039512	0	50721
1780039512	1	51357
1780039512	2	50687
1780039512	3	50901
1780039512	4	50743
1780039512	5	51217
1780039512	6	50925
1780039512	7	50743
1780039518	0	50721
1780039518	1	51357
1780039518	2	50687
1780039518	3	50901
1780039518	4	50743
1780039518	5	51217
1780039518	6	50925
1780039518	7	50743
1780039523	0	50721
1780039523	1	51357
1780039523	2	50687
1780039523	3	50901
1780039523	4	50743
1780039523	5	51217
1780039523	6	50925
1780039523	7	50743
1780039528	0	50721
1780039528	1	51357
1780039528	2	50687
1780039528	3	50901
1780039528	4	50743
1780039528	5	51217
1780039528	6	50925
1780039528	7	50743
1780039534	0	50721
1780039534	1	51357
1780039534	2	50687
1780039534	3	50901
1780039534	4	50743
1780039534	5	51217
1780039534	6	50925
1780039534	7	50743
1780039539	0	50721
1780039539	1	51357
1780039539	2	50687
1780039539	3	50901
1780039539	4	50743
1780039539	5	51217
1780039539	6	50925
1780039539	7	50743
1780039544	0	50721
1780039544	1	51357
1780039544	2	50687
1780039544	3	50901
1780039544	4	50743
1780039544	5	51217
1780039544	6	50925
1780039544	7	50743
1780039550	0	50721
1780039550	1	51357
1780039550	2	50687
1780039550	3	50901
1780039550	4	50743
1780039550	5	51217
1780039550	6	50925
1780039550	7	50743
1780039555	0	50721
1780039555	1	51357
1780039555	2	50687
1780039555	3	50901
1780039555	4	50743
1780039555	5	51217
1780039555	6	50925
1780039555	7	50743
1780039560	0	50721
1780039560	1	51357
1780039560	2	50687
1780039560	3	50901
1780039560	4	50743
1780039560	5	51217
1780039560	6	50925
1780039560	7	50743
1780039566	0	50721
1780039566	1	51357
1780039566	2	50687
1780039566	3	50901
1780039566	4	50743
1780039566	5	51217
1780039566	6	50925
1780039566	7	50743
1780039571	0	50721
1780039571	1	51357
1780039571	2	50687
1780039571	3	50901
1780039571	4	50743
1780039571	5	51217
1780039571	6	50925
1780039571	7	50743
1780039576	0	50721
1780039576	1	51357
1780039576	2	50687
1780039576	3	50901
1780039576	4	50743
1780039576	5	51217
1780039576	6	50925
1780039576	7	50743
1780039581	0	50721
1780039581	1	51357
1780039581	2	50687
1780039581	3	50901
1780039581	4	50743
1780039581	5	51217
1780039581	6	50925
1780039581	7	50743
1780039587	0	50721
1780039587	1	51357
1780039587	2	50687
1780039587	3	50901
1780039587	4	50743
1780039587	5	51217
1780039587	6	50925
1780039587	7	50743
1780039592	0	50721
1780039592	1	51357
1780039592	2	50687
1780039592	3	50901
1780039592	4	50743
1780039592	5	51217
1780039592	6	50925
1780039592	7	50743
1780039598	0	50721
1780039598	1	51357
1780039598	2	50687
1780039598	3	50901
1780039598	4	50743
1780039598	5	51217
1780039598	6	50925
1780039598	7	50743
1780039603	0	50721
1780039603	1	51357
1780039603	2	50687
1780039603	3	50901
1780039603	4	50743
1780039603	5	51217
1780039603	6	50925
1780039603	7	50743
1780039608	0	50721
1780039608	1	51357
1780039608	2	50687
1780039608	3	50901
1780039608	4	50743
1780039608	5	51217
1780039608	6	50925
1780039608	7	50743
1780039613	0	50721
1780039613	1	51357
1780039613	2	50687
1780039613	3	50901
1780039613	4	50743
1780039613	5	51217
1780039613	6	50925
1780039613	7	50743
1780039619	0	50721
1780039619	1	51357
1780039619	2	50687
1780039619	3	50901
1780039619	4	50743
1780039619	5	51217
1780039619	6	50925
1780039619	7	50743
1780039624	0	50721
1780039624	1	51357
1780039624	2	50687
1780039624	3	50901
1780039624	4	50743
1780039624	5	51217
1780039624	6	50925
1780039624	7	50743
1780039629	0	50721
1780039629	1	51357
1780039629	2	50687
1780039629	3	50901
1780039629	4	50743
1780039629	5	51217
1780039629	6	50925
1780039629	7	50743
1780039635	0	50721
1780039635	1	51357
1780039635	2	50687
1780039635	3	50901
1780039635	4	50743
1780039635	5	51217
1780039635	6	50925
1780039635	7	50743
1780039640	0	50721
1780039640	1	51357
1780039640	2	50687
1780039640	3	50901
1780039640	4	50743
1780039640	5	51217
1780039640	6	50925
1780039640	7	50743
1780039645	0	50721
1780039645	1	51357
1780039645	2	50687
1780039645	3	50901
1780039645	4	50743
1780039645	5	51217
1780039645	6	50925
1780039645	7	50743
1780039651	0	50721
1780039651	1	51357
1780039651	2	50687
1780039651	3	50901
1780039651	4	50743
1780039651	5	51217
1780039651	6	50925
1780039651	7	50743
1780039656	0	50721
1780039656	1	51357
1780039656	2	50687
1780039656	3	50901
1780039656	4	50743
1780039656	5	51217
1780039656	6	50925
1780039656	7	50743
1780039661	0	50721
1780039661	1	51357
1780039661	2	50687
1780039661	3	50901
1780039661	4	50743
1780039661	5	51217
1780039661	6	50925
1780039661	7	50743
1780039666	0	50721
1780039666	1	51357
1780039666	2	50687
1780039666	3	50901
1780039666	4	50743
1780039666	5	51217
1780039666	6	50925
1780039666	7	50743
1780039672	0	50721
1780039672	1	51357
1780039672	2	50687
1780039672	3	50901
1780039672	4	50743
1780039672	5	51217
1780039672	6	50925
1780039672	7	50743
1780039677	0	50721
1780039677	1	51357
1780039677	2	50687
1780039677	3	50901
1780039677	4	50743
1780039677	5	51217
1780039677	6	50925
1780039677	7	50743
1780039682	0	50721
1780039682	1	51357
1780039682	2	50687
1780039682	3	50901
1780039682	4	50743
1780039682	5	51217
1780039682	6	50925
1780039682	7	50743
1780039688	0	50721
1780039688	1	51357
1780039688	2	50687
1780039688	3	50901
1780039688	4	50743
1780039688	5	51217
1780039688	6	50925
1780039688	7	50743
1780039693	0	50721
1780039693	1	51357
1780039693	2	50687
1780039693	3	50901
1780039693	4	50743
1780039693	5	51217
1780039693	6	50925
1780039693	7	50743
1780039698	0	50721
1780039698	1	51357
1780039698	2	50687
1780039698	3	50901
1780039698	4	50743
1780039698	5	51217
1780039698	6	50925
1780039698	7	50743
1780039704	0	50721
1780039704	1	51357
1780039704	2	50687
1780039704	3	50901
1780039704	4	50743
1780039704	5	51217
1780039704	6	50925
1780039704	7	50743
1780039709	0	50721
1780039709	1	51357
1780039709	2	50687
1780039709	3	50901
1780039709	4	50743
1780039709	5	51217
1780039709	6	50925
1780039709	7	50743
1780039714	0	50721
1780039714	1	51357
1780039714	2	50687
1780039714	3	50901
1780039714	4	50743
1780039714	5	51217
1780039714	6	50925
1780039714	7	50743
1780039720	0	50721
1780039720	1	51357
1780039720	2	50687
1780039720	3	50901
1780039720	4	50743
1780039720	5	51217
1780039720	6	50925
1780039720	7	50743
1780039725	0	50721
1780039725	1	51357
1780039725	2	50687
1780039725	3	50901
1780039725	4	50743
1780039725	5	51217
1780039725	6	50925
1780039725	7	50743
1780039730	0	50721
1780039730	1	51357
1780039730	2	50687
1780039730	3	50901
1780039730	4	50743
1780039730	5	51217
1780039730	6	50925
1780039730	7	50743
1780039736	0	50721
1780039736	1	51357
1780039736	2	50687
1780039736	3	50901
1780039736	4	50743
1780039736	5	51217
1780039736	6	50925
1780039736	7	50743
1780039741	0	50721
1780039741	1	51357
1780039741	2	50687
1780039741	3	50901
1780039741	4	50743
1780039741	5	51217
1780039741	6	50925
1780039741	7	50743
1780039746	0	50721
1780039746	1	51357
1780039746	2	50687
1780039746	3	50901
1780039746	4	50743
1780039746	5	51217
1780039746	6	50925
1780039746	7	50743
1780039752	0	50721
1780039752	1	51357
1780039752	2	50687
1780039752	3	50901
1780039752	4	50743
1780039752	5	51217
1780039752	6	50925
1780039752	7	50743
1780039757	0	50721
1780039757	1	51357
1780039757	2	50687
1780039757	3	50901
1780039757	4	50743
1780039757	5	51217
1780039757	6	50925
1780039757	7	50743
1780039762	0	50721
1780039762	1	51357
1780039762	2	50687
1780039762	3	50901
1780039762	4	50743
1780039762	5	51217
1780039762	6	50925
1780039762	7	50743
1780039767	0	50721
1780039767	1	51357
1780039767	2	50687
1780039767	3	50901
1780039767	4	50743
1780039767	5	51217
1780039767	6	50925
1780039767	7	50743
1780039773	0	50721
1780039773	1	51357
1780039773	2	50687
1780039773	3	50901
1780039773	4	50743
1780039773	5	51217
1780039773	6	50925
1780039773	7	50743
1780039778	0	50721
1780039778	1	51357
1780039778	2	50687
1780039778	3	50901
1780039778	4	50743
1780039778	5	51217
1780039778	6	50925
1780039778	7	50743
1780039783	0	50721
1780039783	1	51357
1780039783	2	50687
1780039783	3	50901
1780039783	4	50743
1780039783	5	51217
1780039783	6	50925
1780039783	7	50743
1780039789	0	50721
1780039789	1	51357
1780039789	2	50687
1780039789	3	50901
1780039789	4	50743
1780039789	5	51217
1780039789	6	50925
1780039789	7	50743
1780039794	0	50721
1780039794	1	51357
1780039794	2	50687
1780039794	3	50901
1780039794	4	50743
1780039794	5	51217
1780039794	6	50925
1780039794	7	50743
1780039799	0	50721
1780039799	1	51357
1780039799	2	50687
1780039799	3	50901
1780039799	4	50743
1780039799	5	51217
1780039799	6	50925
1780039799	7	50743
1780039805	0	50721
1780039805	1	51357
1780039805	2	50687
1780039805	3	50901
1780039805	4	50743
1780039805	5	51217
1780039805	6	50925
1780039805	7	50743
1780039810	0	50721
1780039810	1	51357
1780039810	2	50687
1780039810	3	50901
1780039810	4	50743
1780039810	5	51217
1780039810	6	50925
1780039810	7	50743
1780039815	0	50721
1780039815	1	51357
1780039815	2	50687
1780039815	3	50901
1780039815	4	50743
1780039815	5	51217
1780039815	6	50925
1780039815	7	50743
1780039821	0	50721
1780039821	1	51357
1780039821	2	50687
1780039821	3	50901
1780039821	4	50743
1780039821	5	51217
1780039821	6	50925
1780039821	7	50743
1780039826	0	50721
1780039826	1	51357
1780039826	2	50687
1780039826	3	50901
1780039826	4	50743
1780039826	5	51217
1780039826	6	50925
1780039826	7	50743
1780039831	0	50721
1780039831	1	51357
1780039831	2	50687
1780039831	3	50901
1780039831	4	50743
1780039831	5	51217
1780039831	6	50925
1780039831	7	50743
1780039837	0	50721
1780039837	1	51357
1780039837	2	50687
1780039837	3	50901
1780039837	4	50743
1780039837	5	51217
1780039837	6	50925
1780039837	7	50743
1780039842	0	50721
1780039842	1	51357
1780039842	2	50687
1780039842	3	50901
1780039842	4	50743
1780039842	5	51217
1780039842	6	50925
1780039842	7	50743
1780039847	0	50721
1780039847	1	51357
1780039847	2	50687
1780039847	3	50901
1780039847	4	50743
1780039847	5	51217
1780039847	6	50925
1780039847	7	50743
1780039852	0	50721
1780039852	1	51357
1780039852	2	50687
1780039852	3	50901
1780039852	4	50743
1780039852	5	51217
1780039852	6	50925
1780039852	7	50743
1780039858	0	50721
1780039858	1	51357
1780039858	2	50687
1780039858	3	50901
1780039858	4	50743
1780039858	5	51217
1780039858	6	50925
1780039858	7	50743
1780039863	0	50721
1780039863	1	51357
1780039863	2	50687
1780039863	3	50901
1780039863	4	50743
1780039863	5	51217
1780039863	6	50925
1780039863	7	50743
1780039868	0	50721
1780039868	1	51357
1780039868	2	50687
1780039868	3	50901
1780039868	4	50743
1780039868	5	51217
1780039868	6	50925
1780039868	7	50743
1780039874	0	50721
1780039874	1	51357
1780039874	2	50687
1780039874	3	50901
1780039874	4	50743
1780039874	5	51217
1780039874	6	50925
1780039874	7	50743
1780039879	0	50721
1780039879	1	51357
1780039879	2	50687
1780039879	3	50901
1780039879	4	50743
1780039879	5	51217
1780039879	6	50925
1780039879	7	50743
1780039884	0	50721
1780039884	1	51357
1780039884	2	50687
1780039884	3	50901
1780039884	4	50743
1780039884	5	51217
1780039884	6	50925
1780039884	7	50743
1780039890	0	50721
1780039890	1	51357
1780039890	2	50687
1780039890	3	50901
1780039890	4	50743
1780039890	5	51217
1780039890	6	50925
1780039890	7	50743
1780039895	0	50721
1780039895	1	51357
1780039895	2	50687
1780039895	3	50901
1780039895	4	50743
1780039895	5	51217
1780039895	6	50925
1780039895	7	50743
1780039900	0	50721
1780039900	1	51357
1780039900	2	50687
1780039900	3	50901
1780039900	4	50743
1780039900	5	51217
1780039900	6	50925
1780039900	7	50743
1780039906	0	50721
1780039906	1	51357
1780039906	2	50687
1780039906	3	50901
1780039906	4	50743
1780039906	5	51217
1780039906	6	50925
1780039906	7	50743
1780039911	0	50721
1780039911	1	51357
1780039911	2	50687
1780039911	3	50901
1780039911	4	50743
1780039911	5	51217
1780039911	6	50925
1780039911	7	50743
1780039916	0	50721
1780039916	1	51357
1780039916	2	50687
1780039916	3	50901
1780039916	4	50743
1780039916	5	51217
1780039916	6	50925
1780039916	7	50743
1780039921	0	50721
1780039921	1	51357
1780039921	2	50687
1780039921	3	50901
1780039921	4	50743
1780039921	5	51217
1780039921	6	50925
1780039921	7	50743
1780039927	0	50721
1780039927	1	51357
1780039927	2	50687
1780039927	3	50901
1780039927	4	50743
1780039927	5	51217
1780039927	6	50925
1780039927	7	50743
1780039932	0	50721
1780039932	1	51357
1780039932	2	50687
1780039932	3	50901
1780039932	4	50743
1780039932	5	51217
1780039932	6	50925
1780039932	7	50743
1780039937	0	50721
1780039937	1	51357
1780039937	2	50687
1780039937	3	50901
1780039937	4	50743
1780039937	5	51217
1780039937	6	50925
1780039937	7	50743
1780039943	0	50721
1780039943	1	51357
1780039943	2	50687
1780039943	3	50901
1780039943	4	50743
1780039943	5	51217
1780039943	6	50925
1780039943	7	50743
1780039948	0	50721
1780039948	1	51357
1780039948	2	50687
1780039948	3	50901
1780039948	4	50743
1780039948	5	51217
1780039948	6	50925
1780039948	7	50743
1780039953	0	50721
1780039953	1	51357
1780039953	2	50687
1780039953	3	50901
1780039953	4	50743
1780039953	5	51217
1780039953	6	50925
1780039953	7	50743
1780039959	0	50721
1780039959	1	51357
1780039959	2	50687
1780039959	3	50901
1780039959	4	50743
1780039959	5	51217
1780039959	6	50925
1780039959	7	50743
1780039964	0	50721
1780039964	1	51357
1780039964	2	50687
1780039964	3	50901
1780039964	4	50743
1780039964	5	51217
1780039964	6	50925
1780039964	7	50743
1780039969	0	50721
1780039969	1	51357
1780039969	2	50687
1780039969	3	50901
1780039969	4	50743
1780039969	5	51217
1780039969	6	50925
1780039969	7	50743
1780039975	0	50721
1780039975	1	51357
1780039975	2	50687
1780039975	3	50901
1780039975	4	50743
1780039975	5	51217
1780039975	6	50925
1780039975	7	50743
1780039980	0	50721
1780039980	1	51357
1780039980	2	50687
1780039980	3	50901
1780039980	4	50743
1780039980	5	51217
1780039980	6	50925
1780039980	7	50743
1780039985	0	50721
1780039985	1	51357
1780039985	2	50687
1780039985	3	50901
1780039985	4	50743
1780039985	5	51217
1780039985	6	50925
1780039985	7	50743
1780039990	0	50721
1780039990	1	51357
1780039990	2	50687
1780039990	3	50901
1780039990	4	50743
1780039990	5	51217
1780039990	6	50925
1780039990	7	50743
1780039996	0	50721
1780039996	1	51357
1780039996	2	50687
1780039996	3	50901
1780039996	4	50743
1780039996	5	51217
1780039996	6	50925
1780039996	7	50743
1780040001	0	50721
1780040001	1	51357
1780040001	2	50687
1780040001	3	50901
1780040001	4	50743
1780040001	5	51217
1780040001	6	50925
1780040001	7	50743
1780040006	0	50721
1780040006	1	51357
1780040006	2	50687
1780040006	3	50901
1780040006	4	50743
1780040006	5	51217
1780040006	6	50925
1780040006	7	50743
1780040012	0	50721
1780040012	1	51357
1780040012	2	50687
1780040012	3	50901
1780040012	4	50743
1780040012	5	51217
1780040012	6	50925
1780040012	7	50743
1780040017	0	50721
1780040017	1	51357
1780040017	2	50687
1780040017	3	50901
1780040017	4	50743
1780040017	5	51217
1780040017	6	50925
1780040017	7	50743
1780040023	0	50721
1780040023	1	51357
1780040023	2	50687
1780040023	3	50901
1780040023	4	50743
1780040023	5	51217
1780040023	6	50925
1780040023	7	50743
1780040028	0	50721
1780040028	1	51357
1780040028	2	50687
1780040028	3	50901
1780040028	4	50743
1780040028	5	51217
1780040028	6	50925
1780040028	7	50743
1780040033	0	50721
1780040033	1	51357
1780040033	2	50687
1780040033	3	50901
1780040033	4	50743
1780040033	5	51217
1780040033	6	50925
1780040033	7	50743
1780040039	0	50721
1780040039	1	51357
1780040039	2	50687
1780040039	3	50901
1780040039	4	50743
1780040039	5	51217
1780040039	6	50925
1780040039	7	50743
1780040044	0	50721
1780040044	1	51357
1780040044	2	50687
1780040044	3	50901
1780040044	4	50743
1780040044	5	51217
1780040044	6	50925
1780040044	7	50743
1780040049	0	50721
1780040049	1	51357
1780040049	2	50687
1780040049	3	50901
1780040049	4	50743
1780040049	5	51217
1780040049	6	50925
1780040049	7	50743
1780040054	0	50721
1780040054	1	51357
1780040054	2	50687
1780040054	3	50901
1780040054	4	50743
1780040054	5	51217
1780040054	6	50925
1780040054	7	50743
1780040060	0	50721
1780040060	1	51357
1780040060	2	50687
1780040060	3	50901
1780040060	4	50743
1780040060	5	51217
1780040060	6	50925
1780040060	7	50743
1780040065	0	50721
1780040065	1	51357
1780040065	2	50687
1780040065	3	50901
1780040065	4	50743
1780040065	5	51217
1780040065	6	50925
1780040065	7	50743
1780040070	0	50721
1780040070	1	51357
1780040070	2	50687
1780040070	3	50901
1780040070	4	50743
1780040070	5	51217
1780040070	6	50925
1780040070	7	50743
1780040076	0	50721
1780040076	1	51357
1780040076	2	50687
1780040076	3	50901
1780040076	4	50743
1780040076	5	51217
1780040076	6	50925
1780040076	7	50743
1780040081	0	50721
1780040081	1	51357
1780040081	2	50687
1780040081	3	50901
1780040081	4	50743
1780040081	5	51217
1780040081	6	50925
1780040081	7	50743
1780040086	0	50721
1780040086	1	51357
1780040086	2	50687
1780040086	3	50901
1780040086	4	50743
1780040086	5	51217
1780040086	6	50925
1780040086	7	50743
1780040092	0	50721
1780040092	1	51357
1780040092	2	50687
1780040092	3	50901
1780040092	4	50743
1780040092	5	51217
1780040092	6	50925
1780040092	7	50743
1780040097	0	50721
1780040097	1	51357
1780040097	2	50687
1780040097	3	50901
1780040097	4	50743
1780040097	5	51217
1780040097	6	50925
1780040097	7	50743
1780040102	0	50721
1780040102	1	51357
1780040102	2	50687
1780040102	3	50901
1780040102	4	50743
1780040102	5	51217
1780040102	6	50925
1780040102	7	50743
1780040107	0	50721
1780040107	1	51357
1780040107	2	50687
1780040107	3	50901
1780040107	4	50743
1780040107	5	51217
1780040107	6	50925
1780040107	7	50743
1780040113	0	50721
1780040113	1	51357
1780040113	2	50687
1780040113	3	50901
1780040113	4	50743
1780040113	5	51217
1780040113	6	50925
1780040113	7	50743
1780040118	0	50721
1780040118	1	51357
1780040118	2	50687
1780040118	3	50901
1780040118	4	50743
1780040118	5	51217
1780040118	6	50925
1780040118	7	50743
1780040123	0	50721
1780040123	1	51357
1780040123	2	50687
1780040123	3	50901
1780040123	4	50743
1780040123	5	51217
1780040123	6	50925
1780040123	7	50743
1780040129	0	50721
1780040129	1	51357
1780040129	2	50687
1780040129	3	50901
1780040129	4	50743
1780040129	5	51217
1780040129	6	50925
1780040129	7	50743
1780040134	0	50721
1780040134	1	51357
1780040134	2	50687
1780040134	3	50901
1780040134	4	50743
1780040134	5	51217
1780040134	6	50925
1780040134	7	50743
1780040139	0	50721
1780040139	1	51357
1780040139	2	50687
1780040139	3	50901
1780040139	4	50743
1780040139	5	51217
1780040139	6	50925
1780040139	7	50743
1780040145	0	50721
1780040145	1	51357
1780040145	2	50687
1780040145	3	50901
1780040145	4	50743
1780040145	5	51217
1780040145	6	50925
1780040145	7	50743
1780040150	0	50721
1780040150	1	51357
1780040150	2	50687
1780040150	3	50901
1780040150	4	50743
1780040150	5	51217
1780040150	6	50925
1780040150	7	50743
1780040155	0	50721
1780040155	1	51357
1780040155	2	50687
1780040155	3	50901
1780040155	4	50743
1780040155	5	51217
1780040155	6	50925
1780040155	7	50743
1780040160	0	50721
1780040160	1	51357
1780040160	2	50687
1780040160	3	50901
1780040160	4	50743
1780040160	5	51217
1780040160	6	50925
1780040160	7	50743
1780040166	0	50721
1780040166	1	51357
1780040166	2	50687
1780040166	3	50901
1780040166	4	50743
1780040166	5	51217
1780040166	6	50925
1780040166	7	50743
1780040171	0	50721
1780040171	1	51357
1780040171	2	50687
1780040171	3	50901
1780040171	4	50743
1780040171	5	51217
1780040171	6	50925
1780040171	7	50743
1780040177	0	50721
1780040177	1	51357
1780040177	2	50687
1780040177	3	50901
1780040177	4	50743
1780040177	5	51217
1780040177	6	50925
1780040177	7	50743
1780040182	0	50721
1780040182	1	51357
1780040182	2	50687
1780040182	3	50901
1780040182	4	50743
1780040182	5	51217
1780040182	6	50925
1780040182	7	50743
1780040187	0	50721
1780040187	1	51357
1780040187	2	50687
1780040187	3	50901
1780040187	4	50743
1780040187	5	51217
1780040187	6	50925
1780040187	7	50743
1780040193	0	50721
1780040193	1	51357
1780040193	2	50687
1780040193	3	50901
1780040193	4	50743
1780040193	5	51217
1780040193	6	50925
1780040193	7	50743
1780040198	0	50721
1780040198	1	51357
1780040198	2	50687
1780040198	3	50901
1780040198	4	50743
1780040198	5	51217
1780040198	6	50925
1780040198	7	50743
1780040203	0	50721
1780040203	1	51357
1780040203	2	50687
1780040203	3	50901
1780040203	4	50743
1780040203	5	51217
1780040203	6	50925
1780040203	7	50743
1780040208	0	35149
1780040208	1	35725
1780040208	2	35213
1780040208	3	35149
1780040208	4	35129
1780040208	5	35705
1780040208	6	35213
1780040208	7	35129
1780040214	0	35149
1780040214	1	35725
1780040214	2	35213
1780040214	3	35149
1780040214	4	35129
1780040214	5	35705
1780040214	6	35213
1780040214	7	35129
1780040219	0	35149
1780040219	1	35725
1780040219	2	35213
1780040219	3	35149
1780040219	4	35129
1780040219	5	35705
1780040219	6	35213
1780040219	7	35129
1780040224	0	35149
1780040224	1	35725
1780040224	2	35213
1780040224	3	35149
1780040224	4	35129
1780040224	5	35705
1780040224	6	35213
1780040224	7	35129
1780040230	0	35149
1780040230	1	35725
1780040230	2	35213
1780040230	3	35149
1780040230	4	35129
1780040230	5	35705
1780040230	6	35213
1780040230	7	35129
1780040235	0	35149
1780040235	1	35725
1780040235	2	35213
1780040235	3	35149
1780040235	4	35129
1780040235	5	35705
1780040235	6	35213
1780040235	7	35129
1780040240	0	35149
1780040240	1	35725
1780040240	2	35213
1780040240	3	35149
1780040240	4	35129
1780040240	5	35705
1780040240	6	35213
1780040240	7	35129
1780040246	0	35149
1780040246	1	35725
1780040246	2	35213
1780040246	3	35149
1780040246	4	35129
1780040246	5	35705
1780040246	6	35213
1780040246	7	35129
1780040251	0	35149
1780040251	1	35725
1780040251	2	35213
1780040251	3	35149
1780040251	4	35129
1780040251	5	35705
1780040251	6	35213
1780040251	7	35129
1780040256	0	35149
1780040256	1	35725
1780040256	2	35213
1780040256	3	35149
1780040256	4	35129
1780040256	5	35705
1780040256	6	35213
1780040256	7	35129
1780040262	0	35149
1780040262	1	35725
1780040262	2	35213
1780040262	3	35149
1780040262	4	35129
1780040262	5	35705
1780040262	6	35213
1780040262	7	35129
1780040267	0	30100
1780040267	1	30100
1780040267	2	30100
1780040267	3	30100
1780040267	4	30080
1780040267	5	30080
1780040267	6	30100
1780040267	7	30080
1780040273	0	862
1780040273	1	862
1780040273	2	860
1780040273	3	860
1780040273	4	860
1780040273	5	860
1780040273	6	862
1780040273	7	862
1780040278	0	859
1780040278	1	859
1780040278	2	859
1780040278	3	859
1780040278	4	859
1780040278	5	859
1780040278	6	859
1780040278	7	859
1780040284	0	858
1780040284	1	858
1780040284	2	858
1780040284	3	858
1780040284	4	858
1780040284	5	858
1780040284	6	858
1780040284	7	858
